,checkpoint,ds_path,ds_name,num_labels,num_clients,clients_per_round,alpha,batch_size,local_epochs,max_epochs,total_rounds,fda,threshold,theta,extras,server_opt_name,server_opt_lr,server_opt_momentum,client_opt_name,client_opt_lr,round,accuracy_m,testing_loss_m,accuracy_mm,testing_loss_mm,training_loss,variance,avg_norm_sq_drifts,norm_sq_avg_drift,round_steps
0,microsoft/deberta-v3-base,glue,mnli,3,1000,10,1.0,8,1,10,200,False,False,0.0,,SGD,1.0,0.9,SGD,0.001,1,0.3273560876209883,1.124546275502215,0.3295362082994304,1.1240885834852983,0.7651733659207821,0.02008342742919922,0.023541007190942764,0.00345758069306612,50
1,microsoft/deberta-v3-base,glue,mnli,3,1000,10,1.0,8,1,10,200,False,False,0.0,,SGD,1.0,0.9,SGD,0.001,2,0.3544574630667346,1.2952139421313782,0.3522172497965826,1.295990691813538,0.8137608500421047,0.012462154030799866,0.01539940107613802,0.002937247045338154,50
2,microsoft/deberta-v3-base,glue,mnli,3,1000,10,1.0,8,1,10,200,False,False,0.0,,SGD,1.0,0.9,SGD,0.001,3,0.3544574630667346,1.3831747597859172,0.3522172497965826,1.3854278241647173,0.8072472714185714,0.019046537578105927,0.023764705285429955,0.004718167707324028,50
3,microsoft/deberta-v3-base,glue,mnli,3,1000,10,1.0,8,1,10,200,False,False,0.0,,SGD,1.0,0.9,SGD,0.001,4,0.3544574630667346,1.1749569245150349,0.3522172497965826,1.1773203510497041,0.7608988800048828,0.02130185440182686,0.03403296694159508,0.012731111608445644,50
4,microsoft/deberta-v3-base,glue,mnli,3,1000,10,1.0,8,1,10,200,False,False,0.0,,SGD,1.0,0.9,SGD,0.001,5,0.31818644931227713,1.569432357485545,0.318246541903987,1.5616087329106374,0.5959687939137222,0.019984891638159752,0.026954470202326775,0.006969578098505735,50
5,microsoft/deberta-v3-base,glue,mnli,3,1000,10,1.0,8,1,10,200,False,False,0.0,,SGD,1.0,0.9,SGD,0.001,6,0.31818644931227713,2.3727275452044503,0.318246541903987,2.3527408266474894,0.6336496035456658,0.013078580610454082,0.014407786540687084,0.0013292061630636454,50
6,microsoft/deberta-v3-base,glue,mnli,3,1000,10,1.0,8,1,10,200,False,False,0.0,,SGD,1.0,0.9,SGD,0.001,7,0.3066734589913398,1.658208043330456,0.30339707078925954,1.6446524809491256,0.6543223489299417,0.01227533258497715,0.023381752893328667,0.011106420308351517,50
7,microsoft/deberta-v3-base,glue,mnli,3,1000,10,1.0,8,1,10,200,False,False,0.0,,SGD,1.0,0.9,SGD,0.001,8,0.3273560876209883,1.4055935520900393,0.3295362082994304,1.4006105322387763,0.8261536480933429,0.008272873237729073,0.013560106046497822,0.005287232808768749,50
8,microsoft/deberta-v3-base,glue,mnli,3,1000,10,1.0,8,1,10,200,False,False,0.0,,SGD,1.0,0.9,SGD,0.001,9,0.3544574630667346,2.3672757145585135,0.3522172497965826,2.3649216018574717,0.7495596603527664,0.006632642820477486,0.014262105338275433,0.007629462517797947,50
9,microsoft/deberta-v3-base,glue,mnli,3,1000,10,1.0,8,1,10,200,False,False,0.0,,SGD,1.0,0.9,SGD,0.001,10,0.3544574630667346,2.1147299603708603,0.3522172497965826,2.116361935416114,0.6425422403179109,0.012107308954000473,0.03629085049033165,0.024183541536331177,50
10,microsoft/deberta-v3-base,glue,mnli,3,1000,10,1.0,8,1,10,200,False,False,0.0,,SGD,1.0,0.9,SGD,0.001,11,0.31818644931227713,1.3511710985462746,0.318246541903987,1.3438734076583745,0.7397441461458802,0.00858204998075962,0.03799857571721077,0.02941652573645115,50
11,microsoft/deberta-v3-base,glue,mnli,3,1000,10,1.0,8,1,10,200,False,False,0.0,,SGD,1.0,0.9,SGD,0.001,12,0.3273560876209883,1.7969987210745528,0.3295362082994304,1.778861190459901,0.6111320088244974,0.011117220856249332,0.015563176944851875,0.004445956088602543,50
12,microsoft/deberta-v3-base,glue,mnli,3,1000,10,1.0,8,1,10,200,False,False,0.0,,SGD,1.0,0.9,SGD,0.001,13,0.3273560876209883,1.4035015984483141,0.3295362082994304,1.3905721214168725,0.7282310630083084,0.011668786406517029,0.025166040286421776,0.013497253879904747,50
13,microsoft/deberta-v3-base,glue,mnli,3,1000,10,1.0,8,1,10,200,False,False,0.0,,SGD,1.0,0.9,SGD,0.001,14,0.3544574630667346,1.62721940705032,0.3522172497965826,1.6320015611786296,0.6367208626046776,0.010147761553525925,0.018137050792574883,0.007989289239048958,50
14,microsoft/deberta-v3-base,glue,mnli,3,1000,10,1.0,8,1,10,200,False,False,0.0,,SGD,1.0,0.9,SGD,0.001,15,0.3544574630667346,2.1163784781897466,0.3522172497965826,2.123697990368206,0.6999686604589224,0.010091867297887802,0.01760917901992798,0.007517311722040176,50
15,microsoft/deberta-v3-base,glue,mnli,3,1000,10,1.0,8,1,10,200,False,False,0.0,,SGD,1.0,0.9,SGD,0.001,16,0.3544574630667346,1.5066415212119413,0.3522172497965826,1.5163091335527483,0.7217947017103434,0.01072910986840725,0.02218443714082241,0.011455327272415161,50
16,microsoft/deberta-v3-base,glue,mnli,3,1000,10,1.0,8,1,10,200,False,False,0.0,,SGD,1.0,0.9,SGD,0.001,17,0.31818644931227713,1.2935050660842982,0.318246541903987,1.2918774739720165,0.5820417801663279,0.010774470865726471,0.012445942498743534,0.0016714711673557758,50
17,microsoft/deberta-v3-base,glue,mnli,3,1000,10,1.0,8,1,10,200,False,False,0.0,,SGD,1.0,0.9,SGD,0.001,18,0.3183902190524707,1.612065549948979,0.318246541903987,1.5910226128467997,0.5167907138392329,0.012847463600337505,0.014564434997737408,0.0017169717466458678,50
18,microsoft/deberta-v3-base,glue,mnli,3,1000,10,1.0,8,1,10,200,False,False,0.0,,SGD,1.0,0.9,SGD,0.001,19,0.33438614365766683,1.842868949206942,0.34367371847030104,1.7831975609379342,0.4840392875336111,0.012338833883404732,0.015227675437927246,0.0028888415545225143,50
19,microsoft/deberta-v3-base,glue,mnli,3,1000,10,1.0,8,1,10,200,False,False,0.0,,SGD,1.0,0.9,SGD,0.001,20,0.4453387671930718,1.0604192402757273,0.47731895850284783,1.0144972788841382,0.8051947073042391,0.008179357275366783,0.016863368451595306,0.008684011176228523,50
20,microsoft/deberta-v3-base,glue,mnli,3,1000,10,1.0,8,1,10,200,False,False,0.0,,SGD,1.0,0.9,SGD,0.001,21,0.5318390219052471,1.0807960727468389,0.5324450772986168,1.091653006598414,0.5497256955057382,0.00686459569260478,0.009127001278102398,0.0022624055854976177,50
21,microsoft/deberta-v3-base,glue,mnli,3,1000,10,1.0,8,1,10,200,False,False,0.0,,SGD,1.0,0.9,SGD,0.001,22,0.5506877228731534,1.1916589156315398,0.5532953620829943,1.2115653151929668,0.48854419325292103,0.009974968619644642,0.014503585174679756,0.004528616555035114,50
22,microsoft/deberta-v3-base,glue,mnli,3,1000,10,1.0,8,1,10,200,False,False,0.0,,SGD,1.0,0.9,SGD,0.001,23,0.6526744778400407,0.8141589960130425,0.649206672091131,0.8333346045919314,0.38594946880266073,0.0100949015468359,0.012325371615588665,0.0022304703015834093,50
23,microsoft/deberta-v3-base,glue,mnli,3,1000,10,1.0,8,1,10,200,False,False,0.0,,SGD,1.0,0.9,SGD,0.001,24,0.6884360672440143,0.7326374965755553,0.7018917819365338,0.7012150736481703,0.34946834978368135,0.012335077859461308,0.01400004979223013,0.0016649718163534999,50
24,microsoft/deberta-v3-base,glue,mnli,3,1000,10,1.0,8,1,10,200,False,False,0.0,,SGD,1.0,0.9,SGD,0.001,25,0.6233316352521651,0.8553673579450924,0.6395443449959316,0.8054631975205863,0.42994048675335944,0.015632430091500282,0.0181130301207304,0.002480600029230118,50
25,microsoft/deberta-v3-base,glue,mnli,3,1000,10,1.0,8,1,10,200,False,False,0.0,,SGD,1.0,0.9,SGD,0.001,26,0.7057564951604687,0.6862290561709252,0.7260984540276648,0.6620200412655575,0.35527305158413947,0.014514125883579254,0.01763385348021984,0.0031197278294712305,50
26,microsoft/deberta-v3-base,glue,mnli,3,1000,10,1.0,8,1,10,200,False,False,0.0,,SGD,1.0,0.9,SGD,0.001,27,0.7146204788588895,0.6834826377549109,0.7376932465419039,0.6630580442843154,0.36173511702334504,0.009377827867865562,0.010576731525361538,0.0011989036574959755,50
27,microsoft/deberta-v3-base,glue,mnli,3,1000,10,1.0,8,1,10,200,False,False,0.0,,SGD,1.0,0.9,SGD,0.001,28,0.7007641365257259,0.6952330762096897,0.7300650935720098,0.6560402365903043,0.3278048594570719,0.009043756872415543,0.010872150771319866,0.0018283934332430363,50
28,microsoft/deberta-v3-base,glue,mnli,3,1000,10,1.0,8,1,10,200,False,False,0.0,,SGD,1.0,0.9,SGD,0.001,29,0.782475802343352,0.5387567157926191,0.7876322213181448,0.5259445240043643,0.2679278759011067,0.010627813637256622,0.014364858157932758,0.003737044520676136,50
29,microsoft/deberta-v3-base,glue,mnli,3,1000,10,1.0,8,1,10,200,False,False,0.0,,SGD,1.0,0.9,SGD,0.001,30,0.7105450840550178,0.7191935484749193,0.7394222945484134,0.6496448466119313,0.3043976608291269,0.01898900605738163,0.021980220451951027,0.002991214394569397,50
30,microsoft/deberta-v3-base,glue,mnli,3,1000,10,1.0,8,1,10,200,False,False,0.0,,SGD,1.0,0.9,SGD,0.001,31,0.7118695873662761,0.7561248947654493,0.7445077298616761,0.6611957830461037,0.30996079165115953,0.01225781999528408,0.014106124639511108,0.0018483042949810624,50
31,microsoft/deberta-v3-base,glue,mnli,3,1000,10,1.0,8,1,10,200,False,False,0.0,,SGD,1.0,0.9,SGD,0.001,32,0.7934793683138054,0.5480216519805408,0.8127542717656632,0.48610391104980344,0.32565426897257566,0.011664237827062607,0.014039168134331703,0.0023749300744384527,50
32,microsoft/deberta-v3-base,glue,mnli,3,1000,10,1.0,8,1,10,200,False,False,0.0,,SGD,1.0,0.9,SGD,0.001,33,0.7652572592969944,0.611379469961183,0.78966639544345,0.5694048427639452,0.27604174069315196,0.009782208129763603,0.010852164588868618,0.0010699564591050148,50
33,microsoft/deberta-v3-base,glue,mnli,3,1000,10,1.0,8,1,10,200,False,False,0.0,,SGD,1.0,0.9,SGD,0.001,34,0.7288843606724401,0.7478542580210832,0.7497965825874695,0.7149585315168049,0.28743827096372854,0.010715177282691002,0.011705166660249233,0.0009899898432195187,50
34,microsoft/deberta-v3-base,glue,mnli,3,1000,10,1.0,8,1,10,200,False,False,0.0,,SGD,1.0,0.9,SGD,0.001,35,0.8192562404482935,0.4806162580671647,0.8289259560618389,0.4782618004601355,0.30602576076192783,0.01127609983086586,0.013905319385230541,0.002629219787195325,50
35,microsoft/deberta-v3-base,glue,mnli,3,1000,10,1.0,8,1,10,200,False,False,0.0,,SGD,1.0,0.9,SGD,0.001,36,0.8302598064187469,0.4408114455039169,0.8298413344182262,0.43522839492036863,0.3474023900814355,0.009424159303307533,0.011578484438359737,0.002154325135052204,50
36,microsoft/deberta-v3-base,glue,mnli,3,1000,10,1.0,8,1,10,200,False,False,0.0,,SGD,1.0,0.9,SGD,0.001,37,0.8064187468160978,0.5039143480349881,0.8147884458909682,0.4827916077387415,0.3518727156156674,0.011242110282182693,0.012870482169091702,0.0016283716540783644,50
37,microsoft/deberta-v3-base,glue,mnli,3,1000,10,1.0,8,1,10,200,False,False,0.0,,SGD,1.0,0.9,SGD,0.001,38,0.7771777890983189,0.5981552788172564,0.7918022782750204,0.5543780404092263,0.25338711563311517,0.008158164098858833,0.009156480431556702,0.0009983167983591557,50
38,microsoft/deberta-v3-base,glue,mnli,3,1000,10,1.0,8,1,10,200,False,False,0.0,,SGD,1.0,0.9,SGD,0.001,39,0.8308711156393276,0.46159108479058686,0.8402156224572823,0.4284274594296009,0.29630925205349923,0.009496446698904037,0.011932126246392727,0.002435679780319333,50
39,microsoft/deberta-v3-base,glue,mnli,3,1000,10,1.0,8,1,10,200,False,False,0.0,,SGD,1.0,0.9,SGD,0.001,40,0.7771777890983189,0.6349069265399763,0.7883441822620016,0.610522246138292,0.2053688470404595,0.009465419687330723,0.010439577512443066,0.000974157708697021,50
40,microsoft/deberta-v3-base,glue,mnli,3,1000,10,1.0,8,1,10,200,False,False,0.0,,SGD,1.0,0.9,SGD,0.001,41,0.7541518084564443,0.7126763281605973,0.7635272579332791,0.6876168858496347,0.2129430750287138,0.010891936719417572,0.013206161558628082,0.0023142253048717976,50
41,microsoft/deberta-v3-base,glue,mnli,3,1000,10,1.0,8,1,10,200,False,False,0.0,,SGD,1.0,0.9,SGD,0.001,42,0.8534895568008151,0.40251582029208044,0.8596419853539463,0.3766558099336516,0.28189389570849016,0.00989031232893467,0.012976296246051788,0.003085984382778406,50
42,microsoft/deberta-v3-base,glue,mnli,3,1000,10,1.0,8,1,10,200,False,False,0.0,,SGD,1.0,0.9,SGD,0.001,43,0.8261844116148752,0.4749467970139993,0.8408258746948739,0.43604338685985716,0.2564230270069093,0.010395767167210579,0.01176049280911684,0.001364725991152227,50
43,microsoft/deberta-v3-base,glue,mnli,3,1000,10,1.0,8,1,10,200,False,False,0.0,,SGD,1.0,0.9,SGD,0.001,44,0.7781966377992868,0.6044691225996556,0.7875305126118796,0.5758035049187982,0.22139835798414426,0.009273163974285126,0.010172375477850437,0.0008992110379040241,50
44,microsoft/deberta-v3-base,glue,mnli,3,1000,10,1.0,8,1,10,200,False,False,0.0,,SGD,1.0,0.9,SGD,0.001,45,0.853998981151299,0.37898100243415306,0.8550650935720098,0.37791721373068987,0.3243888593390584,0.009869895875453949,0.014044158160686493,0.004174261819571257,50
45,microsoft/deberta-v3-base,glue,mnli,3,1000,10,1.0,8,1,10,200,False,False,0.0,,SGD,1.0,0.9,SGD,0.001,46,0.8518593988792664,0.3922840975203719,0.858319772172498,0.3838340483599799,0.2716562370583415,0.009309601970016956,0.01061509270220995,0.0013054906157776713,50
46,microsoft/deberta-v3-base,glue,mnli,3,1000,10,1.0,8,1,10,200,False,False,0.0,,SGD,1.0,0.9,SGD,0.001,47,0.7758532857870606,0.5956233024692805,0.7931244914564687,0.562431802998916,0.2584810471143574,0.008793987333774567,0.01004211325198412,0.0012481259182095528,50
47,microsoft/deberta-v3-base,glue,mnli,3,1000,10,1.0,8,1,10,200,False,False,0.0,,SGD,1.0,0.9,SGD,0.001,48,0.8414671421293938,0.4369870657867888,0.8480471928397071,0.408404609082347,0.2368889179383405,0.009459483437240124,0.012294911779463291,0.0028354283422231674,50
48,microsoft/deberta-v3-base,glue,mnli,3,1000,10,1.0,8,1,10,200,False,False,0.0,,SGD,1.0,0.9,SGD,0.001,49,0.8550178298522669,0.3937645505114892,0.8574043938161107,0.38741667609111663,0.20247427020175382,0.009800245985388756,0.01145419105887413,0.0016539450734853745,50
49,microsoft/deberta-v3-base,glue,mnli,3,1000,10,1.0,8,1,10,200,False,False,0.0,,SGD,1.0,0.9,SGD,0.001,50,0.832603158430973,0.4733565163437335,0.8300447518307568,0.48076837286019686,0.20670932489493862,0.008806922473013401,0.009890242479741573,0.001083320239558816,50
50,microsoft/deberta-v3-base,glue,mnli,3,1000,10,1.0,8,1,10,200,False,False,0.0,,SGD,1.0,0.9,SGD,0.001,51,0.8617422312786551,0.3701548651392103,0.8660496338486574,0.37308280765358587,0.24876233942294493,0.010015819221735,0.012179072014987469,0.002163252327591181,50
51,microsoft/deberta-v3-base,glue,mnli,3,1000,10,1.0,8,1,10,200,False,False,0.0,,SGD,1.0,0.9,SGD,0.001,52,0.8577687213448802,0.37583710214073035,0.8649308380797396,0.3631150168991906,0.24736810315772892,0.00986215379089117,0.010947982780635357,0.0010858287569135427,50
52,microsoft/deberta-v3-base,glue,mnli,3,1000,10,1.0,8,1,10,200,False,False,0.0,,SGD,1.0,0.9,SGD,0.001,53,0.8541008660213958,0.39430147506442365,0.8586248982912937,0.37086815549556296,0.24174370358511807,0.0076546622440218925,0.010021861642599106,0.0023671993985772133,50
53,microsoft/deberta-v3-base,glue,mnli,3,1000,10,1.0,8,1,10,200,False,False,0.0,,SGD,1.0,0.9,SGD,0.001,54,0.8374936321956189,0.4499389858166486,0.8466232709519935,0.42356070971375587,0.2154716157424264,0.00916485395282507,0.010166074149310589,0.001001220429316163,50
54,microsoft/deberta-v3-base,glue,mnli,3,1000,10,1.0,8,1,10,200,False,False,0.0,,SGD,1.0,0.9,SGD,0.001,55,0.8647987773815589,0.35155465613561815,0.8731692432872253,0.33942599797756257,0.28559438839764334,0.008653216063976288,0.012067938223481178,0.0034147221595048904,50
55,microsoft/deberta-v3-base,glue,mnli,3,1000,10,1.0,8,1,10,200,False,False,0.0,,SGD,1.0,0.9,SGD,0.001,56,0.8597045338767193,0.3621339675983279,0.8673718470301057,0.36026199230662054,0.26434513027267525,0.009175049141049385,0.010047504678368568,0.0008724558865651488,50
56,microsoft/deberta-v3-base,glue,mnli,3,1000,10,1.0,8,1,10,200,False,False,0.0,,SGD,1.0,0.9,SGD,0.001,57,0.8468670402445236,0.4163566388716555,0.8491659886086249,0.42454926611626775,0.1962289705853909,0.008074050769209862,0.008676677010953426,0.0006026263581588864,50
57,microsoft/deberta-v3-base,glue,mnli,3,1000,10,1.0,8,1,10,200,False,False,0.0,,SGD,1.0,0.9,SGD,0.001,58,0.8393275598573612,0.45574818114114785,0.8389951179820992,0.4773488207591396,0.24156034872960302,0.00841989554464817,0.009151333943009377,0.0007314382237382233,50
58,microsoft/deberta-v3-base,glue,mnli,3,1000,10,1.0,8,1,10,200,False,False,0.0,,SGD,1.0,0.9,SGD,0.001,59,0.8521650534895568,0.40752865756029216,0.8521155410903173,0.4249402998955701,0.18946176791843028,0.009189741685986519,0.010461769066751003,0.0012720277300104499,50
59,microsoft/deberta-v3-base,glue,mnli,3,1000,10,1.0,8,1,10,200,False,False,0.0,,SGD,1.0,0.9,SGD,0.001,60,0.8512480896586857,0.4149808152233415,0.8585231895850285,0.38266852511050586,0.2699596906504594,0.009404696524143219,0.013916435651481152,0.004511739127337933,50
60,microsoft/deberta-v3-base,glue,mnli,3,1000,10,1.0,8,1,10,200,False,False,0.0,,SGD,1.0,0.9,SGD,0.001,61,0.7898115129903209,0.6134074335885952,0.8141781936533767,0.5379818958488722,0.28298948583961464,0.0077890013344585896,0.012198491021990776,0.0044094896875321865,50
61,microsoft/deberta-v3-base,glue,mnli,3,1000,10,1.0,8,1,10,200,False,False,0.0,,SGD,1.0,0.9,SGD,0.001,62,0.8442180336220071,0.43470812249646357,0.8578112286411717,0.394508607871982,0.19075666368729433,0.009209231473505497,0.01272277720272541,0.003513545962050557,50
62,microsoft/deberta-v3-base,glue,mnli,3,1000,10,1.0,8,1,10,200,False,False,0.0,,SGD,1.0,0.9,SGD,0.001,63,0.8206826286296485,0.5030291627169554,0.8259764035801465,0.5085049802687495,0.23003603419149293,0.00739290239289403,0.01038054283708334,0.00298764044418931,50
63,microsoft/deberta-v3-base,glue,mnli,3,1000,10,1.0,8,1,10,200,False,False,0.0,,SGD,1.0,0.9,SGD,0.001,64,0.7884870096790627,0.6437993546000574,0.7786818551668023,0.6888280057941659,0.22867763950070366,0.007895093411207199,0.010669149458408356,0.002774055814370513,50
64,microsoft/deberta-v3-base,glue,mnli,3,1000,10,1.0,8,1,10,200,False,False,0.0,,SGD,1.0,0.9,SGD,0.001,65,0.7892002037697402,0.5977670542190661,0.7828519121236778,0.6335012039375788,0.23308786644763316,0.009567979723215103,0.01735040545463562,0.00778242526575923,50
65,microsoft/deberta-v3-base,glue,mnli,3,1000,10,1.0,8,1,10,200,False,False,0.0,,SGD,1.0,0.9,SGD,0.001,66,0.835048395313296,0.45289256440106695,0.8463181448331977,0.4203608825414815,0.2896684359312058,0.008497541770339012,0.01574699394404888,0.007249452639371157,50
66,microsoft/deberta-v3-base,glue,mnli,3,1000,10,1.0,8,1,10,200,False,False,0.0,,SGD,1.0,0.9,SGD,0.001,67,0.789302088639837,0.5792844973006623,0.8070585842148088,0.535094448419074,0.17235147221526131,0.008350640535354614,0.011252956464886665,0.0029023163951933384,50
67,microsoft/deberta-v3-base,glue,mnli,3,1000,10,1.0,8,1,10,200,False,False,0.0,,SGD,1.0,0.9,SGD,0.001,68,0.8325012735608762,0.4379213014943943,0.8423515052888527,0.4182854803685217,0.2673266462208703,0.007622578181326389,0.012607702985405922,0.004985124804079533,50
68,microsoft/deberta-v3-base,glue,mnli,3,1000,10,1.0,8,1,10,200,False,False,0.0,,SGD,1.0,0.9,SGD,0.001,69,0.8746816097809476,0.3453564015904042,0.8705248169243287,0.3549659809429559,0.2198062720939052,0.006996098905801773,0.009379572235047817,0.002383473329246044,50
69,microsoft/deberta-v3-base,glue,mnli,3,1000,10,1.0,8,1,10,200,False,False,0.0,,SGD,1.0,0.9,SGD,0.001,70,0.8533876719307183,0.41552782261375254,0.8497762408462164,0.4350252242393616,0.26429752167919657,0.008142598904669285,0.009877653792500496,0.0017350551206618547,50
70,microsoft/deberta-v3-base,glue,mnli,3,1000,10,1.0,8,1,10,200,False,False,0.0,,SGD,1.0,0.9,SGD,0.001,71,0.8796739684156902,0.3399605357107883,0.8751017087062652,0.3448188528081325,0.25605811002082196,0.01145513541996479,0.014692092314362526,0.0032369564287364483,50
71,microsoft/deberta-v3-base,glue,mnli,3,1000,10,1.0,8,1,10,200,False,False,0.0,,SGD,1.0,0.9,SGD,0.001,72,0.8524707080998472,0.4106137001455838,0.8643205858421481,0.3827756720385154,0.24075687520438804,0.009969841688871384,0.011650367639958858,0.0016805260675027966,50
72,microsoft/deberta-v3-base,glue,mnli,3,1000,10,1.0,8,1,10,200,False,False,0.0,,SGD,1.0,0.9,SGD,0.001,73,0.7696383087111563,0.6880579504329398,0.7795972335231895,0.6414994888084935,0.262583726846613,0.008916307240724564,0.010246474295854568,0.0013301670551300049,50
73,microsoft/deberta-v3-base,glue,mnli,3,1000,10,1.0,8,1,10,200,False,False,0.0,,SGD,1.0,0.9,SGD,0.001,74,0.8458481915435557,0.4097559684356212,0.8566924328722538,0.38650397229500183,0.26766470138914883,0.00924665667116642,0.01589692011475563,0.0066502634435892105,50
74,microsoft/deberta-v3-base,glue,mnli,3,1000,10,1.0,8,1,10,200,False,False,0.0,,SGD,1.0,0.9,SGD,0.001,75,0.8678553234844626,0.35607989347208147,0.8621847030105777,0.37028237268293807,0.20947330988710747,0.008037684485316277,0.009216394275426865,0.0011787093244493008,50
75,microsoft/deberta-v3-base,glue,mnli,3,1000,10,1.0,8,1,10,200,False,False,0.0,,SGD,1.0,0.9,SGD,0.001,76,0.8298522669383597,0.4562419702958531,0.8240439381611065,0.48380547464560747,0.21844312650966455,0.008480576798319817,0.010114761069417,0.0016341840382665396,50
76,microsoft/deberta-v3-base,glue,mnli,3,1000,10,1.0,8,1,10,200,False,False,0.0,,SGD,1.0,0.9,SGD,0.001,77,0.8721344880285278,0.33488277451551923,0.8823230268510984,0.3192451513251873,0.2644461934999563,0.00730882678180933,0.01503581553697586,0.007726988755166531,50
77,microsoft/deberta-v3-base,glue,mnli,3,1000,10,1.0,8,1,10,200,False,False,0.0,,SGD,1.0,0.9,SGD,0.001,78,0.7394803871625064,0.7001095006246949,0.7592554922701383,0.6456054598350681,0.23370106277056038,0.007344518788158894,0.008071573451161385,0.0007270547212101519,50
78,microsoft/deberta-v3-base,glue,mnli,3,1000,10,1.0,8,1,10,200,False,False,0.0,,SGD,1.0,0.9,SGD,0.001,79,0.7456953642384105,0.7189869218822432,0.766273393002441,0.6581769840900943,0.19412865970889107,0.008944423869252205,0.011645176447927952,0.002700752578675747,50
79,microsoft/deberta-v3-base,glue,mnli,3,1000,10,1.0,8,1,10,200,False,False,0.0,,SGD,1.0,0.9,SGD,0.001,80,0.8705043301069791,0.36945956654826934,0.8686940602115542,0.3673142746626646,0.22147796764387748,0.00827686209231615,0.016721472144126892,0.008444610051810741,50
80,microsoft/deberta-v3-base,glue,mnli,3,1000,10,1.0,8,1,10,200,False,False,0.0,,SGD,1.0,0.9,SGD,0.001,81,0.8031584309730005,0.6177510769306072,0.7951586655817738,0.6557927573570698,0.26970986696332694,0.009492266923189163,0.01124326791614294,0.0017510007601231337,50
81,microsoft/deberta-v3-base,glue,mnli,3,1000,10,1.0,8,1,10,200,False,False,0.0,,SGD,1.0,0.9,SGD,0.001,82,0.8180336220071319,0.5395929009018704,0.8120423108218063,0.5802811873389788,0.2305397138767876,0.011001363396644592,0.014518985524773598,0.0035176225937902927,50
82,microsoft/deberta-v3-base,glue,mnli,3,1000,10,1.0,8,1,10,200,False,False,0.0,,SGD,1.0,0.9,SGD,0.001,83,0.8500254712175241,0.4228129049424559,0.8557770545158666,0.41553312174269613,0.20467859377618874,0.010953282937407494,0.016295334324240685,0.005342050921171904,50
83,microsoft/deberta-v3-base,glue,mnli,3,1000,10,1.0,8,1,10,200,False,False,0.0,,SGD,1.0,0.9,SGD,0.001,84,0.7336729495669893,0.7382239357180462,0.7518307567127747,0.6932908107645573,0.2102516859117895,0.009555636905133724,0.011484588496387005,0.0019289519404992461,50
84,microsoft/deberta-v3-base,glue,mnli,3,1000,10,1.0,8,1,10,200,False,False,0.0,,SGD,1.0,0.9,SGD,0.001,85,0.8382068262862965,0.4242288322972032,0.8518104149715215,0.39453911980912637,0.2632638014820404,0.00764179602265358,0.014332744292914867,0.006690948270261288,50
85,microsoft/deberta-v3-base,glue,mnli,3,1000,10,1.0,8,1,10,200,False,False,0.0,,SGD,1.0,0.9,SGD,0.001,86,0.8523688232297504,0.3916095669435211,0.8605573637103336,0.3672230699417114,0.21203616609890014,0.0069680362939834595,0.00792724546045065,0.0009592089336365461,50
86,microsoft/deberta-v3-base,glue,mnli,3,1000,10,1.0,8,1,10,200,False,False,0.0,,SGD,1.0,0.9,SGD,0.001,87,0.7677024961793174,0.645876039355043,0.771460537021969,0.6369572200822251,0.17569903542404064,0.007518600206822157,0.008311701938509941,0.000793101848103106,50
87,microsoft/deberta-v3-base,glue,mnli,3,1000,10,1.0,8,1,10,200,False,False,0.0,,SGD,1.0,0.9,SGD,0.001,88,0.8592969943963321,0.36046040050090333,0.8559804719283971,0.3721145588944024,0.24239294410217554,0.007865682244300842,0.01562460232526064,0.007758920546621084,50
88,microsoft/deberta-v3-base,glue,mnli,3,1000,10,1.0,8,1,10,200,False,False,0.0,,SGD,1.0,0.9,SGD,0.001,89,0.8765155374426897,0.3201475810584443,0.8840520748576078,0.3181858230033621,0.19533623630274086,0.00698639452457428,0.00865158997476101,0.0016651952173560858,50
89,microsoft/deberta-v3-base,glue,mnli,3,1000,10,1.0,8,1,10,200,False,False,0.0,,SGD,1.0,0.9,SGD,0.001,90,0.8386143657666837,0.4419168310616387,0.8481489015459723,0.4303340179780521,0.2459113589902408,0.0072235167026519775,0.008110616356134415,0.0008870996534824371,50
90,microsoft/deberta-v3-base,glue,mnli,3,1000,10,1.0,8,1,10,200,False,False,0.0,,SGD,1.0,0.9,SGD,0.001,91,0.8309730005094244,0.4676114460757001,0.84326688364524,0.4473768509613718,0.24014980938052757,0.010705591179430485,0.012263666838407516,0.0015580753097310662,50
91,microsoft/deberta-v3-base,glue,mnli,3,1000,10,1.0,8,1,10,200,False,False,0.0,,SGD,1.0,0.9,SGD,0.001,92,0.8618441161487519,0.39878676159530513,0.8704231082180635,0.37332670317517186,0.22500459373299964,0.00863540917634964,0.010436403565108776,0.001800993923097849,50
92,microsoft/deberta-v3-base,glue,mnli,3,1000,10,1.0,8,1,10,200,False,False,0.0,,SGD,1.0,0.9,SGD,0.001,93,0.8804890473764646,0.3279298242415319,0.8794751830756713,0.33204174185955276,0.20863559694960712,0.01000947318971157,0.013422736898064613,0.00341326417401433,50
93,microsoft/deberta-v3-base,glue,mnli,3,1000,10,1.0,8,1,10,200,False,False,0.0,,SGD,1.0,0.9,SGD,0.001,94,0.866225165562914,0.3655385624620374,0.8585231895850285,0.3929766288758055,0.17712593534193,0.009673568420112133,0.010553025640547276,0.0008794576278887689,50
94,microsoft/deberta-v3-base,glue,mnli,3,1000,10,1.0,8,1,10,200,False,False,0.0,,SGD,1.0,0.9,SGD,0.001,95,0.8800815078960774,0.3182471399468741,0.8731692432872253,0.34104429818295773,0.24019205691339449,0.00935664027929306,0.011487294919788837,0.00213065417483449,50
95,microsoft/deberta-v3-base,glue,mnli,3,1000,10,1.0,8,1,10,200,False,False,0.0,,SGD,1.0,0.9,SGD,0.001,96,0.85206316861946,0.38872661747223564,0.8610659072416599,0.38406509361051755,0.20345937277097254,0.009306580759584904,0.010441428981721401,0.001134848571382463,50
96,microsoft/deberta-v3-base,glue,mnli,3,1000,10,1.0,8,1,10,200,False,False,0.0,,SGD,1.0,0.9,SGD,0.001,97,0.8358634742740703,0.4300315348801872,0.8506916192026037,0.41190851338895795,0.22881297666300085,0.008499694988131523,0.009924696758389473,0.0014250017702579498,50
97,microsoft/deberta-v3-base,glue,mnli,3,1000,10,1.0,8,1,10,200,False,False,0.0,,SGD,1.0,0.9,SGD,0.001,98,0.8777381558838513,0.3278396368670386,0.8858828315703824,0.3149222685293157,0.22766232982371007,0.008002334274351597,0.009915168397128582,0.0019128344720229506,50
98,microsoft/deberta-v3-base,glue,mnli,3,1000,10,1.0,8,1,10,200,False,False,0.0,,SGD,1.0,0.9,SGD,0.001,99,0.872032603158431,0.3530828167928023,0.8741863303498779,0.3451523059070492,0.20773474589036778,0.007368778809905052,0.008132408373057842,0.0007636294467374682,50
99,microsoft/deberta-v3-base,glue,mnli,3,1000,10,1.0,8,1,10,200,False,False,0.0,,SGD,1.0,0.9,SGD,0.001,100,0.8805909322465614,0.32910959478490476,0.878966639544345,0.3279337602204501,0.2351816201503389,0.008414714597165585,0.009628279134631157,0.0012135643046349287,50
100,microsoft/deberta-v3-base,glue,mnli,3,1000,10,1.0,8,1,10,200,False,False,0.0,,SGD,1.0,0.9,SGD,0.001,101,0.8830361691288844,0.3233225909126247,0.8886289666395444,0.3140341108153363,0.2327687101834454,0.0074058352038264275,0.008639886043965816,0.0012340507237240672,50
101,microsoft/deberta-v3-base,glue,mnli,3,1000,10,1.0,8,1,10,200,False,False,0.0,,SGD,1.0,0.9,SGD,0.001,102,0.8158940397350993,0.5196224224090291,0.8283157038242474,0.4925461109523776,0.17571143544651568,0.00794572290033102,0.009200639091432095,0.0012549160746857524,50
102,microsoft/deberta-v3-base,glue,mnli,3,1000,10,1.0,8,1,10,200,False,False,0.0,,SGD,1.0,0.9,SGD,0.001,103,0.7927661742231279,0.5843242919801171,0.8046175752644427,0.5601054412847805,0.2495440368620912,0.008909459225833416,0.01072605513036251,0.0018165961373597383,50
103,microsoft/deberta-v3-base,glue,mnli,3,1000,10,1.0,8,1,10,200,False,False,0.0,,SGD,1.0,0.9,SGD,0.001,104,0.8847682119205298,0.30598933577876064,0.8898494711147275,0.3026221889545542,0.17715409910620655,0.008991171605885029,0.013167405501008034,0.004176233895123005,50
104,microsoft/deberta-v3-base,glue,mnli,3,1000,10,1.0,8,1,10,200,False,False,0.0,,SGD,1.0,0.9,SGD,0.001,105,0.8171166581762608,0.5328097901845574,0.8187550854353133,0.5257248850448392,0.14473481578845532,0.007770492695271969,0.008757589384913445,0.0009870965732261539,50
105,microsoft/deberta-v3-base,glue,mnli,3,1000,10,1.0,8,1,10,200,False,False,0.0,,SGD,1.0,0.9,SGD,0.001,106,0.8240448293428426,0.490093846476167,0.8262815296989422,0.4854174526686802,0.23106367522303478,0.009492998011410236,0.013969182036817074,0.0044761840254068375,50
106,microsoft/deberta-v3-base,glue,mnli,3,1000,10,1.0,8,1,10,200,False,False,0.0,,SGD,1.0,0.9,SGD,0.001,107,0.8718288334182374,0.33806343265401523,0.8768307567127747,0.3391892088124751,0.24781105833593756,0.007249470800161362,0.013106363825500011,0.00585689302533865,50
107,microsoft/deberta-v3-base,glue,mnli,3,1000,10,1.0,8,1,10,200,False,False,0.0,,SGD,1.0,0.9,SGD,0.001,108,0.7989811512990321,0.5860756155537606,0.8105166802278275,0.5722206015635413,0.22388969183806334,0.007067686878144741,0.00848453026264906,0.00141684350091964,50
108,microsoft/deberta-v3-base,glue,mnli,3,1000,10,1.0,8,1,10,200,False,False,0.0,,SGD,1.0,0.9,SGD,0.001,109,0.8145695364238411,0.5324478039051957,0.825772986167616,0.517676321765373,0.2365046627447009,0.009258618578314781,0.01179294753819704,0.002534329192712903,50
109,microsoft/deberta-v3-base,glue,mnli,3,1000,10,1.0,8,1,10,200,False,False,0.0,,SGD,1.0,0.9,SGD,0.001,110,0.8843606724401426,0.3146254212751881,0.8899511798209927,0.30534327135514544,0.18611211109510623,0.009521109983325005,0.01311715878546238,0.0035960490349680185,50
110,microsoft/deberta-v3-base,glue,mnli,3,1000,10,1.0,8,1,10,200,False,False,0.0,,SGD,1.0,0.9,SGD,0.001,111,0.8421803362200713,0.4565475356902475,0.8529292107404394,0.42969780215240283,0.19027607751684267,0.00798253994435072,0.008570998907089233,0.000588458904530853,50
111,microsoft/deberta-v3-base,glue,mnli,3,1000,10,1.0,8,1,10,200,False,False,0.0,,SGD,1.0,0.9,SGD,0.001,112,0.8446255731023943,0.4482322969328166,0.8542514239218877,0.42232117430398664,0.1808025548260193,0.007847811095416546,0.01041901484131813,0.0025712037459015846,50
112,microsoft/deberta-v3-base,glue,mnli,3,1000,10,1.0,8,1,10,200,False,False,0.0,,SGD,1.0,0.9,SGD,0.001,113,0.8797758532857871,0.3243357460644512,0.8836452400325467,0.3133502834509873,0.23227654995420016,0.009565270505845547,0.012857163324952126,0.003291892819106579,50
113,microsoft/deberta-v3-base,glue,mnli,3,1000,10,1.0,8,1,10,200,False,False,0.0,,SGD,1.0,0.9,SGD,0.001,114,0.8554253693326541,0.39104207208115965,0.8639137510170871,0.376905793603737,0.2010673581296578,0.007732659578323364,0.008766237646341324,0.0010335780680179596,50
114,microsoft/deberta-v3-base,glue,mnli,3,1000,10,1.0,8,1,10,200,False,False,0.0,,SGD,1.0,0.9,SGD,0.001,115,0.8820173204279165,0.3089393998166818,0.8854759967453214,0.3085093131274488,0.1534074872236233,0.008306038565933704,0.010232537984848022,0.0019264990696683526,50
115,microsoft/deberta-v3-base,glue,mnli,3,1000,10,1.0,8,1,10,200,False,False,0.0,,SGD,1.0,0.9,SGD,0.001,116,0.8737646459500764,0.3395317450625717,0.863506916192026,0.36198413964668613,0.198726228988613,0.006529004313051701,0.007294215261936188,0.0007652108906768262,50
116,microsoft/deberta-v3-base,glue,mnli,3,1000,10,1.0,8,1,10,200,False,False,0.0,,SGD,1.0,0.9,SGD,0.001,117,0.8256749872643913,0.5064074853330793,0.8193653376729048,0.532443793411719,0.15485586426639933,0.006798352114856243,0.008124209009110928,0.0013258566614240408,50
117,microsoft/deberta-v3-base,glue,mnli,3,1000,10,1.0,8,1,10,200,False,False,0.0,,SGD,1.0,0.9,SGD,0.001,118,0.878858889454916,0.3286906551093792,0.8840520748576078,0.32135192357856956,0.25974338668654673,0.008613786660134792,0.01381636131554842,0.005202574655413628,50
118,microsoft/deberta-v3-base,glue,mnli,3,1000,10,1.0,8,1,10,200,False,False,0.0,,SGD,1.0,0.9,SGD,0.001,119,0.8765155374426897,0.3354146731672042,0.8841537835638731,0.31645845906184555,0.16501987622526942,0.006326811388134956,0.008226827718317509,0.0019000160973519087,50
119,microsoft/deberta-v3-base,glue,mnli,3,1000,10,1.0,8,1,10,200,False,False,0.0,,SGD,1.0,0.9,SGD,0.001,120,0.8286296484971981,0.4879492743509293,0.8431651749389748,0.46740762041040534,0.2336160800859798,0.006964496336877346,0.008459818549454212,0.0014953224454075098,50
120,microsoft/deberta-v3-base,glue,mnli,3,1000,10,1.0,8,1,10,200,False,False,0.0,,SGD,1.0,0.9,SGD,0.001,121,0.8731533367294957,0.35364033226090763,0.8783563873067535,0.361776952888662,0.16618061431008394,0.008141232654452324,0.012563667260110378,0.004422434139996767,50
121,microsoft/deberta-v3-base,glue,mnli,3,1000,10,1.0,8,1,10,200,False,False,0.0,,SGD,1.0,0.9,SGD,0.001,122,0.8716250636780438,0.37399383927198293,0.8701179820992677,0.37050279355463944,0.18289574730256575,0.009445825591683388,0.013417214155197144,0.0039713880978524685,50
122,microsoft/deberta-v3-base,glue,mnli,3,1000,10,1.0,8,1,10,200,False,False,0.0,,SGD,1.0,0.9,SGD,0.001,123,0.7427407030056037,0.8609604460781952,0.7550854353132628,0.7985579347513779,0.1584619968906045,0.00759383849799633,0.008973333984613419,0.0013794952537864447,50
123,microsoft/deberta-v3-base,glue,mnli,3,1000,10,1.0,8,1,10,200,False,False,0.0,,SGD,1.0,0.9,SGD,0.001,124,0.8332144676515537,0.4669761644621678,0.8485557363710333,0.4238420109589644,0.260735918876715,0.009612388908863068,0.02384900115430355,0.014236612245440483,50
124,microsoft/deberta-v3-base,glue,mnli,3,1000,10,1.0,8,1,10,200,False,False,0.0,,SGD,1.0,0.9,SGD,0.001,125,0.8174223127865512,0.4882187035523762,0.8294344995931652,0.4660619077476558,0.18531979652424344,0.007388550788164139,0.009733057580888271,0.0023445067927241325,50
125,microsoft/deberta-v3-base,glue,mnli,3,1000,10,1.0,8,1,10,200,False,False,0.0,,SGD,1.0,0.9,SGD,0.001,126,0.8496179317371371,0.41121353199455,0.8543531326281529,0.412224466953369,0.204518636402674,0.00804710853844881,0.010206085629761219,0.002158977324143052,50
126,microsoft/deberta-v3-base,glue,mnli,3,1000,10,1.0,8,1,10,200,False,False,0.0,,SGD,1.0,0.9,SGD,0.001,127,0.8946510443199185,0.28103846153806056,0.8930024410089503,0.28662109207755987,0.23619459631294015,0.00797365140169859,0.013231928460299969,0.005258277058601379,50
127,microsoft/deberta-v3-base,glue,mnli,3,1000,10,1.0,8,1,10,200,False,False,0.0,,SGD,1.0,0.9,SGD,0.001,128,0.8454406520631687,0.4307651229143164,0.8519121236777868,0.4127434355116232,0.19998786745383404,0.007453701458871365,0.008260101079940796,0.0008063996210694313,50
128,microsoft/deberta-v3-base,glue,mnli,3,1000,10,1.0,8,1,10,200,False,False,0.0,,SGD,1.0,0.9,SGD,0.001,129,0.8318899643402955,0.49212150047829234,0.8347233523189586,0.48538681298149167,0.1584511898707133,0.008203930221498013,0.010815962217748165,0.0026120322290807962,50
129,microsoft/deberta-v3-base,glue,mnli,3,1000,10,1.0,8,1,10,200,False,False,0.0,,SGD,1.0,0.9,SGD,0.001,130,0.8868059093224656,0.31699801414970463,0.8808991049633849,0.32701784907934917,0.19928437038511038,0.009909214451909065,0.013522912748157978,0.0036136978305876255,50
130,microsoft/deberta-v3-base,glue,mnli,3,1000,10,1.0,8,1,10,200,False,False,0.0,,SGD,1.0,0.9,SGD,0.001,131,0.8628629648497198,0.3839532761669854,0.8686940602115542,0.37945166571396177,0.21386920402722898,0.009549934417009354,0.010884898714721203,0.0013349639484658837,50
131,microsoft/deberta-v3-base,glue,mnli,3,1000,10,1.0,8,1,10,200,False,False,0.0,,SGD,1.0,0.9,SGD,0.001,132,0.7499745287824758,0.7237168105369238,0.7696297803091945,0.6805276716555385,0.1933501666514203,0.00908487569540739,0.010990077629685402,0.0019052017014473677,50
132,microsoft/deberta-v3-base,glue,mnli,3,1000,10,1.0,8,1,10,200,False,False,0.0,,SGD,1.0,0.9,SGD,0.001,133,0.8306673458991339,0.4607027267055023,0.847233523189585,0.4300433041185347,0.1903428679681383,0.009842813946306705,0.014569185674190521,0.004726371727883816,50
133,microsoft/deberta-v3-base,glue,mnli,3,1000,10,1.0,8,1,10,200,False,False,0.0,,SGD,1.0,0.9,SGD,0.001,134,0.8787570045848192,0.3266344076370139,0.888120423108218,0.30800637939529596,0.18878020961349826,0.007489297538995743,0.008352632634341717,0.0008633353281766176,50
134,microsoft/deberta-v3-base,glue,mnli,3,1000,10,1.0,8,1,10,200,False,False,0.0,,SGD,1.0,0.9,SGD,0.001,135,0.8248599083036169,0.5018515082109589,0.8279088689991864,0.4934390169294419,0.1504285929466132,0.0073276967741549015,0.008148710243403912,0.0008210132946260273,50
135,microsoft/deberta-v3-base,glue,mnli,3,1000,10,1.0,8,1,10,200,False,False,0.0,,SGD,1.0,0.9,SGD,0.001,136,0.8877228731533368,0.30555398508522297,0.8885272579332791,0.3027967428352814,0.28013559055887166,0.008447634056210518,0.016862953081727028,0.00841531902551651,50
136,microsoft/deberta-v3-base,glue,mnli,3,1000,10,1.0,8,1,10,200,False,False,0.0,,SGD,1.0,0.9,SGD,0.001,137,0.808762098828324,0.5371598486736198,0.8230268510984541,0.5213959021630195,0.19987681371672078,0.007121535018086433,0.009438257664442062,0.002316722646355629,50
137,microsoft/deberta-v3-base,glue,mnli,3,1000,10,1.0,8,1,10,200,False,False,0.0,,SGD,1.0,0.9,SGD,0.001,138,0.752317880794702,0.7586456985359354,0.764646053702197,0.7400835234311124,0.2142181029492058,0.009000694379210472,0.011654932983219624,0.002654238138347864,50
138,microsoft/deberta-v3-base,glue,mnli,3,1000,10,1.0,8,1,10,200,False,False,0.0,,SGD,1.0,0.9,SGD,0.001,139,0.8159959246051961,0.5226446065642607,0.8286208299430431,0.511736802467311,0.25212283550249415,0.010027769953012466,0.014402806758880615,0.0043750363402068615,50
139,microsoft/deberta-v3-base,glue,mnli,3,1000,10,1.0,8,1,10,200,False,False,0.0,,SGD,1.0,0.9,SGD,0.001,140,0.8884360672440142,0.3110332965206419,0.8889340927583401,0.30272813246034513,0.2158393982241396,0.009167800657451153,0.011872644536197186,0.0027048438787460327,50
140,microsoft/deberta-v3-base,glue,mnli,3,1000,10,1.0,8,1,10,200,False,False,0.0,,SGD,1.0,0.9,SGD,0.001,141,0.804890473764646,0.6120490433129057,0.8096013018714402,0.5913241720939111,0.17293998481193557,0.009293479844927788,0.010200033895671368,0.0009065537014976144,50
141,microsoft/deberta-v3-base,glue,mnli,3,1000,10,1.0,8,1,10,200,False,False,0.0,,SGD,1.0,0.9,SGD,0.001,142,0.8578706062149771,0.4007990875356537,0.8585231895850285,0.3924886221390072,0.25046699607302436,0.009290807880461216,0.01842043362557888,0.009129625745117664,50
142,microsoft/deberta-v3-base,glue,mnli,3,1000,10,1.0,8,1,10,200,False,False,0.0,,SGD,1.0,0.9,SGD,0.001,143,0.8493122771268466,0.40813773116757207,0.8606590724165989,0.39110231329023876,0.21210792114818466,0.00998714379966259,0.014520448632538319,0.004533304367214441,50
143,microsoft/deberta-v3-base,glue,mnli,3,1000,10,1.0,8,1,10,200,False,False,0.0,,SGD,1.0,0.9,SGD,0.001,144,0.7343861436576669,0.7713541879721696,0.7510170870626526,0.740990860408901,0.1515887069059536,0.008652817457914352,0.010116654448211193,0.0014638371067121625,50
144,microsoft/deberta-v3-base,glue,mnli,3,1000,10,1.0,8,1,10,200,False,False,0.0,,SGD,1.0,0.9,SGD,0.001,145,0.7916454406520632,0.5943867521840219,0.8040073230268511,0.5736562435600855,0.21081448650103995,0.009896260686218739,0.01460008230060339,0.004703821614384651,50
145,microsoft/deberta-v3-base,glue,mnli,3,1000,10,1.0,8,1,10,200,False,False,0.0,,SGD,1.0,0.9,SGD,0.001,146,0.8826286296484972,0.31521134195354417,0.8867982099267697,0.3052326249431567,0.26185901717562227,0.008202701807022095,0.01706877537071705,0.008866073563694954,50
146,microsoft/deberta-v3-base,glue,mnli,3,1000,10,1.0,8,1,10,200,False,False,0.0,,SGD,1.0,0.9,SGD,0.001,147,0.7551706571574122,0.7778483978958426,0.7570179007323027,0.7556076781503875,0.19228284992510453,0.007576326839625835,0.008172094821929932,0.0005957678658887744,50
147,microsoft/deberta-v3-base,glue,mnli,3,1000,10,1.0,8,1,10,200,False,False,0.0,,SGD,1.0,0.9,SGD,0.001,148,0.8172185430463577,0.538316287522712,0.8266883645240033,0.5132058184854217,0.24022847372316752,0.011941452510654926,0.02288268692791462,0.010941234417259693,50
148,microsoft/deberta-v3-base,glue,mnli,3,1000,10,1.0,8,1,10,200,False,False,0.0,,SGD,1.0,0.9,SGD,0.001,149,0.8669383596535915,0.37546506190419005,0.8761187957689178,0.35220050652745577,0.23506096600554885,0.00894908607006073,0.014035153202712536,0.005086067132651806,50
149,microsoft/deberta-v3-base,glue,mnli,3,1000,10,1.0,8,1,10,200,False,False,0.0,,SGD,1.0,0.9,SGD,0.001,150,0.803871625063678,0.5737300931609645,0.8163140764849471,0.5559943757482946,0.18890580387483352,0.009635396301746368,0.011564014479517937,0.001928617712110281,50
150,microsoft/deberta-v3-base,glue,mnli,3,1000,10,1.0,8,1,10,200,False,False,0.0,,SGD,1.0,0.9,SGD,0.001,151,0.8196637799286806,0.5274982024151179,0.8303498779495525,0.5189707144424986,0.2282095531495288,0.010179193690419197,0.013815916143357754,0.003636722220107913,50
151,microsoft/deberta-v3-base,glue,mnli,3,1000,10,1.0,8,1,10,200,False,False,0.0,,SGD,1.0,0.9,SGD,0.001,152,0.8844625573102395,0.32114874270343097,0.8812042310821806,0.328580995581353,0.2275900608333759,0.010875329375267029,0.01503662671893835,0.004161297343671322,50
152,microsoft/deberta-v3-base,glue,mnli,3,1000,10,1.0,8,1,10,200,False,False,0.0,,SGD,1.0,0.9,SGD,0.001,153,0.8639836984207845,0.3788348807852348,0.8574043938161107,0.3844922531011194,0.1673208333493676,0.008172127418220043,0.009465805254876614,0.001293678069487214,50
153,microsoft/deberta-v3-base,glue,mnli,3,1000,10,1.0,8,1,10,200,False,False,0.0,,SGD,1.0,0.9,SGD,0.001,154,0.8498217014773306,0.4073296961489953,0.8576078112286412,0.3894117377850737,0.16459569813031702,0.01070881262421608,0.014461472630500793,0.0037526600062847137,50
154,microsoft/deberta-v3-base,glue,mnli,3,1000,10,1.0,8,1,10,200,False,False,0.0,,SGD,1.0,0.9,SGD,0.001,155,0.8615384615384616,0.3800917491908834,0.8717453213995118,0.351879978694925,0.1608840939041693,0.0086723817512393,0.010840062983334064,0.0021676812320947647,50
155,microsoft/deberta-v3-base,glue,mnli,3,1000,10,1.0,8,1,10,200,False,False,0.0,,SGD,1.0,0.9,SGD,0.001,156,0.8647987773815589,0.36074188298575377,0.8746948738812043,0.34366545971313245,0.20569975779252125,0.007915044203400612,0.011279529891908169,0.0033644859213382006,50
156,microsoft/deberta-v3-base,glue,mnli,3,1000,10,1.0,8,1,10,200,False,False,0.0,,SGD,1.0,0.9,SGD,0.001,157,0.8360672440142639,0.4719587534460366,0.8437754271765663,0.464855368476455,0.22009580919472502,0.007144978269934654,0.008088748902082443,0.0009437703993171453,50
157,microsoft/deberta-v3-base,glue,mnli,3,1000,10,1.0,8,1,10,200,False,False,0.0,,SGD,1.0,0.9,SGD,0.001,158,0.8593988792664289,0.3956700390897017,0.8689991863303499,0.38295727928204687,0.21571328460052608,0.00991891324520111,0.016872232779860497,0.006953319534659386,50
158,microsoft/deberta-v3-base,glue,mnli,3,1000,10,1.0,8,1,10,200,False,False,0.0,,SGD,1.0,0.9,SGD,0.001,159,0.8837493632195619,0.32270529932822933,0.8934092758340114,0.3021893078965977,0.15408322850055994,0.009820397943258286,0.012351145967841148,0.00253074849024415,50
159,microsoft/deberta-v3-base,glue,mnli,3,1000,10,1.0,8,1,10,200,False,False,0.0,,SGD,1.0,0.9,SGD,0.001,160,0.8449312277126847,0.4411234652142313,0.8613710333604556,0.4006480205051246,0.20105084591149355,0.009993653744459152,0.011368900537490845,0.0013752472586929798,50
160,microsoft/deberta-v3-base,glue,mnli,3,1000,10,1.0,8,1,10,200,False,False,0.0,,SGD,1.0,0.9,SGD,0.001,161,0.8487009679062659,0.42425689651283943,0.8677786818551668,0.3807280841090264,0.20400781738222573,0.010503139346837997,0.015018150210380554,0.004515010863542557,50
161,microsoft/deberta-v3-base,glue,mnli,3,1000,10,1.0,8,1,10,200,False,False,0.0,,SGD,1.0,0.9,SGD,0.001,162,0.8859908303616912,0.3101944987659859,0.8943246541903987,0.2932678151927264,0.1879086747234687,0.008950409479439259,0.011019409634172916,0.002069000154733658,50
162,microsoft/deberta-v3-base,glue,mnli,3,1000,10,1.0,8,1,10,200,False,False,0.0,,SGD,1.0,0.9,SGD,0.001,163,0.8706062149770759,0.3633100943110076,0.8636086248982913,0.3846432241852539,0.1492229905766435,0.006504040211439133,0.008150000125169754,0.0016459599137306213,50
163,microsoft/deberta-v3-base,glue,mnli,3,1000,10,1.0,8,1,10,200,False,False,0.0,,SGD,1.0,0.9,SGD,0.001,164,0.8548140601120734,0.4087275798533479,0.8515052888527258,0.4366650146629625,0.19298078580014408,0.007734650280326605,0.009852773509919643,0.0021181232295930386,50
164,microsoft/deberta-v3-base,glue,mnli,3,1000,10,1.0,8,1,10,200,False,False,0.0,,SGD,1.0,0.9,SGD,0.001,165,0.8870096790626592,0.30375803973125,0.8901545972335232,0.3052907654397232,0.19431895914603955,0.009230444207787514,0.01202791091054678,0.0027974669355899096,50
165,microsoft/deberta-v3-base,glue,mnli,3,1000,10,1.0,8,1,10,200,False,False,0.0,,SGD,1.0,0.9,SGD,0.001,166,0.8670402445236882,0.3610648319729359,0.8779495524816925,0.3383854161925232,0.18300687175767963,0.010430747643113136,0.011964378878474236,0.0015336317010223866,50
166,microsoft/deberta-v3-base,glue,mnli,3,1000,10,1.0,8,1,10,200,False,False,0.0,,SGD,1.0,0.9,SGD,0.001,167,0.8456444218033622,0.4290237774603379,0.8606590724165989,0.3954240406861118,0.17554502579942347,0.007306095212697983,0.008152584545314312,0.0008464890997856855,50
167,microsoft/deberta-v3-base,glue,mnli,3,1000,10,1.0,8,1,10,200,False,False,0.0,,SGD,1.0,0.9,SGD,0.001,168,0.8445236882322975,0.42983397322319017,0.8570992676973149,0.40015370251805626,0.18447503422433512,0.007787267677485943,0.009221789427101612,0.0014345215167850256,50
168,microsoft/deberta-v3-base,glue,mnli,3,1000,10,1.0,8,1,10,200,False,False,0.0,,SGD,1.0,0.9,SGD,0.001,169,0.8473764645950076,0.45756833382987305,0.843673718470301,0.4637547174813999,0.14920699157379566,0.007405431941151619,0.010116281919181347,0.002710849978029728,50
169,microsoft/deberta-v3-base,glue,mnli,3,1000,10,1.0,8,1,10,200,False,False,0.0,,SGD,1.0,0.9,SGD,0.001,170,0.8638818135506877,0.396971946058092,0.8557770545158666,0.42027928787853835,0.2315659248470329,0.008404049091041088,0.013721877709031105,0.005317828617990017,50
170,microsoft/deberta-v3-base,glue,mnli,3,1000,10,1.0,8,1,10,200,False,False,0.0,,SGD,1.0,0.9,SGD,0.001,171,0.8618441161487519,0.3863374993475283,0.8729658258746948,0.3811221685021073,0.22051037532929332,0.00811504852026701,0.011185424402356148,0.0030703761149197817,50
171,microsoft/deberta-v3-base,glue,mnli,3,1000,10,1.0,8,1,10,200,False,False,0.0,,SGD,1.0,0.9,SGD,0.001,172,0.7565970453387671,0.6890012881289348,0.7740032546786005,0.6459347768542731,0.2086694058831781,0.0088076526299119,0.010833398438990116,0.002025745576247573,50
172,microsoft/deberta-v3-base,glue,mnli,3,1000,10,1.0,8,1,10,200,False,False,0.0,,SGD,1.0,0.9,SGD,0.001,173,0.8383087111563933,0.4531343010221566,0.8537428803905615,0.4139210567828586,0.1959081097645685,0.00849724281579256,0.014762721955776215,0.006265479139983654,50
173,microsoft/deberta-v3-base,glue,mnli,3,1000,10,1.0,8,1,10,200,False,False,0.0,,SGD,1.0,0.9,SGD,0.001,174,0.8268976057055527,0.48537622341474773,0.8352318958502848,0.4654261777624549,0.15681896743550894,0.007348823361098766,0.010018276050686836,0.0026694524567574263,50
174,microsoft/deberta-v3-base,glue,mnli,3,1000,10,1.0,8,1,10,200,False,False,0.0,,SGD,1.0,0.9,SGD,0.001,175,0.8098828323993887,0.5687217652777206,0.8077705451586655,0.5769422767139961,0.19289630954433237,0.00837852992117405,0.012787915766239166,0.004409385845065117,50
175,microsoft/deberta-v3-base,glue,mnli,3,1000,10,1.0,8,1,10,200,False,False,0.0,,SGD,1.0,0.9,SGD,0.001,176,0.8411614875191035,0.45660757159468124,0.833706265256306,0.46971755470637994,0.2038694801151287,0.00743401562795043,0.00967615656554699,0.0022421409375965595,50
176,microsoft/deberta-v3-base,glue,mnli,3,1000,10,1.0,8,1,10,200,False,False,0.0,,SGD,1.0,0.9,SGD,0.001,177,0.8688741721854305,0.35111050633182284,0.8773393002441009,0.3408527636053336,0.1887809228366241,0.007336600683629513,0.01209820806980133,0.004761607386171818,50
177,microsoft/deberta-v3-base,glue,mnli,3,1000,10,1.0,8,1,10,200,False,False,0.0,,SGD,1.0,0.9,SGD,0.001,178,0.7434538970962812,0.7310269933942319,0.7529495524816925,0.704789985347527,0.20490521614579485,0.008226818405091763,0.00995958037674427,0.0017327617388218641,50
178,microsoft/deberta-v3-base,glue,mnli,3,1000,10,1.0,8,1,10,200,False,False,0.0,,SGD,1.0,0.9,SGD,0.001,179,0.8325012735608762,0.4926692915240875,0.8404190398698128,0.46254820399898716,0.24271549336309542,0.008549592457711697,0.016568269580602646,0.00801867712289095,50
179,microsoft/deberta-v3-base,glue,mnli,3,1000,10,1.0,8,1,10,200,False,False,0.0,,SGD,1.0,0.9,SGD,0.001,180,0.8478858889454916,0.43030820000262443,0.8601505288852725,0.4010421019164956,0.1527083097153809,0.00972222164273262,0.010733222588896751,0.001011001062579453,50
180,microsoft/deberta-v3-base,glue,mnli,3,1000,10,1.0,8,1,10,200,False,False,0.0,,SGD,1.0,0.9,SGD,0.001,181,0.8701986754966887,0.3691171546635152,0.8716436126932465,0.36760970907804136,0.19351526888227089,0.008941231295466423,0.011902357451617718,0.0029611261561512947,50
181,microsoft/deberta-v3-base,glue,mnli,3,1000,10,1.0,8,1,10,200,False,False,0.0,,SGD,1.0,0.9,SGD,0.001,182,0.8562404482934284,0.3946222423098772,0.8505899104963385,0.4221131321570576,0.22729835613665633,0.008211777545511723,0.009989508427679539,0.0017777308821678162,50
182,microsoft/deberta-v3-base,glue,mnli,3,1000,10,1.0,8,1,10,200,False,False,0.0,,SGD,1.0,0.9,SGD,0.001,183,0.8615384615384616,0.4018212724993189,0.8602522375915378,0.4178526724087782,0.2351537973447703,0.008163685910403728,0.011439509689807892,0.0032758237794041634,50
183,microsoft/deberta-v3-base,glue,mnli,3,1000,10,1.0,8,1,10,200,False,False,0.0,,SGD,1.0,0.9,SGD,0.001,184,0.7613856342333164,0.6428338271209374,0.7833604556550041,0.6083259649697519,0.220332950711716,0.012147385627031326,0.017066484317183495,0.004919099155813456,50
184,microsoft/deberta-v3-base,glue,mnli,3,1000,10,1.0,8,1,10,200,False,False,0.0,,SGD,1.0,0.9,SGD,0.001,185,0.7629139072847683,0.61529152405531,0.7822416598860863,0.564807436648344,0.24086864367919042,0.010091596283018589,0.01604442670941353,0.005952830426394939,50
185,microsoft/deberta-v3-base,glue,mnli,3,1000,10,1.0,8,1,10,200,False,False,0.0,,SGD,1.0,0.9,SGD,0.001,186,0.8422822210901681,0.42894880684774245,0.8566924328722538,0.39210892734257996,0.2336081075045513,0.007531318813562393,0.01212282944470644,0.004591510631144047,50
186,microsoft/deberta-v3-base,glue,mnli,3,1000,10,1.0,8,1,10,200,False,False,0.0,,SGD,1.0,0.9,SGD,0.001,187,0.8327050433010698,0.4760589146671229,0.8285191212367778,0.4829326712102398,0.18585997055750336,0.008643487468361855,0.012914018705487251,0.004270531702786684,50
187,microsoft/deberta-v3-base,glue,mnli,3,1000,10,1.0,8,1,10,200,False,False,0.0,,SGD,1.0,0.9,SGD,0.001,188,0.8383087111563933,0.45522879536177113,0.8318755085435313,0.48769969864524115,0.23866509641101588,0.008059526793658733,0.012892032042145729,0.004832505248486996,50
188,microsoft/deberta-v3-base,glue,mnli,3,1000,10,1.0,8,1,10,200,False,False,0.0,,SGD,1.0,0.9,SGD,0.001,189,0.8923076923076924,0.28961787451955795,0.8910699755899105,0.3008072092260353,0.1859647283174563,0.009423142299056053,0.01349108386784792,0.004067942034453154,50
189,microsoft/deberta-v3-base,glue,mnli,3,1000,10,1.0,8,1,10,200,False,False,0.0,,SGD,1.0,0.9,SGD,0.001,190,0.8379011716760061,0.46023785125406513,0.8487591537835639,0.42324322191664937,0.17498018017597497,0.008086612448096275,0.010600239038467407,0.0025136263575404882,50
190,microsoft/deberta-v3-base,glue,mnli,3,1000,10,1.0,8,1,10,200,False,False,0.0,,SGD,1.0,0.9,SGD,0.001,191,0.7806418746816097,0.6600377313009392,0.7985150528885273,0.6021566549880601,0.16017157502716872,0.009778566658496857,0.012155859731137753,0.002377292839810252,50
191,microsoft/deberta-v3-base,glue,mnli,3,1000,10,1.0,8,1,10,200,False,False,0.0,,SGD,1.0,0.9,SGD,0.001,192,0.8544065206316862,0.40605193149517027,0.86706672091131,0.37022451806413365,0.19819856558155152,0.009462726302444935,0.014343701303005219,0.004880975000560284,50
192,microsoft/deberta-v3-base,glue,mnli,3,1000,10,1.0,8,1,10,200,False,False,0.0,,SGD,1.0,0.9,SGD,0.001,193,0.900764136525726,0.2737000238642965,0.8969690805532954,0.27397521912571926,0.21664427453046664,0.007765789050608873,0.011191598139703274,0.0034258090890944004,50
193,microsoft/deberta-v3-base,glue,mnli,3,1000,10,1.0,8,1,10,200,False,False,0.0,,SGD,1.0,0.9,SGD,0.001,194,0.8862964849719817,0.3092899922398773,0.8820179007323027,0.3294076440074201,0.14851250965241342,0.00781733263283968,0.00905583519488573,0.0012385022128000855,50
194,microsoft/deberta-v3-base,glue,mnli,3,1000,10,1.0,8,1,10,200,False,False,0.0,,SGD,1.0,0.9,SGD,0.001,195,0.8982170147733062,0.27574634330101255,0.8974776240846216,0.2810892370524547,0.2124757375631016,0.008576205000281334,0.012152940966188908,0.0035767359659075737,50
195,microsoft/deberta-v3-base,glue,mnli,3,1000,10,1.0,8,1,10,200,False,False,0.0,,SGD,1.0,0.9,SGD,0.001,196,0.866632705043301,0.3697028069369064,0.8760170870626526,0.34487475709765364,0.24278252670867362,0.008782937191426754,0.010249655693769455,0.0014667187351733446,50
196,microsoft/deberta-v3-base,glue,mnli,3,1000,10,1.0,8,1,10,200,False,False,0.0,,SGD,1.0,0.9,SGD,0.001,197,0.8188487009679063,0.5034287766854794,0.8358421480878763,0.4688624538741915,0.17797869418817572,0.008644024841487408,0.011271328665316105,0.002627304056659341,50
197,microsoft/deberta-v3-base,glue,mnli,3,1000,10,1.0,8,1,10,200,False,False,0.0,,SGD,1.0,0.9,SGD,0.001,198,0.8172185430463577,0.5048788107769183,0.8319772172497966,0.4865015324309735,0.2073442123994464,0.007068480830639601,0.010191187262535095,0.0031227064318954945,50
198,microsoft/deberta-v3-base,glue,mnli,3,1000,10,1.0,8,1,10,200,False,False,0.0,,SGD,1.0,0.9,SGD,0.001,199,0.8717269485481406,0.34543950249271704,0.8668633034987795,0.37315509692887777,0.18062652419041844,0.008615904487669468,0.015433721244335175,0.006817816756665707,50
199,microsoft/deberta-v3-base,glue,mnli,3,1000,10,1.0,8,1,10,200,False,False,0.0,,SGD,1.0,0.9,SGD,0.001,200,0.8250636780438105,0.5070245745601307,0.8160089503661514,0.5512896120120855,0.1960123824342154,0.006752281449735165,0.008203795179724693,0.0014515139628201723,50
