,checkpoint,ds_path,ds_name,num_labels,num_clients,clients_per_round,alpha,batch_size,local_epochs,max_epochs,total_rounds,fda,threshold,theta,extras,server_opt_name,server_opt_lr,client_opt_name,client_opt_lr,round,accuracy_m,testing_loss_m,accuracy_mm,testing_loss_mm,training_loss,variance,avg_norm_sq_drifts,norm_sq_avg_drift,round_steps
0,microsoft/deberta-v3-base,glue,mnli,3,1000,10,1.0,8,1,10,200,False,False,0.0,,AdamW,1e-05,SGD,0.01,1,0.31818644931227713,1.1033760694925048,0.318246541903987,1.1030765921241195,0.5324643007609994,0.07391126453876495,0.0920322835445404,0.01812102273106575,50
1,microsoft/deberta-v3-base,glue,mnli,3,1000,10,1.0,8,1,10,200,False,False,0.0,,AdamW,1e-05,SGD,0.01,2,0.31818644931227713,1.102389017157955,0.31651749389747763,1.102080073077277,0.6854397495891899,0.06068335473537445,0.07855858653783798,0.01787523180246353,50
2,microsoft/deberta-v3-base,glue,mnli,3,1000,10,1.0,8,1,10,200,False,False,0.0,,AdamW,1e-05,SGD,0.01,3,0.31543555781966376,1.1014161873563286,0.3205858421480879,1.1011056790417826,0.6400705256536603,0.06168854981660843,0.06752555817365646,0.005837010219693184,50
3,microsoft/deberta-v3-base,glue,mnli,3,1000,10,1.0,8,1,10,200,False,False,0.0,,AdamW,1e-05,SGD,0.01,4,0.32358634742740705,1.1005740752527164,0.32434906427990234,1.1002698437385776,0.5480208006892354,0.07644075900316238,0.08401497453451157,0.0075742146000266075,50
4,microsoft/deberta-v3-base,glue,mnli,3,1000,10,1.0,8,1,10,200,False,False,0.0,,AdamW,1e-05,SGD,0.01,5,0.32654100866021396,1.099840723700706,0.3284174125305126,1.0995246100173528,0.46071078082639716,0.08431090414524078,0.09528279304504395,0.01097189076244831,50
5,microsoft/deberta-v3-base,glue,mnli,3,1000,10,1.0,8,1,10,200,False,False,0.0,,AdamW,1e-05,SGD,0.01,6,0.3272542027508915,1.0991863296978241,0.3291293734743694,1.0988573950417553,0.5833698099609463,0.06374653428792953,0.08157327026128769,0.017826737836003304,50
6,microsoft/deberta-v3-base,glue,mnli,3,1000,10,1.0,8,1,10,200,False,False,0.0,,AdamW,1e-05,SGD,0.01,7,0.3293937850229241,1.0985889118088876,0.3291293734743694,1.0982231892057315,0.5581552264131606,0.06574589014053345,0.06968057155609131,0.003934681881219149,50
7,microsoft/deberta-v3-base,glue,mnli,3,1000,10,1.0,8,1,10,200,False,False,0.0,,AdamW,1e-05,SGD,0.01,8,0.330412633723892,1.0980575680246951,0.33116354759967453,1.097639910955561,0.7784165309891105,0.049468155950307846,0.05195487663149834,0.0024867216125130653,50
8,microsoft/deberta-v3-base,glue,mnli,3,1000,10,1.0,8,1,10,200,False,False,0.0,,AdamW,1e-05,SGD,0.01,9,0.33306164034640856,1.0972834081307794,0.3330960130187144,1.0968355120828812,0.7086362917125226,0.04379219561815262,0.058805979788303375,0.015013784170150757,50
9,microsoft/deberta-v3-base,glue,mnli,3,1000,10,1.0,8,1,10,200,False,False,0.0,,AdamW,1e-05,SGD,0.01,10,0.3469179826795721,1.0966240351240908,0.35913344182262,1.0961489803525275,0.47925404428876944,0.06648959964513779,0.08056213706731796,0.014072536490857601,50
10,microsoft/deberta-v3-base,glue,mnli,3,1000,10,1.0,8,1,10,200,False,False,0.0,,AdamW,1e-05,SGD,0.01,11,0.35119714722363726,1.0959715741187843,0.3610659072416599,1.0954490070715486,0.5709252917189152,0.045554209500551224,0.0696999654173851,0.024145755916833878,50
11,microsoft/deberta-v3-base,glue,mnli,3,1000,10,1.0,8,1,10,200,False,False,0.0,,AdamW,1e-05,SGD,0.01,12,0.35914416709118696,1.0951395773168686,0.36859235150528885,1.0945716802427883,0.565133443314582,0.06207335740327835,0.06719484180212021,0.005121486261487007,50
12,microsoft/deberta-v3-base,glue,mnli,3,1000,10,1.0,8,1,10,200,False,False,0.0,,AdamW,1e-05,SGD,0.01,13,0.38400407539480386,1.094105836426036,0.3910699755899105,1.0934924799024428,0.6253620263878256,0.05671333894133568,0.060831546783447266,0.0041182078421115875,50
13,microsoft/deberta-v3-base,glue,mnli,3,1000,10,1.0,8,1,10,200,False,False,0.0,,AdamW,1e-05,SGD,0.01,14,0.42985226693835965,1.0927553155505765,0.4460943856794142,1.0920984690707325,0.5764376106373966,0.06059731915593147,0.07621708512306213,0.015619766898453236,50
14,microsoft/deberta-v3-base,glue,mnli,3,1000,10,1.0,8,1,10,200,False,False,0.0,,AdamW,1e-05,SGD,0.01,15,0.46602139582272034,1.0912505108453243,0.4955248169243287,1.0905279243157295,0.6347794256061314,0.056142449378967285,0.06292446702718735,0.006782017182558775,50
15,microsoft/deberta-v3-base,glue,mnli,3,1000,10,1.0,8,1,10,200,False,False,0.0,,AdamW,1e-05,SGD,0.01,16,0.5215486500254712,1.0894160523294139,0.5515663140764849,1.0886263069435287,0.6224489967953413,0.051729246973991394,0.06515804678201675,0.01342879980802536,50
16,microsoft/deberta-v3-base,glue,mnli,3,1000,10,1.0,8,1,10,200,False,False,0.0,,AdamW,1e-05,SGD,0.01,17,0.5584309730005095,1.0872448109570032,0.5851301871440195,1.0863848212679001,0.554131267350167,0.06321360915899277,0.0786343589425087,0.01542075164616108,50
17,microsoft/deberta-v3-base,glue,mnli,3,1000,10,1.0,8,1,10,200,False,False,0.0,,AdamW,1e-05,SGD,0.01,18,0.5736118186449313,1.0848316905356659,0.5947925142392189,1.08387371269642,0.48122183042112743,0.07334300875663757,0.08149585872888565,0.008152848109602928,50
18,microsoft/deberta-v3-base,glue,mnli,3,1000,10,1.0,8,1,10,200,False,False,0.0,,AdamW,1e-05,SGD,0.01,19,0.5914416709118696,1.082168769136909,0.6056753458096013,1.0810779022724286,0.465307996107731,0.06747209280729294,0.08031574636697769,0.012843655422329903,50
19,microsoft/deberta-v3-base,glue,mnli,3,1000,10,1.0,8,1,10,200,False,False,0.0,,AdamW,1e-05,SGD,0.01,20,0.6078451349974529,1.079227661153798,0.6239829129373474,1.077979986797609,0.7960929864346982,0.07707129418849945,0.1101231724023819,0.033051878213882446,50
20,microsoft/deberta-v3-base,glue,mnli,3,1000,10,1.0,8,1,10,200,False,False,0.0,,AdamW,1e-05,SGD,0.01,21,0.6200713194090678,1.075936966536972,0.640052888527258,1.0745100897439037,0.6252861244063824,0.07451292127370834,0.10493812710046768,0.03042520582675934,50
21,microsoft/deberta-v3-base,glue,mnli,3,1000,10,1.0,8,1,10,200,False,False,0.0,,AdamW,1e-05,SGD,0.01,22,0.6358634742740703,1.0723076843107826,0.6522579332790887,1.0706905724073057,0.5722615202479063,0.11135096848011017,0.14576466381549835,0.034413695335388184,50
22,microsoft/deberta-v3-base,glue,mnli,3,1000,10,1.0,8,1,10,200,False,False,0.0,,AdamW,1e-05,SGD,0.01,23,0.649617931737137,1.0683037720760293,0.6657851912123678,1.0665014668923263,0.49998638245603066,0.1305902600288391,0.16459885239601135,0.03400859981775284,50
23,microsoft/deberta-v3-base,glue,mnli,3,1000,10,1.0,8,1,10,200,False,False,0.0,,AdamW,1e-05,SGD,0.01,24,0.6611309220580743,1.0636188199875698,0.677786818551668,1.0616333210148203,0.45159515384770926,0.09382740408182144,0.12101785093545914,0.027190446853637695,50
24,microsoft/deberta-v3-base,glue,mnli,3,1000,10,1.0,8,1,10,200,False,False,0.0,,AdamW,1e-05,SGD,0.01,25,0.6705043301069791,1.0584203413859945,0.6874491456468673,1.0562353031338474,0.5412928658174352,0.16398142278194427,0.20497111976146698,0.040989696979522705,50
25,microsoft/deberta-v3-base,glue,mnli,3,1000,10,1.0,8,1,10,200,False,False,0.0,,AdamW,1e-05,SGD,0.01,26,0.6782475802343352,1.052805157191596,0.6939585028478438,1.050428052953436,0.4599751450074837,0.16460362076759338,0.21059207618236542,0.04598844796419144,50
26,microsoft/deberta-v3-base,glue,mnli,3,1000,10,1.0,8,1,10,200,False,False,0.0,,AdamW,1e-05,SGD,0.01,27,0.6815078960774325,1.0465840542326152,0.6945687550854354,1.0440047364393998,0.4840851328829303,0.09055043756961823,0.12973183393478394,0.03918139263987541,50
27,microsoft/deberta-v3-base,glue,mnli,3,1000,10,1.0,8,1,10,200,False,False,0.0,,AdamW,1e-05,SGD,0.01,28,0.679775853285787,1.0399525125724276,0.6939585028478438,1.037157345147905,0.45194548767525705,0.11433074623346329,0.16091136634349823,0.04658062011003494,50
28,microsoft/deberta-v3-base,glue,mnli,3,1000,10,1.0,8,1,10,200,False,False,0.0,,AdamW,1e-05,SGD,0.01,29,0.6847682119205298,1.032768330296172,0.6987388120423108,1.0297528433062566,0.4156627660198137,0.1780693233013153,0.24462223052978516,0.06655290722846985,50
29,microsoft/deberta-v3-base,glue,mnli,3,1000,10,1.0,8,1,10,200,False,False,0.0,,AdamW,1e-05,SGD,0.01,30,0.6867040244523688,1.0252849949795537,0.7031122864117169,1.022044741447812,0.45040318610146646,0.4721042811870575,0.5673381090164185,0.09523382782936096,50
30,microsoft/deberta-v3-base,glue,mnli,3,1000,10,1.0,8,1,10,200,False,False,0.0,,AdamW,1e-05,SGD,0.01,31,0.6939378502292409,1.0175244054759336,0.7090113913751017,1.014025067293712,0.4818816257417202,0.2570337951183319,0.3329952657222748,0.07596147060394287,50
31,microsoft/deberta-v3-base,glue,mnli,3,1000,10,1.0,8,1,10,200,False,False,0.0,,AdamW,1e-05,SGD,0.01,32,0.698828323993887,1.0095741217857275,0.714300244100895,1.005827407801995,0.49871106853894887,0.27384305000305176,0.3538707196712494,0.08002765476703644,50
32,microsoft/deberta-v3-base,glue,mnli,3,1000,10,1.0,8,1,10,200,False,False,0.0,,AdamW,1e-05,SGD,0.01,33,0.7038206826286296,1.0009961064112507,0.7196908055329536,0.9969620841416622,0.4249092541821301,0.19331297278404236,0.24768762290477753,0.05437464267015457,50
33,microsoft/deberta-v3-base,glue,mnli,3,1000,10,1.0,8,1,10,200,False,False,0.0,,AdamW,1e-05,SGD,0.01,34,0.7049414161996943,0.9919501085930368,0.7233523189585028,0.9876311491232175,0.4243849671888166,0.19557085633277893,0.24607980251312256,0.050508953630924225,50
34,microsoft/deberta-v3-base,glue,mnli,3,1000,10,1.0,8,1,10,200,False,False,0.0,,AdamW,1e-05,SGD,0.01,35,0.7072847682119205,0.982213062490014,0.7248779495524816,0.9775972779540146,0.4666315046250819,0.265808641910553,0.32437747716903687,0.05856885015964508,50
35,microsoft/deberta-v3-base,glue,mnli,3,1000,10,1.0,8,1,10,200,False,False,0.0,,AdamW,1e-05,SGD,0.01,36,0.7094243504839531,0.9714872559203107,0.7277257933279089,0.9665293357447942,0.5520653726868331,0.22418218851089478,0.2957319915294647,0.07154979556798935,50
36,microsoft/deberta-v3-base,glue,mnli,3,1000,10,1.0,8,1,10,200,False,False,0.0,,AdamW,1e-05,SGD,0.01,37,0.7132959755476311,0.960380676420316,0.7328112286411717,0.9550686584341517,0.5821058614253998,0.3354630768299103,0.41785717010498047,0.0823940858244896,50
37,microsoft/deberta-v3-base,glue,mnli,3,1000,10,1.0,8,1,10,200,False,False,0.0,,AdamW,1e-05,SGD,0.01,38,0.7181864493122772,0.9487299296850097,0.736879576891782,0.9430442155619964,0.3987408850230277,0.2834639549255371,0.360050767660141,0.07658680528402328,50
38,microsoft/deberta-v3-base,glue,mnli,3,1000,10,1.0,8,1,10,200,False,False,0.0,,AdamW,1e-05,SGD,0.01,39,0.7217524197656648,0.9362592153560853,0.7408462164361269,0.9301749818008832,0.4664752859855071,0.5316182374954224,0.6245203614234924,0.09290215373039246,50
39,microsoft/deberta-v3-base,glue,mnli,3,1000,10,1.0,8,1,10,200,False,False,0.0,,AdamW,1e-05,SGD,0.01,40,0.72603158430973,0.9230790373359935,0.746440195280716,0.9164973236953853,0.3367189151803032,0.23979662358760834,0.28889918327331543,0.04910256341099739,50
40,microsoft/deberta-v3-base,glue,mnli,3,1000,10,1.0,8,1,10,200,False,False,0.0,,AdamW,1e-05,SGD,0.01,41,0.729903209373408,0.9094312108427699,0.7486777868185517,0.9022755553995913,0.33882108147162937,0.29108014702796936,0.34914490580558777,0.058064766228199005,50
41,microsoft/deberta-v3-base,glue,mnli,3,1000,10,1.0,8,1,10,200,False,False,0.0,,AdamW,1e-05,SGD,0.01,42,0.732857870606215,0.8948796390515571,0.7527461350691619,0.8871054854016657,0.4543404084094799,0.3268829584121704,0.3960202634334564,0.06913730502128601,50
42,microsoft/deberta-v3-base,glue,mnli,3,1000,10,1.0,8,1,10,200,False,False,0.0,,AdamW,1e-05,SGD,0.01,43,0.7341823739174732,0.880311579556609,0.754780309194467,0.8719067649689993,0.41342433804925527,0.3657851219177246,0.4421498775482178,0.07636477053165436,50
43,microsoft/deberta-v3-base,glue,mnli,3,1000,10,1.0,8,1,10,200,False,False,0.0,,AdamW,1e-05,SGD,0.01,44,0.7393785022924095,0.8650046873112083,0.7598657445077298,0.8559176967918048,0.33953171680774535,0.24142739176750183,0.2933572232723236,0.05192982405424118,50
44,microsoft/deberta-v3-base,glue,mnli,3,1000,10,1.0,8,1,10,200,False,False,0.0,,AdamW,1e-05,SGD,0.01,45,0.7436576668364748,0.8497037701521254,0.7642392188771359,0.8399142489576844,0.5043844727212563,0.42803290486335754,0.5087718367576599,0.08073893189430237,50
45,microsoft/deberta-v3-base,glue,mnli,3,1000,10,1.0,8,1,10,200,False,False,0.0,,AdamW,1e-05,SGD,0.01,46,0.7475292919001528,0.8341716717391259,0.7674938974776241,0.8236198793396511,0.4445091564264148,0.35123834013938904,0.42462196946144104,0.073383629322052,50
46,microsoft/deberta-v3-base,glue,mnli,3,1000,10,1.0,8,1,10,200,False,False,0.0,,AdamW,1e-05,SGD,0.01,47,0.7510952623535405,0.8190941359322539,0.7718673718470301,0.8078095990530935,0.3904524886785075,0.6514894962310791,0.7475513815879822,0.09606190770864487,50
47,microsoft/deberta-v3-base,glue,mnli,3,1000,10,1.0,8,1,10,200,False,False,0.0,,AdamW,1e-05,SGD,0.01,48,0.7541518084564443,0.8036855959561946,0.7739015459723352,0.7916600727957376,0.3532176377149298,0.2891969680786133,0.33893460035324097,0.04973761737346649,50
48,microsoft/deberta-v3-base,glue,mnli,3,1000,10,1.0,8,1,10,200,False,False,0.0,,AdamW,1e-05,SGD,0.01,49,0.7583290881304127,0.7880062858749427,0.7769528071602929,0.7752441922467932,0.3112826956496574,0.3723223805427551,0.44083172082901,0.06850935518741608,50
49,microsoft/deberta-v3-base,glue,mnli,3,1000,10,1.0,8,1,10,200,False,False,0.0,,AdamW,1e-05,SGD,0.01,50,0.7619969434538971,0.7725372265389807,0.7807160292921074,0.7589897119339353,0.33486182480119164,0.5843693017959595,0.666059136390686,0.08168985694646835,50
50,microsoft/deberta-v3-base,glue,mnli,3,1000,10,1.0,8,1,10,200,False,False,0.0,,AdamW,1e-05,SGD,0.01,51,0.766887417218543,0.7570654221589525,0.7849877949552482,0.7427399932028707,0.36142448674701155,0.43999117612838745,0.5121670365333557,0.07217586040496826,50
51,microsoft/deberta-v3-base,glue,mnli,3,1000,10,1.0,8,1,10,200,False,False,0.0,,AdamW,1e-05,SGD,0.01,52,0.7719816607233826,0.7414529522502917,0.7909886086248983,0.726410565141549,0.39192807041294875,0.44312483072280884,0.5169939994812012,0.07386916875839233,50
52,microsoft/deberta-v3-base,glue,mnli,3,1000,10,1.0,8,1,10,200,False,False,0.0,,AdamW,1e-05,SGD,0.01,53,0.7767702496179317,0.7261563383328206,0.7955655004068348,0.7103796625059732,0.4039062473014928,0.4604532718658447,0.5488027930259705,0.08834951370954514,50
53,microsoft/deberta-v3-base,glue,mnli,3,1000,10,1.0,8,1,10,200,False,False,0.0,,AdamW,1e-05,SGD,0.01,54,0.7816607233825776,0.7108612988863714,0.7990235964198535,0.6944366618566536,0.35181998328026387,0.39053454995155334,0.45451831817626953,0.06398376077413559,50
54,microsoft/deberta-v3-base,glue,mnli,3,1000,10,1.0,8,1,10,200,False,False,0.0,,AdamW,1e-05,SGD,0.01,55,0.786856851757514,0.6963127954227709,0.8036004882017901,0.6793506249264064,0.4419026299444958,0.3580993413925171,0.42456141114234924,0.06646205484867096,50
55,microsoft/deberta-v3-base,glue,mnli,3,1000,10,1.0,8,1,10,200,False,False,0.0,,AdamW,1e-05,SGD,0.01,56,0.7905247070809984,0.6822145277392894,0.80553295362083,0.6648442891189197,0.41349580412497755,0.4836556017398834,0.5582324862480164,0.07457689195871353,50
56,microsoft/deberta-v3-base,glue,mnli,3,1000,10,1.0,8,1,10,200,False,False,0.0,,AdamW,1e-05,SGD,0.01,57,0.7934793683138054,0.6684210455893693,0.8079739625711961,0.6508004560133032,0.3355811763776001,0.41431793570518494,0.4744986593723297,0.06018073111772537,50
57,microsoft/deberta-v3-base,glue,mnli,3,1000,10,1.0,8,1,10,200,False,False,0.0,,AdamW,1e-05,SGD,0.01,58,0.7984717269485482,0.6546046593952879,0.811126932465419,0.636895873107204,0.38368878632970155,0.36337810754776,0.4254804253578186,0.0621023066341877,50
58,microsoft/deberta-v3-base,glue,mnli,3,1000,10,1.0,8,1,10,200,False,False,0.0,,AdamW,1e-05,SGD,0.01,59,0.8027508914926134,0.6406538057055237,0.8156021155410903,0.6228419971039277,0.2967679826710373,0.34900131821632385,0.40266314148902893,0.05366181582212448,50
59,microsoft/deberta-v3-base,glue,mnli,3,1000,10,1.0,8,1,10,200,False,False,0.0,,AdamW,1e-05,SGD,0.01,60,0.8057055527254203,0.6278573496611797,0.8187550854353133,0.6098553732316411,0.3877803011359647,0.5075820088386536,0.5838480591773987,0.07626605778932571,50
60,microsoft/deberta-v3-base,glue,mnli,3,1000,10,1.0,8,1,10,200,False,False,0.0,,AdamW,1e-05,SGD,0.01,61,0.8076413652572593,0.6158406080127053,0.8219080553295363,0.5975821715142302,0.42036356129264457,0.32499927282333374,0.3895096480846405,0.06451036036014557,50
61,microsoft/deberta-v3-base,glue,mnli,3,1000,10,1.0,8,1,10,200,False,False,0.0,,AdamW,1e-05,SGD,0.01,62,0.8109016811003565,0.6040173832269442,0.8248576078112286,0.5856208444563133,0.27319368903292346,0.6123591661453247,0.6884211897850037,0.07606205344200134,50
62,microsoft/deberta-v3-base,glue,mnli,3,1000,10,1.0,8,1,10,200,False,False,0.0,,AdamW,1e-05,SGD,0.01,63,0.8139582272032603,0.5921901975740916,0.825772986167616,0.5736920398192449,0.3508901074347086,0.278607040643692,0.33357521891593933,0.05496818572282791,50
63,microsoft/deberta-v3-base,glue,mnli,3,1000,10,1.0,8,1,10,200,False,False,0.0,,AdamW,1e-05,SGD,0.01,64,0.8167091186958737,0.5802262934636759,0.8280105777054516,0.5617065032727355,0.36455275671370324,0.385005921125412,0.452409952878952,0.06740402430295944,50
64,microsoft/deberta-v3-base,glue,mnli,3,1000,10,1.0,8,1,10,200,False,False,0.0,,AdamW,1e-05,SGD,0.01,65,0.8193581253183903,0.5688612164038415,0.8296379170056957,0.5505033686478221,0.2962177073319908,0.4316350817680359,0.49332743883132935,0.06169234216213226,50
65,microsoft/deberta-v3-base,glue,mnli,3,1000,10,1.0,8,1,10,200,False,False,0.0,,AdamW,1e-05,SGD,0.01,66,0.8222109016811003,0.5580740889326382,0.8302481692432873,0.5399169675623915,0.4010679792216979,0.4068971276283264,0.4676179587841034,0.06072082743048668,50
66,microsoft/deberta-v3-base,glue,mnli,3,1000,10,1.0,8,1,10,200,False,False,0.0,,AdamW,1e-05,SGD,0.01,67,0.8246561385634233,0.5475992738666239,0.8307567127746135,0.5298834509899016,0.23158459155261513,0.30802232027053833,0.3480297327041626,0.040007419884204865,50
67,microsoft/deberta-v3-base,glue,mnli,3,1000,10,1.0,8,1,10,200,False,False,0.0,,AdamW,1e-05,SGD,0.01,68,0.8260825267447784,0.53794309913432,0.8319772172497966,0.5206035843848018,0.3993514645760879,0.5548509359359741,0.6338691115379333,0.07901818305253983,50
68,microsoft/deberta-v3-base,glue,mnli,3,1000,10,1.0,8,1,10,200,False,False,0.0,,AdamW,1e-05,SGD,0.01,69,0.8280183392766174,0.5289926779347897,0.8347233523189586,0.5119915038492739,0.33661351754795754,0.44327449798583984,0.5053988695144653,0.062124378979206085,50
69,microsoft/deberta-v3-base,glue,mnli,3,1000,10,1.0,8,1,10,200,False,False,0.0,,AdamW,1e-05,SGD,0.01,70,0.8293428425878757,0.5207695079801913,0.8369609438567941,0.5038146440021578,0.4112265621032566,0.5458852052688599,0.6272532343864441,0.08136800676584244,50
70,microsoft/deberta-v3-base,glue,mnli,3,1000,10,1.0,8,1,10,200,False,False,0.0,,AdamW,1e-05,SGD,0.01,71,0.8316861946001018,0.5130082201986849,0.8376729048006509,0.49594969153889223,0.36556166380085053,0.4598136842250824,0.519941508769989,0.060127824544906616,50
71,microsoft/deberta-v3-base,glue,mnli,3,1000,10,1.0,8,1,10,200,False,False,0.0,,AdamW,1e-05,SGD,0.01,72,0.8332144676515537,0.5056057427603731,0.8404190398698128,0.4883477887406982,0.3627358261086047,0.4764419496059418,0.5382338762283325,0.061791934072971344,50
72,microsoft/deberta-v3-base,glue,mnli,3,1000,10,1.0,8,1,10,200,False,False,0.0,,AdamW,1e-05,SGD,0.01,73,0.8347427407030056,0.49851967144177617,0.8415378356387306,0.4810668685942573,0.44308699693530806,0.7839089632034302,0.8786537051200867,0.09474475681781769,50
73,microsoft/deberta-v3-base,glue,mnli,3,1000,10,1.0,8,1,10,200,False,False,0.0,,AdamW,1e-05,SGD,0.01,74,0.8367804381049414,0.49161795753842946,0.8433685923515053,0.47413655598416765,0.36896787547878923,0.4682050943374634,0.5313210487365723,0.06311595439910889,50
74,microsoft/deberta-v3-base,glue,mnli,3,1000,10,1.0,8,1,10,200,False,False,0.0,,AdamW,1e-05,SGD,0.01,75,0.8370860927152318,0.4850975298356893,0.8440805532953621,0.46759734032380085,0.30410525077115746,0.41117793321609497,0.4623970091342926,0.05121906101703644,50
75,microsoft/deberta-v3-base,glue,mnli,3,1000,10,1.0,8,1,10,200,False,False,0.0,,AdamW,1e-05,SGD,0.01,76,0.8385124808965868,0.4790288311806557,0.8463181448331977,0.461447104102378,0.31547508560610005,0.456666499376297,0.5139775276184082,0.0573110356926918,50
76,microsoft/deberta-v3-base,glue,mnli,3,1000,10,1.0,8,1,10,200,False,False,0.0,,AdamW,1e-05,SGD,0.01,77,0.8395313295975547,0.47344202997000506,0.8475386493083807,0.4554539791833491,0.34262695839256047,0.43717092275619507,0.5014817118644714,0.06431078910827637,50
77,microsoft/deberta-v3-base,glue,mnli,3,1000,10,1.0,8,1,10,200,False,False,0.0,,AdamW,1e-05,SGD,0.01,78,0.8402445236882323,0.46812043108270723,0.8492676973148902,0.4497615441049474,0.37148659841064363,0.6183519959449768,0.697394073009491,0.07904209941625595,50
78,microsoft/deberta-v3-base,glue,mnli,3,1000,10,1.0,8,1,10,200,False,False,0.0,,AdamW,1e-05,SGD,0.01,79,0.8417727967396842,0.4633392640545102,0.8496745321399511,0.4445240250307433,0.2706792964120395,0.46071335673332214,0.5147205591201782,0.05400719866156578,50
79,microsoft/deberta-v3-base,glue,mnli,3,1000,10,1.0,8,1,10,200,False,False,0.0,,AdamW,1e-05,SGD,0.01,80,0.8428935303107489,0.45864739769366863,0.851606997558991,0.43960265370890605,0.29998909458424894,0.4590804874897003,0.5190373063087463,0.05995682626962662,50
80,microsoft/deberta-v3-base,glue,mnli,3,1000,10,1.0,8,1,10,200,False,False,0.0,,AdamW,1e-05,SGD,0.01,81,0.8433010697911361,0.4541362257645494,0.8527257933279089,0.43486180387443407,0.39836092277802526,0.5492873787879944,0.6185330152511597,0.06924561411142349,50
81,microsoft/deberta-v3-base,glue,mnli,3,1000,10,1.0,8,1,10,200,False,False,0.0,,AdamW,1e-05,SGD,0.01,82,0.8448293428425879,0.44975613738913406,0.8534377542717657,0.4304177687420798,0.2890791731872596,0.34808817505836487,0.3923649489879608,0.04427676647901535,50
82,microsoft/deberta-v3-base,glue,mnli,3,1000,10,1.0,8,1,10,200,False,False,0.0,,AdamW,1e-05,SGD,0.01,83,0.8455425369332654,0.44561095739780837,0.8548616761594793,0.4261336695308895,0.2536193354397546,0.3756081163883209,0.4196183383464813,0.044010210782289505,50
83,microsoft/deberta-v3-base,glue,mnli,3,1000,10,1.0,8,1,10,200,False,False,0.0,,AdamW,1e-05,SGD,0.01,84,0.8465613856342333,0.4416443854995442,0.8549633848657445,0.4220010839081373,0.29378541339607905,0.456339567899704,0.5125429630279541,0.05620340257883072,50
84,microsoft/deberta-v3-base,glue,mnli,3,1000,10,1.0,8,1,10,200,False,False,0.0,,AdamW,1e-05,SGD,0.01,85,0.8472745797249108,0.4377609691244854,0.8564890154597233,0.417966703800189,0.3325418559580576,0.5835795998573303,0.6557158827781677,0.0721362829208374,50
85,microsoft/deberta-v3-base,glue,mnli,3,1000,10,1.0,8,1,10,200,False,False,0.0,,AdamW,1e-05,SGD,0.01,86,0.848191543555782,0.4343139921248979,0.8572009764035802,0.4141985807079819,0.30281273007905113,0.648361086845398,0.7272571921348572,0.07889611274003983,50
86,microsoft/deberta-v3-base,glue,mnli,3,1000,10,1.0,8,1,10,200,False,False,0.0,,AdamW,1e-05,SGD,0.01,87,0.8485990830361692,0.43115036852032357,0.8579129373474369,0.4108592007730529,0.242164350933861,0.4379787743091583,0.4925442636013031,0.05456550046801567,50
87,microsoft/deberta-v3-base,glue,mnli,3,1000,10,1.0,8,1,10,200,False,False,0.0,,AdamW,1e-05,SGD,0.01,88,0.8490066225165563,0.4280800862995317,0.8581163547599675,0.4075637295163192,0.29418931544572113,0.4494149088859558,0.5035228133201599,0.0541079007089138,50
88,microsoft/deberta-v3-base,glue,mnli,3,1000,10,1.0,8,1,10,200,False,False,0.0,,AdamW,1e-05,SGD,0.01,89,0.8490066225165563,0.42521757696252,0.8585231895850285,0.4044780456154108,0.2817407131986692,0.40287092328071594,0.4536343514919281,0.050763435661792755,50
89,microsoft/deberta-v3-base,glue,mnli,3,1000,10,1.0,8,1,10,200,False,False,0.0,,AdamW,1e-05,SGD,0.01,90,0.8499235863474274,0.422029143367828,0.8597436940602116,0.40134387330566607,0.36388664331729526,0.44523727893829346,0.5016477108001709,0.05641041696071625,50
90,microsoft/deberta-v3-base,glue,mnli,3,1000,10,1.0,8,1,10,200,False,False,0.0,,AdamW,1e-05,SGD,0.01,91,0.8509424350483953,0.41942556158084643,0.859947111472742,0.39844342926176124,0.34623787210835144,0.5393773317337036,0.6047399640083313,0.06536262482404709,50
91,microsoft/deberta-v3-base,glue,mnli,3,1000,10,1.0,8,1,10,200,False,False,0.0,,AdamW,1e-05,SGD,0.01,92,0.851044319918492,0.417094625781587,0.8607607811228641,0.395763723150902,0.3146681755478494,0.4635348320007324,0.521496593952179,0.05796176195144653,50
92,microsoft/deberta-v3-base,glue,mnli,3,1000,10,1.0,8,1,10,200,False,False,0.0,,AdamW,1e-05,SGD,0.01,93,0.8521650534895568,0.414076692815612,0.8615744507729862,0.3927970776793625,0.2630519510442391,0.36911171674728394,0.41599130630493164,0.04687957465648651,50
93,microsoft/deberta-v3-base,glue,mnli,3,1000,10,1.0,8,1,10,200,False,False,0.0,,AdamW,1e-05,SGD,0.01,94,0.8516556291390729,0.4109827097575161,0.8611676159479251,0.38981215425132737,0.23477225662488488,0.48015710711479187,0.5353096127510071,0.05515249818563461,50
94,microsoft/deberta-v3-base,glue,mnli,3,1000,10,1.0,8,1,10,200,False,False,0.0,,AdamW,1e-05,SGD,0.01,95,0.8528782475802343,0.40811939512021966,0.861879576891782,0.3870184671124663,0.3206839840682224,0.4813372790813446,0.5385024547576904,0.057165175676345825,50
95,microsoft/deberta-v3-base,glue,mnli,3,1000,10,1.0,8,1,10,200,False,False,0.0,,AdamW,1e-05,SGD,0.01,96,0.8530820173204279,0.405185732477403,0.8626932465419039,0.38433175813482484,0.2675400431649759,0.4348773956298828,0.48717862367630005,0.05230122059583664,50
96,microsoft/deberta-v3-base,glue,mnli,3,1000,10,1.0,8,1,10,200,False,False,0.0,,AdamW,1e-05,SGD,0.01,97,0.8543046357615894,0.4020630500318077,0.8636086248982913,0.38167034491799634,0.3212493659453467,0.5390678644180298,0.6047777533531189,0.06570988893508911,50
97,microsoft/deberta-v3-base,glue,mnli,3,1000,10,1.0,8,1,10,200,False,False,0.0,,AdamW,1e-05,SGD,0.01,98,0.8548140601120734,0.3991569187264425,0.8651342554922702,0.37922621598396,0.322292419936508,0.5110301971435547,0.571651816368103,0.06062161922454834,50
98,microsoft/deberta-v3-base,glue,mnli,3,1000,10,1.0,8,1,10,200,False,False,0.0,,AdamW,1e-05,SGD,0.01,99,0.8557310239429444,0.396513198415074,0.8661513425549227,0.3769794041465171,0.2957304827878252,0.47381559014320374,0.529336154460907,0.055520568042993546,50
99,microsoft/deberta-v3-base,glue,mnli,3,1000,10,1.0,8,1,10,200,False,False,0.0,,AdamW,1e-05,SGD,0.01,100,0.8563423331635253,0.3941083732436805,0.8660496338486574,0.3748720986473066,0.34246128574758766,0.5561008453369141,0.6224929690361023,0.06639215350151062,50
100,microsoft/deberta-v3-base,glue,mnli,3,1000,10,1.0,8,1,10,200,False,False,0.0,,AdamW,1e-05,SGD,0.01,101,0.856953642384106,0.39192540252910657,0.866659886086249,0.3728138708469342,0.3658065711059608,0.5895324349403381,0.6687621474266052,0.07922970503568649,50
101,microsoft/deberta-v3-base,glue,mnli,3,1000,10,1.0,8,1,10,200,False,False,0.0,,AdamW,1e-05,SGD,0.01,102,0.8571574121242995,0.39028328813812846,0.8667615947925142,0.3709120329915022,0.25051063853176314,0.41769951581954956,0.46961164474487305,0.05191213637590408,50
102,microsoft/deberta-v3-base,glue,mnli,3,1000,10,1.0,8,1,10,200,False,False,0.0,,AdamW,1e-05,SGD,0.01,103,0.8574630667345899,0.38864994597694885,0.8681855166802278,0.3690943858511231,0.34945290053449574,0.4903002977371216,0.5513068437576294,0.061006538569927216,50
103,microsoft/deberta-v3-base,glue,mnli,3,1000,10,1.0,8,1,10,200,False,False,0.0,,AdamW,1e-05,SGD,0.01,104,0.8581762608252674,0.387247059242261,0.8685923515052889,0.3673688092907819,0.2348535343622789,0.7523931264877319,0.8397804498672485,0.08738730847835541,50
104,microsoft/deberta-v3-base,glue,mnli,3,1000,10,1.0,8,1,10,200,False,False,0.0,,AdamW,1e-05,SGD,0.01,105,0.8588894549159449,0.38611224638002134,0.8686940602115542,0.3658223054527121,0.20850701279845088,0.5454778075218201,0.6082714200019836,0.06279359757900238,50
105,microsoft/deberta-v3-base,glue,mnli,3,1000,10,1.0,8,1,10,200,False,False,0.0,,AdamW,1e-05,SGD,0.01,106,0.8599083036169128,0.3849260005234652,0.8693043124491456,0.36437280082043055,0.3089238127125427,0.4969762861728668,0.555751621723175,0.05877533555030823,50
106,microsoft/deberta-v3-base,glue,mnli,3,1000,10,1.0,8,1,10,200,False,False,0.0,,AdamW,1e-05,SGD,0.01,107,0.8603158430973,0.38366606665779734,0.8696094385679414,0.36302115048597844,0.3562229400901124,0.5857868194580078,0.655969500541687,0.0701826885342598,50
107,microsoft/deberta-v3-base,glue,mnli,3,1000,10,1.0,8,1,10,200,False,False,0.0,,AdamW,1e-05,SGD,0.01,108,0.8609271523178808,0.38196227644564856,0.8705248169243287,0.3615328743417298,0.3330091875959188,0.5766419768333435,0.6505776047706604,0.0739356279373169,50
108,microsoft/deberta-v3-base,glue,mnli,3,1000,10,1.0,8,1,10,200,False,False,0.0,,AdamW,1e-05,SGD,0.01,109,0.8613346917982679,0.3803579588105694,0.8708299430431244,0.36016523932312156,0.335884709251579,0.5796592831611633,0.6477383375167847,0.06807906180620193,50
109,microsoft/deberta-v3-base,glue,mnli,3,1000,10,1.0,8,1,10,200,False,False,0.0,,AdamW,1e-05,SGD,0.01,110,0.8614365766683647,0.3791352914647786,0.8711350691619203,0.35899542831642245,0.23680869162897583,0.6974847316741943,0.7781948447227478,0.08071008324623108,50
110,microsoft/deberta-v3-base,glue,mnli,3,1000,10,1.0,8,1,10,200,False,False,0.0,,AdamW,1e-05,SGD,0.01,111,0.8619460010188487,0.3781465323582692,0.8705248169243287,0.3580051463179175,0.258552046068944,0.4682745337486267,0.5210826992988586,0.05280815064907074,50
111,microsoft/deberta-v3-base,glue,mnli,3,1000,10,1.0,8,1,10,200,False,False,0.0,,AdamW,1e-05,SGD,0.01,112,0.8623535404992358,0.37713372586833915,0.8707282343368592,0.357041390574832,0.2557050205194391,0.4910511076450348,0.5467588305473328,0.055707719177007675,50
112,microsoft/deberta-v3-base,glue,mnli,3,1000,10,1.0,8,1,10,200,False,False,0.0,,AdamW,1e-05,SGD,0.01,113,0.8625573102394295,0.37603429493592244,0.870626525630594,0.3560358214459592,0.29869885749043895,0.6148520708084106,0.6833101511001587,0.06845805794000626,50
113,microsoft/deberta-v3-base,glue,mnli,3,1000,10,1.0,8,1,10,200,False,False,0.0,,AdamW,1e-05,SGD,0.01,114,0.8629648497198166,0.3752235237512048,0.8712367778681855,0.355118653692299,0.29412510961899535,0.5201495885848999,0.5801538825035095,0.06000427529215813,50
114,microsoft/deberta-v3-base,glue,mnli,3,1000,10,1.0,8,1,10,200,False,False,0.0,,AdamW,1e-05,SGD,0.01,115,0.8641874681609781,0.3741634990519008,0.8711350691619203,0.3540806903422752,0.19901225217338653,0.43689149618148804,0.48729512095451355,0.05040363967418671,50
115,microsoft/deberta-v3-base,glue,mnli,3,1000,10,1.0,8,1,10,200,False,False,0.0,,AdamW,1e-05,SGD,0.01,116,0.8642893530310749,0.37275860439181424,0.8711350691619203,0.35293362269055273,0.31259091166686265,0.5790671110153198,0.649860143661499,0.07079305499792099,50
116,microsoft/deberta-v3-base,glue,mnli,3,1000,10,1.0,8,1,10,200,False,False,0.0,,AdamW,1e-05,SGD,0.01,117,0.8645950076413652,0.37132413051992097,0.8709316517493898,0.3517980627121481,0.23720863647339865,0.5657440423965454,0.6359991431236267,0.07025513052940369,50
117,microsoft/deberta-v3-base,glue,mnli,3,1000,10,1.0,8,1,10,200,False,False,0.0,,AdamW,1e-05,SGD,0.01,118,0.865206316861946,0.3702536192346902,0.871847030105777,0.3508752207139142,0.32987730399006976,0.5072513222694397,0.5645269751548767,0.0572756752371788,50
118,microsoft/deberta-v3-base,glue,mnli,3,1000,10,1.0,8,1,10,200,False,False,0.0,,AdamW,1e-05,SGD,0.01,119,0.8661232806928171,0.3688036669273394,0.8731692432872253,0.349991839336636,0.22905221171537415,0.5425869822502136,0.6092477440834045,0.06666074693202972,50
119,microsoft/deberta-v3-base,glue,mnli,3,1000,10,1.0,8,1,10,200,False,False,0.0,,AdamW,1e-05,SGD,0.01,120,0.8669383596535915,0.36720322262565586,0.8724572823433686,0.34920816577249564,0.3563150696470402,0.5062935948371887,0.5707312226295471,0.06443760544061661,50
120,microsoft/deberta-v3-base,glue,mnli,3,1000,10,1.0,8,1,10,200,False,False,0.0,,AdamW,1e-05,SGD,0.01,121,0.8674477840040754,0.3660055153351201,0.8727624084621644,0.3486856690587505,0.20871353549091146,0.45273342728614807,0.5056783556938171,0.052944935858249664,50
121,microsoft/deberta-v3-base,glue,mnli,3,1000,10,1.0,8,1,10,200,False,False,0.0,,AdamW,1e-05,SGD,0.01,122,0.8675496688741722,0.36517422771674884,0.8723555736371034,0.34828380719009117,0.23840093757095748,0.436688095331192,0.486255019903183,0.04956691712141037,50
122,microsoft/deberta-v3-base,glue,mnli,3,1000,10,1.0,8,1,10,200,False,False,0.0,,AdamW,1e-05,SGD,0.01,123,0.8679572083545594,0.36482377170289837,0.8726606997558991,0.3481419905656426,0.22034119191532953,0.3934558033943176,0.44051966071128845,0.04706384986639023,50
123,microsoft/deberta-v3-base,glue,mnli,3,1000,10,1.0,8,1,10,200,False,False,0.0,,AdamW,1e-05,SGD,0.01,124,0.8685685175751401,0.3639374711044503,0.8724572823433686,0.3473949765982038,0.28692377124261115,0.5176641345024109,0.5847167372703552,0.06705258041620255,50
124,microsoft/deberta-v3-base,glue,mnli,3,1000,10,1.0,8,1,10,200,False,False,0.0,,AdamW,1e-05,SGD,0.01,125,0.8689760570555273,0.3632524586764651,0.8726606997558991,0.34658615358107164,0.28824728904105723,0.8141967058181763,0.907925546169281,0.09372881054878235,50
125,microsoft/deberta-v3-base,glue,mnli,3,1000,10,1.0,8,1,10,200,False,False,0.0,,AdamW,1e-05,SGD,0.01,126,0.8692817116658176,0.3626898037119425,0.8732709519934907,0.34582577915854623,0.2770179902901873,0.5013654828071594,0.5570345520973206,0.05566908419132233,50
126,microsoft/deberta-v3-base,glue,mnli,3,1000,10,1.0,8,1,10,200,False,False,0.0,,AdamW,1e-05,SGD,0.01,127,0.8686704024452369,0.36241818288039074,0.8731692432872253,0.3450085841561838,0.3211475371685811,10.882418632507324,12.098255157470703,1.2158362865447998,50
127,microsoft/deberta-v3-base,glue,mnli,3,1000,10,1.0,8,1,10,200,False,False,0.0,,AdamW,1e-05,SGD,0.01,128,0.869077941925624,0.36229109438022367,0.8728641171684296,0.3443764563016381,0.3155037668072619,0.629446268081665,0.7013856768608093,0.07193943858146667,50
128,microsoft/deberta-v3-base,glue,mnli,3,1000,10,1.0,8,1,10,200,False,False,0.0,,AdamW,1e-05,SGD,0.01,129,0.8687722873153336,0.36199119820668624,0.8731692432872253,0.3440098023076941,0.21272973231738432,0.4963725507259369,0.5554600954055786,0.05908753722906113,50
129,microsoft/deberta-v3-base,glue,mnli,3,1000,10,1.0,8,1,10,200,False,False,0.0,,AdamW,1e-05,SGD,0.01,130,0.869077941925624,0.3615960559755345,0.8734743694060212,0.34359624035250275,0.2783903911416418,0.47900882363319397,0.5310599207878113,0.05205109715461731,50
130,microsoft/deberta-v3-base,glue,mnli,3,1000,10,1.0,8,1,10,200,False,False,0.0,,AdamW,1e-05,SGD,0.01,131,0.8694854814060112,0.3610112415998567,0.8733726606997559,0.3430543461127966,0.29870808306126856,0.6420912146568298,0.714496910572052,0.07240569591522217,50
131,microsoft/deberta-v3-base,glue,mnli,3,1000,10,1.0,8,1,10,200,False,False,0.0,,AdamW,1e-05,SGD,0.01,132,0.8692817116658176,0.3602253162645915,0.8738812042310822,0.34224535752788027,0.25929435034422205,0.48378491401672363,0.5383893847465515,0.05460447072982788,50
132,microsoft/deberta-v3-base,glue,mnli,3,1000,10,1.0,8,1,10,200,False,False,0.0,,AdamW,1e-05,SGD,0.01,133,0.8696892511462048,0.3592735417885516,0.8739829129373474,0.3414184037880916,0.2127872523334809,0.4027612507343292,0.4458687901496887,0.043107543140649796,50
133,microsoft/deberta-v3-base,glue,mnli,3,1000,10,1.0,8,1,10,200,False,False,0.0,,AdamW,1e-05,SGD,0.01,134,0.8697911360163015,0.3582176278484188,0.8747965825874695,0.34029324443372794,0.2618601475325413,0.4866816997528076,0.5462307929992676,0.05954909324645996,50
134,microsoft/deberta-v3-base,glue,mnli,3,1000,10,1.0,8,1,10,200,False,False,0.0,,AdamW,1e-05,SGD,0.01,135,0.8708099847172694,0.3574038127311236,0.8746948738812043,0.33948252794914024,0.20848509412375277,0.5707130432128906,0.6380329728126526,0.06731995195150375,50
135,microsoft/deberta-v3-base,glue,mnli,3,1000,10,1.0,8,1,10,200,False,False,0.0,,AdamW,1e-05,SGD,0.01,136,0.8712175241976566,0.3566980936246474,0.8748982912937348,0.3387988238793209,0.3414822562909685,0.4574306905269623,0.5118509531021118,0.05442025139927864,50
136,microsoft/deberta-v3-base,glue,mnli,3,1000,10,1.0,8,1,10,200,False,False,0.0,,AdamW,1e-05,SGD,0.01,137,0.8699949057564952,0.35630119281662315,0.8746948738812043,0.33851541148951814,0.2757207007268444,0.6122492551803589,0.6828292608261108,0.07057999074459076,50
137,microsoft/deberta-v3-base,glue,mnli,3,1000,10,1.0,8,1,10,200,False,False,0.0,,AdamW,1e-05,SGD,0.01,138,0.8705043301069791,0.35584231347039935,0.8751017087062652,0.33847905167562625,0.27809655839251357,0.5380445122718811,0.5993816256523132,0.06133709102869034,50
138,microsoft/deberta-v3-base,glue,mnli,3,1000,10,1.0,8,1,10,200,False,False,0.0,,AdamW,1e-05,SGD,0.01,139,0.8699949057564952,0.3562593049572412,0.8751017087062652,0.33923315719236824,0.3131745145209134,0.5041723251342773,0.5640085339546204,0.05983617901802063,50
139,microsoft/deberta-v3-base,glue,mnli,3,1000,10,1.0,8,1,10,200,False,False,0.0,,AdamW,1e-05,SGD,0.01,140,0.8680590932246561,0.35730798653317064,0.875,0.3405995082164727,0.2648973699640482,0.40052714943885803,0.4440804421901703,0.04355328157544136,50
140,microsoft/deberta-v3-base,glue,mnli,3,1000,10,1.0,8,1,10,200,False,False,0.0,,AdamW,1e-05,SGD,0.01,141,0.8667345899133979,0.3580113220428585,0.8737794955248169,0.3416141382622418,0.23478198555670682,0.5059897899627686,0.5640289783477783,0.05803919583559036,50
141,microsoft/deberta-v3-base,glue,mnli,3,1000,10,1.0,8,1,10,200,False,False,0.0,,AdamW,1e-05,SGD,0.01,142,0.86571574121243,0.35955744712463994,0.8738812042310822,0.34337560306291837,0.274722319597844,0.4891139268875122,0.5457732081413269,0.0566592775285244,50
142,microsoft/deberta-v3-base,glue,mnli,3,1000,10,1.0,8,1,10,200,False,False,0.0,,AdamW,1e-05,SGD,0.01,143,0.8650025471217524,0.3615722943161111,0.8733726606997559,0.3454960702552458,0.2909870666000061,0.74345463514328,0.8258413672447205,0.08238672465085983,50
143,microsoft/deberta-v3-base,glue,mnli,3,1000,10,1.0,8,1,10,200,False,False,0.0,,AdamW,1e-05,SGD,0.01,144,0.8630667345899133,0.3632658493037912,0.8713384865744508,0.34732504151428106,0.18656921156775208,0.3603500425815582,0.3978612720966339,0.03751123696565628,50
144,microsoft/deberta-v3-base,glue,mnli,3,1000,10,1.0,8,1,10,200,False,False,0.0,,AdamW,1e-05,SGD,0.01,145,0.8619460010188487,0.36513205347453664,0.8700162733930025,0.34928757642783026,0.2510509395115078,0.41367945075035095,0.45853668451309204,0.044857241213321686,50
145,microsoft/deberta-v3-base,glue,mnli,3,1000,10,1.0,8,1,10,200,False,False,0.0,,AdamW,1e-05,SGD,0.01,146,0.8618441161487519,0.36600220815173085,0.8699145646867372,0.3502548578838637,0.3263072704109363,0.7747882604598999,0.863684356212616,0.08889611810445786,50
146,microsoft/deberta-v3-base,glue,mnli,3,1000,10,1.0,8,1,10,200,False,False,0.0,,AdamW,1e-05,SGD,0.01,147,0.8624554253693326,0.36552761116208543,0.8704231082180635,0.34992399568646004,0.2552278101355768,0.6171399354934692,0.6848756670951843,0.06773574650287628,50
147,microsoft/deberta-v3-base,glue,mnli,3,1000,10,1.0,8,1,10,200,False,False,0.0,,AdamW,1e-05,SGD,0.01,148,0.8629648497198166,0.36448553680899964,0.8699145646867372,0.3489870277329661,0.24137096100975758,0.41018378734588623,0.4558172821998596,0.04563349112868309,50
148,microsoft/deberta-v3-base,glue,mnli,3,1000,10,1.0,8,1,10,200,False,False,0.0,,AdamW,1e-05,SGD,0.01,149,0.8633723892002038,0.36330548329878454,0.8705248169243287,0.3477447665015355,0.26178219545888715,0.4398469924926758,0.48932740092277527,0.049480415880680084,50
149,microsoft/deberta-v3-base,glue,mnli,3,1000,10,1.0,8,1,10,200,False,False,0.0,,AdamW,1e-05,SGD,0.01,150,0.8653082017320428,0.36062051739601364,0.8719487388120423,0.34526311350642325,0.23873302458599208,0.40560653805732727,0.4528164863586426,0.04720993712544441,50
150,microsoft/deberta-v3-base,glue,mnli,3,1000,10,1.0,8,1,10,200,False,False,0.0,,AdamW,1e-05,SGD,0.01,151,0.8665308201732043,0.3583351106708528,0.8726606997558991,0.3431198689131789,0.27471036098338664,0.4467962682247162,0.4970671832561493,0.0502709224820137,50
151,microsoft/deberta-v3-base,glue,mnli,3,1000,10,1.0,8,1,10,200,False,False,0.0,,AdamW,1e-05,SGD,0.01,152,0.8676515537442689,0.3560751694442056,0.8734743694060212,0.34115876330621997,0.2725031057740562,0.4724917709827423,0.5248466730117798,0.05235490947961807,50
152,microsoft/deberta-v3-base,glue,mnli,3,1000,10,1.0,8,1,10,200,False,False,0.0,,AdamW,1e-05,SGD,0.01,153,0.8678553234844626,0.3530594975260233,0.8742880390561432,0.33857576383400534,0.2086395747164497,0.4733893573284149,0.5283581614494324,0.05496880039572716,50
153,microsoft/deberta-v3-base,glue,mnli,3,1000,10,1.0,8,1,10,200,False,False,0.0,,AdamW,1e-05,SGD,0.01,154,0.8698930208863984,0.3503846477872002,0.8758136696501221,0.33631714827178744,0.15314548823237423,0.3077846169471741,0.3388793170452118,0.03109470009803772,50
154,microsoft/deberta-v3-base,glue,mnli,3,1000,10,1.0,8,1,10,200,False,False,0.0,,AdamW,1e-05,SGD,0.01,155,0.872032603158431,0.34768821182186366,0.8762205044751831,0.33394420203321634,0.21428557420987637,0.41961315274238586,0.46787595748901367,0.04826280102133751,50
155,microsoft/deberta-v3-base,glue,mnli,3,1000,10,1.0,8,1,10,200,False,False,0.0,,AdamW,1e-05,SGD,0.01,156,0.873458991339786,0.3451726851785994,0.8777461350691619,0.331945931364648,0.2507549287050497,0.5201091170310974,0.5770118236541748,0.05690271034836769,50
156,microsoft/deberta-v3-base,glue,mnli,3,1000,10,1.0,8,1,10,200,False,False,0.0,,AdamW,1e-05,SGD,0.01,157,0.8733571064696892,0.3432827224422128,0.8779495524816925,0.33062112817739303,0.285498714578338,0.5095943808555603,0.568696916103363,0.05910255387425423,50
157,microsoft/deberta-v3-base,glue,mnli,3,1000,10,1.0,8,1,10,200,False,False,0.0,,AdamW,1e-05,SGD,0.01,158,0.8738665308201732,0.34223848542907465,0.878152969894223,0.32970470160797566,0.24015532248141241,0.4245954751968384,0.4752318859100342,0.0506364181637764,50
158,microsoft/deberta-v3-base,glue,mnli,3,1000,10,1.0,8,1,10,200,False,False,0.0,,AdamW,1e-05,SGD,0.01,159,0.8742740703005604,0.34140941634252,0.878152969894223,0.3287207339507618,0.15618879747530443,0.3998757004737854,0.4446735978126526,0.044797882437705994,50
159,microsoft/deberta-v3-base,glue,mnli,3,1000,10,1.0,8,1,10,200,False,False,0.0,,AdamW,1e-05,SGD,0.01,160,0.8747834946510443,0.34092800110766774,0.8782546786004882,0.3279092009167927,0.2650036940723658,0.5318878293037415,0.5907506346702576,0.05886282026767731,50
160,microsoft/deberta-v3-base,glue,mnli,3,1000,10,1.0,8,1,10,200,False,False,0.0,,AdamW,1e-05,SGD,0.01,161,0.8749872643912379,0.34105679695665253,0.8791700569568756,0.32750777838080275,0.2538888808917254,0.4611208438873291,0.5122866630554199,0.051165834069252014,50
161,microsoft/deberta-v3-base,glue,mnli,3,1000,10,1.0,8,1,10,200,False,False,0.0,,AdamW,1e-05,SGD,0.01,162,0.876413652572593,0.34089179496571553,0.879373474369406,0.3266822046231239,0.2451542202429846,0.5859361290931702,0.6564297080039978,0.07049356400966644,50
162,microsoft/deberta-v3-base,glue,mnli,3,1000,10,1.0,8,1,10,200,False,False,0.0,,AdamW,1e-05,SGD,0.01,163,0.8773306164034641,0.3403460339513268,0.8794751830756713,0.32567453219504544,0.19984413216402752,0.49669861793518066,0.555998682975769,0.059300053864717484,50
163,microsoft/deberta-v3-base,glue,mnli,3,1000,10,1.0,8,1,10,200,False,False,0.0,,AdamW,1e-05,SGD,0.01,164,0.8773306164034641,0.3395356007585243,0.880187144019528,0.32476656896837414,0.25760801295191044,0.4713287055492401,0.5266293883323669,0.05530069023370743,50
164,microsoft/deberta-v3-base,glue,mnli,3,1000,10,1.0,8,1,10,200,False,False,0.0,,AdamW,1e-05,SGD,0.01,165,0.8773306164034641,0.3388636499634218,0.8802888527257934,0.32400852615018266,0.24487106072437018,0.5047153234481812,0.5591216683387756,0.05440632998943329,50
165,microsoft/deberta-v3-base,glue,mnli,3,1000,10,1.0,8,1,10,200,False,False,0.0,,AdamW,1e-05,SGD,0.01,166,0.8769230769230769,0.3382902096125078,0.8800854353132628,0.3234058187196927,0.23986887114681305,0.6323562860488892,0.70001620054245,0.06765994429588318,50
166,microsoft/deberta-v3-base,glue,mnli,3,1000,10,1.0,8,1,10,200,False,False,0.0,,AdamW,1e-05,SGD,0.01,167,0.8767193071828834,0.3378500346407088,0.8792717656631408,0.32294521709347856,0.24152393912011755,0.4866185784339905,0.5384718179702759,0.051853246986866,50
167,microsoft/deberta-v3-base,glue,mnli,3,1000,10,1.0,8,1,10,200,False,False,0.0,,AdamW,1e-05,SGD,0.01,168,0.8771268466632705,0.3378316988165095,0.8795768917819365,0.3227636721136732,0.24471944360714404,0.5010070204734802,0.5590286254882812,0.05802161246538162,50
168,microsoft/deberta-v3-base,glue,mnli,3,1000,10,1.0,8,1,10,200,False,False,0.0,,AdamW,1e-05,SGD,0.01,169,0.8777381558838513,0.3378469227906544,0.8792717656631408,0.3228765165098345,0.17961300842068156,0.42662373185157776,0.475098580121994,0.04847485572099686,50
169,microsoft/deberta-v3-base,glue,mnli,3,1000,10,1.0,8,1,10,200,False,False,0.0,,AdamW,1e-05,SGD,0.01,170,0.8785532348446256,0.3376717042396514,0.879373474369406,0.32294986150746574,0.2640533409835771,0.436421662569046,0.48764824867248535,0.051226578652858734,50
170,microsoft/deberta-v3-base,glue,mnli,3,1000,10,1.0,8,1,10,200,False,False,0.0,,AdamW,1e-05,SGD,0.01,171,0.8789607743250127,0.3376542203547319,0.8792717656631408,0.3231686235604803,0.28255395296495406,0.49242323637008667,0.5480660796165466,0.055642835795879364,50
171,microsoft/deberta-v3-base,glue,mnli,3,1000,10,1.0,8,1,10,200,False,False,0.0,,AdamW,1e-05,SGD,0.01,172,0.8793683138053999,0.3372005195931487,0.8796786004882018,0.3229531807911357,0.257975397311151,0.47628888487815857,0.5326340198516846,0.056345134973526,50
172,microsoft/deberta-v3-base,glue,mnli,3,1000,10,1.0,8,1,10,200,False,False,0.0,,AdamW,1e-05,SGD,0.01,173,0.8796739684156902,0.3369525818013037,0.8803905614320586,0.32305612244118126,0.21317362962919292,0.3858681917190552,0.4300297200679779,0.04416152834892273,50
173,microsoft/deberta-v3-base,glue,mnli,3,1000,10,1.0,8,1,10,200,False,False,0.0,,AdamW,1e-05,SGD,0.01,174,0.8795720835455935,0.33647448627981064,0.880187144019528,0.3232182624398983,0.19156104513618627,0.41296446323394775,0.4594658315181732,0.046501364558935165,50
174,microsoft/deberta-v3-base,glue,mnli,3,1000,10,1.0,8,1,10,200,False,False,0.0,,AdamW,1e-05,SGD,0.01,175,0.878858889454916,0.3358064002092524,0.8796786004882018,0.3234334007766404,0.22937916902219876,0.4765090048313141,0.5305415987968445,0.054032597690820694,50
175,microsoft/deberta-v3-base,glue,mnli,3,1000,10,1.0,8,1,10,200,False,False,0.0,,AdamW,1e-05,SGD,0.01,176,0.8786551197147223,0.33576802286215446,0.879373474369406,0.32405520317828973,0.25829571590572603,0.4867388606071472,0.5424795746803284,0.05574072152376175,50
176,microsoft/deberta-v3-base,glue,mnli,3,1000,10,1.0,8,1,10,200,False,False,0.0,,AdamW,1e-05,SGD,0.01,177,0.8785532348446256,0.33538335517728923,0.879373474369406,0.32412620776456436,0.21033517752587794,0.3885343372821808,0.4339950680732727,0.04546072334051132,50
177,microsoft/deberta-v3-base,glue,mnli,3,1000,10,1.0,8,1,10,200,False,False,0.0,,AdamW,1e-05,SGD,0.01,178,0.8780438104941416,0.3351625533548306,0.8796786004882018,0.32420304360472885,0.27191773052979257,0.5810023546218872,0.6450302600860596,0.06402793526649475,50
178,microsoft/deberta-v3-base,glue,mnli,3,1000,10,1.0,8,1,10,200,False,False,0.0,,AdamW,1e-05,SGD,0.01,179,0.8781456953642384,0.3351103906620661,0.879780309194467,0.3241943062500584,0.2643121313350275,0.5236740708351135,0.5833680629730225,0.05969398096203804,50
179,microsoft/deberta-v3-base,glue,mnli,3,1000,10,1.0,8,1,10,200,False,False,0.0,,AdamW,1e-05,SGD,0.01,180,0.8787570045848192,0.33468592561744975,0.8804922701383239,0.32345772109186144,0.17409569562762045,0.351343035697937,0.39077287912368774,0.03942982852458954,50
180,microsoft/deberta-v3-base,glue,mnli,3,1000,10,1.0,8,1,10,200,False,False,0.0,,AdamW,1e-05,SGD,0.01,181,0.8800815078960774,0.3340287434002468,0.8804922701383239,0.3223579535616957,0.24453029096336104,0.4820382595062256,0.5364106297492981,0.05437237024307251,50
181,microsoft/deberta-v3-base,glue,mnli,3,1000,10,1.0,8,1,10,200,False,False,0.0,,AdamW,1e-05,SGD,0.01,182,0.8796739684156902,0.33346288651076145,0.8811025223759154,0.3214823017374251,0.28920944840926677,0.5201773643493652,0.577101469039917,0.05692411959171295,50
182,microsoft/deberta-v3-base,glue,mnli,3,1000,10,1.0,8,1,10,200,False,False,0.0,,AdamW,1e-05,SGD,0.01,183,0.8800815078960774,0.3324774435061746,0.8822213181448332,0.32034510431358054,0.27420428503071886,0.4291761815547943,0.47953566908836365,0.050359487533569336,50
183,microsoft/deberta-v3-base,glue,mnli,3,1000,10,1.0,8,1,10,200,False,False,0.0,,AdamW,1e-05,SGD,0.01,184,0.8811003565970453,0.3315812821356548,0.8821196094385679,0.3191605011308892,0.2549643316185102,0.5566604137420654,0.6200043559074402,0.06334391236305237,50
184,microsoft/deberta-v3-base,glue,mnli,3,1000,10,1.0,8,1,10,200,False,False,0.0,,AdamW,1e-05,SGD,0.01,185,0.8809984717269486,0.3312038899746214,0.8814076484947111,0.31847082272753957,0.2787961415918544,0.5126319527626038,0.5680723786354065,0.05544040724635124,50
185,microsoft/deberta-v3-base,glue,mnli,3,1000,10,1.0,8,1,10,200,False,False,0.0,,AdamW,1e-05,SGD,0.01,186,0.8805909322465614,0.330934601095858,0.8824247355573637,0.3181664846849645,0.2736713298133109,0.5784006714820862,0.6426140069961548,0.0642133504152298,50
186,microsoft/deberta-v3-base,glue,mnli,3,1000,10,1.0,8,1,10,200,False,False,0.0,,AdamW,1e-05,SGD,0.01,187,0.8801833927661742,0.3308093507607948,0.8825264442636289,0.3181023328535507,0.19893482338730245,0.3812413811683655,0.42242488265037537,0.041183508932590485,50
187,microsoft/deberta-v3-base,glue,mnli,3,1000,10,1.0,8,1,10,200,False,False,0.0,,AdamW,1e-05,SGD,0.01,188,0.8787570045848192,0.33095481953664874,0.8815093572009765,0.3182726304741702,0.2718737706132233,0.4872564971446991,0.5413720011711121,0.05411551520228386,50
188,microsoft/deberta-v3-base,glue,mnli,3,1000,10,1.0,8,1,10,200,False,False,0.0,,AdamW,1e-05,SGD,0.01,189,0.8781456953642384,0.3311412503765236,0.8820179007323027,0.3183661049127312,0.2111467803074047,0.6839879155158997,0.762795627117157,0.07880768924951553,50
189,microsoft/deberta-v3-base,glue,mnli,3,1000,10,1.0,8,1,10,200,False,False,0.0,,AdamW,1e-05,SGD,0.01,190,0.8787570045848192,0.3316644573024039,0.8813059397884458,0.31862143171758694,0.20428240872337483,0.3974180817604065,0.4416158199310303,0.04419775307178497,50
190,microsoft/deberta-v3-base,glue,mnli,3,1000,10,1.0,8,1,10,200,False,False,0.0,,AdamW,1e-05,SGD,0.01,191,0.8785532348446256,0.33243543132623476,0.8811025223759154,0.31896924623648165,0.1691862116120756,0.3553212285041809,0.39354586601257324,0.038224637508392334,50
191,microsoft/deberta-v3-base,glue,mnli,3,1000,10,1.0,8,1,10,200,False,False,0.0,,AdamW,1e-05,SGD,0.01,192,0.8791645440652063,0.3328817338920286,0.8813059397884458,0.31917348998296396,0.21836228272039446,0.5162174701690674,0.572975754737854,0.056758277118206024,50
192,microsoft/deberta-v3-base,glue,mnli,3,1000,10,1.0,8,1,10,200,False,False,0.0,,AdamW,1e-05,SGD,0.01,193,0.8797758532857871,0.3339458024106501,0.879780309194467,0.31994234645349695,0.26235454622469845,0.4624423384666443,0.5172119736671448,0.054769620299339294,50
193,microsoft/deberta-v3-base,glue,mnli,3,1000,10,1.0,8,1,10,200,False,False,0.0,,AdamW,1e-05,SGD,0.01,194,0.8787570045848192,0.3350590680086015,0.8798820179007323,0.3206367413062478,0.1790922119929455,0.38876837491989136,0.4335380494594574,0.04476967081427574,50
194,microsoft/deberta-v3-base,glue,mnli,3,1000,10,1.0,8,1,10,200,False,False,0.0,,AdamW,1e-05,SGD,0.01,195,0.8782475802343352,0.33634383232008663,0.880187144019528,0.32136346126525406,0.24767544819880277,0.4926568567752838,0.5488025546073914,0.056145697832107544,50
195,microsoft/deberta-v3-base,glue,mnli,3,1000,10,1.0,8,1,10,200,False,False,0.0,,AdamW,1e-05,SGD,0.01,196,0.8776362710137544,0.33763125628087226,0.8803905614320586,0.32219468186434397,0.3252757933023386,0.7336157560348511,0.8145095705986023,0.08089384436607361,50
196,microsoft/deberta-v3-base,glue,mnli,3,1000,10,1.0,8,1,10,200,False,False,0.0,,AdamW,1e-05,SGD,0.01,197,0.8769230769230769,0.3385205455367266,0.8800854353132628,0.32295400257835405,0.20089428979251536,0.328962117433548,0.36735424399375916,0.038392119109630585,50
197,microsoft/deberta-v3-base,glue,mnli,3,1000,10,1.0,8,1,10,200,False,False,0.0,,AdamW,1e-05,SGD,0.01,198,0.8776362710137544,0.33895305511044505,0.8794751830756713,0.32361525097866434,0.24066777023673064,0.3851758539676666,0.43256622552871704,0.04739036411046982,50
198,microsoft/deberta-v3-base,glue,mnli,3,1000,10,1.0,8,1,10,200,False,False,0.0,,AdamW,1e-05,SGD,0.01,199,0.8779419256240448,0.3384969307879364,0.879373474369406,0.32340857038763937,0.19334641861729324,0.5641570091247559,0.6312212347984314,0.06706424802541733,50
199,microsoft/deberta-v3-base,glue,mnli,3,1000,10,1.0,8,1,10,200,False,False,0.0,,AdamW,1e-05,SGD,0.01,200,0.8773306164034641,0.3373261329527419,0.879373474369406,0.3227638403897949,0.2370095807528123,0.369282066822052,0.4140875041484833,0.044805437326431274,50
