,Unnamed: 0,checkpoint,ds_path,ds_name,num_labels,num_clients,clients_per_round,alpha,batch_size,local_epochs,total_rounds,fda,theta,extras,server_opt_name,server_opt_lr,client_opt_name,client_opt_lr,round,accuracy,testing_loss,training_loss,variance,avg_norm_sq_drifts,norm_sq_avg_drift,round_steps
0,0,roberta-base,glue,rte,2,10,5,1.0,8,1,250,True,1.0,,Adam,1e-05,SGD,1e-05,1,0.5270758122743683,0.6926826017243521,0.7184510876492756,1.253646814802778e-06,1.8971053350469449e-06,6.434585202441667e-07,41
1,1,roberta-base,glue,rte,2,10,5,1.0,8,1,250,True,1.0,,Adam,1e-05,SGD,1e-05,2,0.5270758122743683,0.6931494201932634,0.6735925072804093,3.201662821084028e-06,1.0081316759169567e-05,6.879653938085539e-06,320
2,2,roberta-base,glue,rte,2,10,5,1.0,8,1,250,True,1.0,,Adam,1e-05,SGD,1e-05,3,0.5270758122743683,0.6933965870312282,0.6954360426926032,4.712361715064617e-06,5.050894742453238e-06,3.3853308423204e-07,82
3,3,roberta-base,glue,rte,2,10,5,1.0,8,1,250,True,1.0,,Adam,1e-05,SGD,1e-05,4,0.5270758122743683,0.6934535162789481,0.687323298221681,1.6050709746195935e-05,1.6557969502173364e-05,5.072589601695654e-07,205
4,4,roberta-base,glue,rte,2,10,5,1.0,8,1,250,True,1.0,,Adam,1e-05,SGD,1e-05,5,0.5270758122743683,0.6930621147155762,0.709708184730716,1.9675553630804643e-05,2.7685557142831385e-05,8.010003512026742e-06,164
5,5,roberta-base,glue,rte,2,10,5,1.0,8,1,250,True,1.0,,Adam,1e-05,SGD,1e-05,6,0.5270758122743683,0.6929752400943211,0.674047267884016,3.727360990524176e-06,6.700128778902581e-06,2.9727677883784054e-06,320
6,6,roberta-base,glue,rte,2,10,5,1.0,8,1,250,True,1.0,,Adam,1e-05,SGD,1e-05,7,0.5270758122743683,0.6928261297089713,0.6985118499616298,4.517894922173582e-06,4.990443812857848e-06,4.725490327928128e-07,82
7,7,roberta-base,glue,rte,2,10,5,1.0,8,1,250,True,1.0,,Adam,1e-05,SGD,1e-05,8,0.5270758122743683,0.6926579560552325,0.6844335829630128,1.6177316865650937e-05,1.633213832974434e-05,1.5482174831049633e-07,205
8,8,roberta-base,glue,rte,2,10,5,1.0,8,1,250,True,1.0,,Adam,1e-05,SGD,1e-05,9,0.5270758122743683,0.6924441354615348,0.688080404953259,1.812652772059664e-05,1.875390807981603e-05,6.273812118706701e-07,164
9,9,roberta-base,glue,rte,2,10,5,1.0,8,1,250,True,1.0,,Adam,1e-05,SGD,1e-05,10,0.5270758122743683,0.6921703900609698,0.689660646026558,2.6297979275113903e-05,2.8208387448103167e-05,1.9104079456155887e-06,287
10,10,roberta-base,glue,rte,2,10,5,1.0,8,1,250,True,1.0,,Adam,1e-05,SGD,1e-05,11,0.5270758122743683,0.6918552075113569,0.6910748738195838,2.6404948584968224e-05,2.8539476261357777e-05,2.134527903763228e-06,205
11,11,roberta-base,glue,rte,2,10,5,1.0,8,1,250,True,1.0,,Adam,1e-05,SGD,1e-05,12,0.5270758122743683,0.6915856940405709,0.6835136578888842,3.1774114177096635e-05,3.194406963302754e-05,1.6995592488910918e-07,287
12,12,roberta-base,glue,rte,2,10,5,1.0,8,1,250,True,1.0,,Adam,1e-05,SGD,1e-05,13,0.5270758122743683,0.6914807081222534,0.6767989155650139,4.214125965518178e-06,9.166188647213858e-06,4.952062681695679e-06,320
13,13,roberta-base,glue,rte,2,10,5,1.0,8,1,250,True,1.0,,Adam,1e-05,SGD,1e-05,14,0.5270758122743683,0.691340708732605,0.7015023586226672,5.7496963563608006e-06,6.969388323341264e-06,1.2196920806673006e-06,82
14,14,roberta-base,glue,rte,2,10,5,1.0,8,1,250,True,1.0,,Adam,1e-05,SGD,1e-05,15,0.5270758122743683,0.691333179814475,0.6735904758796096,3.2635871320962906e-06,1.2185238119855056e-05,8.921650987758767e-06,320
15,15,roberta-base,glue,rte,2,10,5,1.0,8,1,250,True,1.0,,Adam,1e-05,SGD,1e-05,16,0.5270758122743683,0.6912608793803624,0.7046316633864147,4.809166057384573e-06,6.606270744669018e-06,1.7971045735976077e-06,82
16,16,roberta-base,glue,rte,2,10,5,1.0,8,1,250,True,1.0,,Adam,1e-05,SGD,1e-05,17,0.5270758122743683,0.6911615644182477,0.6883761243122379,1.7827242118073627e-05,1.84806740435306e-05,6.534319823003898e-07,164
17,17,roberta-base,glue,rte,2,10,5,1.0,8,1,250,True,1.0,,Adam,1e-05,SGD,1e-05,18,0.5270758122743683,0.6910457355635506,0.6857421524156401,2.271931771247182e-05,2.294496152899228e-05,2.2564435653293918e-07,246
18,18,roberta-base,glue,rte,2,10,5,1.0,8,1,250,True,1.0,,Adam,1e-05,SGD,1e-05,19,0.5270758122743683,0.6910389048712594,0.6757215516269207,3.502630534057971e-06,1.0480222044861875e-05,6.977591510803904e-06,320
19,19,roberta-base,glue,rte,2,10,5,1.0,8,1,250,True,1.0,,Adam,1e-05,SGD,1e-05,20,0.5270758122743683,0.6909844330378941,0.7042722901193107,5.838107426825445e-06,7.370209914370207e-06,1.5321023738579242e-06,82
20,20,roberta-base,glue,rte,2,10,5,1.0,8,1,250,True,1.0,,Adam,1e-05,SGD,1e-05,21,0.5270758122743683,0.6909991008894784,0.6798866937682033,4.078407528140815e-06,6.381615094142035e-06,2.30320756600122e-06,320
21,21,roberta-base,glue,rte,2,10,5,1.0,8,1,250,True,1.0,,Adam,1e-05,SGD,1e-05,22,0.5270758122743683,0.6909648401396615,0.6989570447584478,6.591796136490302e-06,7.617379196744878e-06,1.0255830602545757e-06,82
22,22,roberta-base,glue,rte,2,10,5,1.0,8,1,250,True,1.0,,Adam,1e-05,SGD,1e-05,23,0.5270758122743683,0.6907992941992623,0.6997622654205415,2.203738222306129e-05,2.84177549474407e-05,6.380373179126764e-06,164
23,23,roberta-base,glue,rte,2,10,5,1.0,8,1,250,True,1.0,,Adam,1e-05,SGD,1e-05,24,0.5270758122743683,0.6907391888754708,0.6753816448524594,3.124086106254253e-06,7.56706094762194e-06,4.442974841367686e-06,320
24,24,roberta-base,glue,rte,2,10,5,1.0,8,1,250,True,1.0,,Adam,1e-05,SGD,1e-05,25,0.5270758122743683,0.6906513111931937,0.7047492536102853,8.142300430336036e-06,1.0298516826878767e-05,2.1562168512900826e-06,41
25,25,roberta-base,glue,rte,2,10,5,1.0,8,1,250,True,1.0,,Adam,1e-05,SGD,1e-05,26,0.5270758122743683,0.6907095091683524,0.6714448828995228,2.8104586817789823e-06,1.056495511875255e-05,7.754496436973568e-06,320
26,26,roberta-base,glue,rte,2,10,5,1.0,8,1,250,True,1.0,,Adam,1e-05,SGD,1e-05,27,0.5270758122743683,0.6907392689159938,0.6935232848655887,5.046577371103922e-06,5.429955308500212e-06,3.833779658179992e-07,82
27,27,roberta-base,glue,rte,2,10,5,1.0,8,1,250,True,1.0,,Adam,1e-05,SGD,1e-05,28,0.5270758122743683,0.6907443659646171,0.6825132817756838,1.73676908161724e-05,1.7490847312728874e-05,1.231557007486117e-07,205
28,28,roberta-base,glue,rte,2,10,5,1.0,8,1,250,True,1.0,,Adam,1e-05,SGD,1e-05,29,0.5270758122743683,0.6909769279616219,0.6668373363248764,1.770630660757888e-06,1.0414486496301834e-05,8.643855835543945e-06,310
29,29,roberta-base,glue,rte,2,10,5,1.0,8,1,250,True,1.0,,Adam,1e-05,SGD,1e-05,30,0.5270758122743683,0.6911558032035827,0.7143450931804936,1.412050551152788e-06,2.137507635779912e-06,7.254570846271235e-07,41
30,30,roberta-base,glue,rte,2,10,5,1.0,8,1,250,True,1.0,,Adam,1e-05,SGD,1e-05,31,0.5270758122743683,0.6911721672330584,0.6958643038098405,1.056906876328867e-05,1.2556158253573813e-05,1.987089262911468e-06,123
31,31,roberta-base,glue,rte,2,10,5,1.0,8,1,250,True,1.0,,Adam,1e-05,SGD,1e-05,32,0.5270758122743683,0.691152218409947,0.677005706763849,2.03205654543126e-05,2.0446035705390383e-05,1.254703505537691e-07,205
32,32,roberta-base,glue,rte,2,10,5,1.0,8,1,250,True,1.0,,Adam,1e-05,SGD,1e-05,33,0.5270758122743683,0.6913469467844282,0.6690590411052109,4.124380211578682e-06,7.589323104184586e-06,3.4649428926059045e-06,320
33,33,roberta-base,glue,rte,2,10,5,1.0,8,1,250,True,1.0,,Adam,1e-05,SGD,1e-05,34,0.5270758122743683,0.6912839702197484,0.707897395913194,6.193207809701562e-06,8.697858902451117e-06,2.50465132012323e-06,82
34,34,roberta-base,glue,rte,2,10,5,1.0,8,1,250,True,1.0,,Adam,1e-05,SGD,1e-05,35,0.5270758122743683,0.6910249131066458,0.6811016539248025,1.9644148778752424e-05,2.051860064966604e-05,8.744513024794287e-07,205
35,35,roberta-base,glue,rte,2,10,5,1.0,8,1,250,True,1.0,,Adam,1e-05,SGD,1e-05,36,0.5270758122743683,0.6904911228588649,0.6879011507441358,2.177247188228648e-05,2.4053906599874608e-05,2.2814347175881267e-06,164
36,36,roberta-base,glue,rte,2,10,5,1.0,8,1,250,True,1.0,,Adam,1e-05,SGD,1e-05,37,0.5270758122743683,0.6897157055991037,0.6820547177733444,3.449205178185366e-05,3.638654743554071e-05,1.8944939483844792e-06,205
37,37,roberta-base,glue,rte,2,10,5,1.0,8,1,250,True,1.0,,Adam,1e-05,SGD,1e-05,38,0.5270758122743683,0.6887861217771257,0.6820453853505415,4.125926716369577e-05,4.445662852958776e-05,3.197361365891993e-06,328
38,38,roberta-base,glue,rte,2,10,5,1.0,8,1,250,True,1.0,,Adam,1e-05,SGD,1e-05,39,0.5270758122743683,0.6877547706876482,0.6840313875384446,3.4634122130228207e-05,3.767269299714826e-05,3.038569957425352e-06,205
39,39,roberta-base,glue,rte,2,10,5,1.0,8,1,250,True,1.0,,Adam,1e-05,SGD,1e-05,40,0.5270758122743683,0.6868245005607605,0.6759035559896807,3.955016654799692e-05,4.0025242924457416e-05,4.750752395921154e-07,287
40,40,roberta-base,glue,rte,2,10,5,1.0,8,1,250,True,1.0,,Adam,1e-05,SGD,1e-05,41,0.5270758122743683,0.6859098638807024,0.6776905497399773,2.9600232664961368e-05,3.010332875419408e-05,5.030959755458753e-07,246
41,41,roberta-base,glue,rte,2,10,5,1.0,8,1,250,True,1.0,,Adam,1e-05,SGD,1e-05,42,0.5270758122743683,0.6848669086183821,0.6784870198587092,2.518130531825591e-05,2.5947683752747253e-05,7.663785481781815e-07,164
42,42,roberta-base,glue,rte,2,10,5,1.0,8,1,250,True,1.0,,Adam,1e-05,SGD,1e-05,43,0.5270758122743683,0.6839604582105364,0.6690816534683108,4.931605872116052e-06,1.840110599005129e-05,1.346950011793524e-05,320
43,43,roberta-base,glue,rte,2,10,5,1.0,8,1,250,True,1.0,,Adam,1e-05,SGD,1e-05,44,0.5270758122743683,0.6830481989043099,0.6895135674534775,8.954770237323828e-06,1.0374268640589436e-05,1.4194985169524443e-06,82
44,44,roberta-base,glue,rte,2,10,5,1.0,8,1,250,True,1.0,,Adam,1e-05,SGD,1e-05,45,0.5234657039711191,0.681904889856066,0.6797197512737134,2.5141283913399093e-05,2.7245505407336168e-05,2.104221948684426e-06,164
45,45,roberta-base,glue,rte,2,10,5,1.0,8,1,250,True,1.0,,Adam,1e-05,SGD,1e-05,46,0.5306859205776173,0.6808644941874913,0.6637614035509466,3.791621566051617e-05,3.9545186155010015e-05,1.6289692439386272e-06,246
46,46,roberta-base,glue,rte,2,10,5,1.0,8,1,250,True,1.0,,Adam,1e-05,SGD,1e-05,47,0.5270758122743683,0.6812392933028085,0.6589869867637754,4.0929808164946735e-06,1.947107921296265e-05,1.5378098396467976e-05,320
47,47,roberta-base,glue,rte,2,10,5,1.0,8,1,250,True,1.0,,Adam,1e-05,SGD,1e-05,48,0.5306859205776173,0.6818392055375235,0.6958141841539522,2.338272679480724e-06,3.5193240819353377e-06,1.1810514024546135e-06,41
48,48,roberta-base,glue,rte,2,10,5,1.0,8,1,250,True,1.0,,Adam,1e-05,SGD,1e-05,49,0.5306859205776173,0.6809683935982841,0.6724952721014256,1.8950586309074424e-05,2.196505192841869e-05,3.014466074091615e-06,123
49,49,roberta-base,glue,rte,2,10,5,1.0,8,1,250,True,1.0,,Adam,1e-05,SGD,1e-05,50,0.5487364620938628,0.6774655273982457,0.6605103769680348,4.0943305066321045e-05,4.6089910028968006e-05,5.146603143657558e-06,246
50,50,roberta-base,glue,rte,2,10,5,1.0,8,1,250,True,1.0,,Adam,1e-05,SGD,1e-05,51,0.5631768953068592,0.6714925101825169,0.6609898222292341,4.160220487392508e-05,4.5882425183663145e-05,4.280219400243368e-06,164
51,51,roberta-base,glue,rte,2,10,5,1.0,8,1,250,True,1.0,,Adam,1e-05,SGD,1e-05,52,0.6064981949458483,0.6643458093915667,0.6508341576164194,5.555351890507154e-05,6.162074714666232e-05,6.067229151085485e-06,287
52,52,roberta-base,glue,rte,2,10,5,1.0,8,1,250,True,1.0,,Adam,1e-05,SGD,1e-05,53,0.6137184115523465,0.6602843523025512,0.6351543539954769,5.491187039297074e-06,3.9851292967796326e-05,3.436010592849925e-05,310
53,53,roberta-base,glue,rte,2,10,5,1.0,8,1,250,True,1.0,,Adam,1e-05,SGD,1e-05,54,0.6173285198555957,0.655544182232448,0.6661599383121583,5.0964249567186926e-06,6.60601517665782e-06,1.5095902199391276e-06,41
54,54,roberta-base,glue,rte,2,10,5,1.0,8,1,250,True,1.0,,Adam,1e-05,SGD,1e-05,55,0.6534296028880866,0.6483372952256884,0.6424290344482515,4.236988024786115e-05,5.191416130401194e-05,9.54427923716139e-06,123
55,55,roberta-base,glue,rte,2,10,5,1.0,8,1,250,True,1.0,,Adam,1e-05,SGD,1e-05,56,0.6425992779783394,0.6453759755407061,0.61895024869591,1.1589712812565269e-05,4.943320163874887e-05,3.78434888261836e-05,320
56,56,roberta-base,glue,rte,2,10,5,1.0,8,1,250,True,1.0,,Adam,1e-05,SGD,1e-05,57,0.6209386281588448,0.6481879472732544,0.6215295951540878,7.479441592295188e-06,7.87119734013686e-06,3.917559183719277e-07,41
57,57,roberta-base,glue,rte,2,10,5,1.0,8,1,250,True,1.0,,Adam,1e-05,SGD,1e-05,58,0.6245487364620939,0.6511005052498409,0.6130488967459375,4.6459965233225375e-05,5.361614239518531e-05,7.156177616707282e-06,205
58,58,roberta-base,glue,rte,2,10,5,1.0,8,1,250,True,1.0,,Adam,1e-05,SGD,1e-05,59,0.6389891696750902,0.6567386439868382,0.5977824938483536,1.7401685909135267e-05,2.3699778466834687e-05,6.298092102952069e-06,320
59,59,roberta-base,glue,rte,2,10,5,1.0,8,1,250,True,1.0,,Adam,1e-05,SGD,1e-05,60,0.6534296028880866,0.6477481339659009,0.6071356985627151,1.681289722910151e-05,2.4078486603684723e-05,7.265590284077916e-06,41
60,60,roberta-base,glue,rte,2,10,5,1.0,8,1,250,True,1.0,,Adam,1e-05,SGD,1e-05,61,0.6787003610108303,0.6138138047286442,0.5718596475734943,8.310416887979954e-05,0.0001391235709888,5.6019402109086514e-05,205
61,61,roberta-base,glue,rte,2,10,5,1.0,8,1,250,True,1.0,,Adam,1e-05,SGD,1e-05,62,0.6823104693140795,0.606657304934093,0.5511508755626217,2.2214353521121662e-05,5.5740772950230166e-05,3.35264194291085e-05,310
62,62,roberta-base,glue,rte,2,10,5,1.0,8,1,250,True,1.0,,Adam,1e-05,SGD,1e-05,63,0.703971119133574,0.6062750262873513,0.548863123357296,1.822063495637849e-05,2.7762753234128468e-05,9.542118277749978e-06,82
63,63,roberta-base,glue,rte,2,10,5,1.0,8,1,250,True,1.0,,Adam,1e-05,SGD,1e-05,64,0.703971119133574,0.6109215438365936,0.5355830933747253,5.622227399726398e-05,5.918055467191152e-05,2.958279310405487e-06,123
64,64,roberta-base,glue,rte,2,10,5,1.0,8,1,250,True,1.0,,Adam,1e-05,SGD,1e-05,65,0.6714801444043321,0.6317127074514116,0.5200003267352173,9.495436097495258e-05,0.0001175325814983,2.2578222342417572e-05,410
65,65,roberta-base,glue,rte,2,10,5,1.0,8,1,250,True,1.0,,Adam,1e-05,SGD,1e-05,66,0.6678700361010831,0.6522599284137999,0.4988511060069246,5.122393486090005e-05,5.509084076038562e-05,3.866906354232924e-06,123
66,66,roberta-base,glue,rte,2,10,5,1.0,8,1,250,True,1.0,,Adam,1e-05,SGD,1e-05,67,0.6931407942238267,0.6307312454496111,0.479654256059733,8.609771612100303e-05,0.0001182142514153,3.211653893231414e-05,287
67,67,roberta-base,glue,rte,2,10,5,1.0,8,1,250,True,1.0,,Adam,1e-05,SGD,1e-05,68,0.6931407942238267,0.6334237567016057,0.4816924818279221,5.091705679660663e-05,7.569537410745397e-05,2.4778317310847345e-05,320
68,68,roberta-base,glue,rte,2,10,5,1.0,8,1,250,True,1.0,,Adam,1e-05,SGD,1e-05,69,0.6895306859205776,0.6449296287127904,0.4603722029706326,2.6442714442964643e-05,3.040221599803772e-05,3.959501555073075e-06,123
69,69,roberta-base,glue,rte,2,10,5,1.0,8,1,250,True,1.0,,Adam,1e-05,SGD,1e-05,70,0.6895306859205776,0.6438891538551875,0.451931286391204,4.6923974878154695e-05,5.166687333257869e-05,4.742899818666047e-06,123
70,70,roberta-base,glue,rte,2,10,5,1.0,8,1,250,True,1.0,,Adam,1e-05,SGD,1e-05,71,0.7075812274368231,0.6311720473425729,0.4322734228254196,8.01525529823266e-05,9.725906420499086e-05,1.7106509403674863e-05,287
71,71,roberta-base,glue,rte,2,10,5,1.0,8,1,250,True,1.0,,Adam,1e-05,SGD,1e-05,72,0.7148014440433214,0.6498034426144191,0.4061082158025687,6.149590626591817e-05,8.62342058098875e-05,2.4738299543969333e-05,246
72,72,roberta-base,glue,rte,2,10,5,1.0,8,1,250,True,1.0,,Adam,1e-05,SGD,1e-05,73,0.7184115523465704,0.6761138583932604,0.3753119929489202,5.184704787097871e-05,6.010671495459974e-05,8.259665264631622e-06,164
73,73,roberta-base,glue,rte,2,10,5,1.0,8,1,250,True,1.0,,Adam,1e-05,SGD,1e-05,74,0.7148014440433214,0.7146595816527094,0.3959069257344657,7.44305070838891e-05,9.341316035715864e-05,1.898265327326953e-05,246
74,74,roberta-base,glue,rte,2,10,5,1.0,8,1,250,True,1.0,,Adam,1e-05,SGD,1e-05,75,0.7075812274368231,0.7381817632487842,0.3528182394893431,6.49033099762164e-05,7.542088133050129e-05,1.0517568625800776e-05,164
75,75,roberta-base,glue,rte,2,10,5,1.0,8,1,250,True,1.0,,Adam,1e-05,SGD,1e-05,76,0.7111913357400722,0.7727694973349571,0.3465226179907202,9.2670539743267e-05,0.000113766931463,2.109638990077656e-05,288
76,76,roberta-base,glue,rte,2,10,5,1.0,8,1,250,True,1.0,,Adam,1e-05,SGD,1e-05,77,0.7075812274368231,0.7912904945867402,0.3467385787357827,5.292611240292899e-05,6.174404552439228e-05,8.817932211968582e-06,164
77,77,roberta-base,glue,rte,2,10,5,1.0,8,1,250,True,1.0,,Adam,1e-05,SGD,1e-05,78,0.7256317689530686,0.7712650837642806,0.3008189204844033,6.986322841839865e-05,8.611295925220475e-05,1.6249730833806098e-05,205
78,78,roberta-base,glue,rte,2,10,5,1.0,8,1,250,True,1.0,,Adam,1e-05,SGD,1e-05,79,0.7328519855595668,0.7369337958948953,0.2961553796944095,8.291617268696427e-05,9.846572356764229e-05,1.55495526996674e-05,205
79,79,roberta-base,glue,rte,2,10,5,1.0,8,1,250,True,1.0,,Adam,1e-05,SGD,1e-05,80,0.7148014440433214,0.7378561799015317,0.2699546241375609,8.361500658793375e-05,0.0001049119964591,2.1296988052199595e-05,246
80,80,roberta-base,glue,rte,2,10,5,1.0,8,1,250,True,1.0,,Adam,1e-05,SGD,1e-05,81,0.7148014440433214,0.7658145817262786,0.2359067470162379,6.984156061662361e-05,8.442506805295125e-05,1.4583506526832934e-05,205
81,81,roberta-base,glue,rte,2,10,5,1.0,8,1,250,True,1.0,,Adam,1e-05,SGD,1e-05,82,0.7292418772563177,0.808649958883013,0.2584666036614558,7.278292468981817e-05,8.959807018982247e-05,1.681514550000429e-05,205
82,82,roberta-base,glue,rte,2,10,5,1.0,8,1,250,True,1.0,,Adam,1e-05,SGD,1e-05,83,0.7256317689530686,0.8411173058407647,0.2193578320114714,7.652689964743331e-05,9.016114199766888e-05,1.363424144074088e-05,205
83,83,roberta-base,glue,rte,2,10,5,1.0,8,1,250,True,1.0,,Adam,1e-05,SGD,1e-05,84,0.7328519855595668,0.88324005986963,0.1982541423820989,8.80475272424519e-05,0.000107212421426,1.9164897821610797e-05,246
84,84,roberta-base,glue,rte,2,10,5,1.0,8,1,250,True,1.0,,Adam,1e-05,SGD,1e-05,85,0.7292418772563177,0.8913568679775511,0.1905111041410666,7.594615453854203e-05,9.039715951075776e-05,1.4451004972215742e-05,205
85,85,roberta-base,glue,rte,2,10,5,1.0,8,1,250,True,1.0,,Adam,1e-05,SGD,1e-05,86,0.7256317689530686,0.9192669404404504,0.1576732628753234,8.393825555685908e-05,0.0001046713587129,2.0733104975079183e-05,256
86,86,roberta-base,glue,rte,2,10,5,1.0,8,1,250,True,1.0,,Adam,1e-05,SGD,1e-05,87,0.7220216606498195,0.9382843143173628,0.1618126477691822,6.702350219711661e-05,8.151511428877711e-05,1.4491608453681692e-05,205
87,87,roberta-base,glue,rte,2,10,5,1.0,8,1,250,True,1.0,,Adam,1e-05,SGD,1e-05,88,0.7111913357400722,0.9481041058897972,0.1336312210437183,7.65258664614521e-05,8.90959199750796e-05,1.2570051694638096e-05,205
88,88,roberta-base,glue,rte,2,10,5,1.0,8,1,250,True,1.0,,Adam,1e-05,SGD,1e-05,89,0.7111913357400722,1.017849848951612,0.0999751746895964,7.484116940759122e-05,9.815909288590774e-05,2.331791984033771e-05,270
89,89,roberta-base,glue,rte,2,10,5,1.0,8,1,250,True,1.0,,Adam,1e-05,SGD,1e-05,90,0.7111913357400722,1.002817761685167,0.1486111311506995,5.210372910369188e-05,7.40706964279525e-05,2.1966967324260626e-05,123
90,90,roberta-base,glue,rte,2,10,5,1.0,8,1,250,True,1.0,,Adam,1e-05,SGD,1e-05,91,0.7220216606498195,1.0327359810471537,0.0948422436253167,9.915589180309324e-05,0.000122617377201,2.346148176002316e-05,328
91,91,roberta-base,glue,rte,2,10,5,1.0,8,1,250,True,1.0,,Adam,1e-05,SGD,1e-05,92,0.7220216606498195,1.0614432579704691,0.1019439460213742,6.773992208763957e-05,8.221316238632426e-05,1.4473243027168792e-05,246
92,92,roberta-base,glue,rte,2,10,5,1.0,8,1,250,True,1.0,,Adam,1e-05,SGD,1e-05,93,0.7148014440433214,1.1221244718347276,0.0686950657000124,5.750545460614376e-05,7.242976425914094e-05,1.492430965299718e-05,256
93,93,roberta-base,glue,rte,2,10,5,1.0,8,1,250,True,1.0,,Adam,1e-05,SGD,1e-05,94,0.7220216606498195,1.1442323889051165,0.0963355719134575,4.038105180370621e-05,4.8573288950137794e-05,8.192238055926282e-06,123
94,94,roberta-base,glue,rte,2,10,5,1.0,8,1,250,True,1.0,,Adam,1e-05,SGD,1e-05,95,0.7184115523465704,1.1676792719534466,0.0614496966260314,8.099777187453583e-05,9.774869977263734e-05,1.675092789810151e-05,328
95,95,roberta-base,glue,rte,2,10,5,1.0,8,1,250,True,1.0,,Adam,1e-05,SGD,1e-05,96,0.7184115523465704,1.1817130965845926,0.0656573279177754,5.721009074477479e-05,6.74621551297605e-05,1.0252064384985717e-05,246
96,96,roberta-base,glue,rte,2,10,5,1.0,8,1,250,True,1.0,,Adam,1e-05,SGD,1e-05,97,0.7075812274368231,1.242363228755338,0.0371263434689899,4.1335824789712206e-05,5.5976150179049e-05,1.4640325389336796e-05,320
97,97,roberta-base,glue,rte,2,10,5,1.0,8,1,250,True,1.0,,Adam,1e-05,SGD,1e-05,98,0.7184115523465704,1.2394365042448043,0.0829483566942011,2.079040314129088e-05,2.853162914107088e-05,7.74122599978e-06,41
98,98,roberta-base,glue,rte,2,10,5,1.0,8,1,250,True,1.0,,Adam,1e-05,SGD,1e-05,99,0.7364620938628159,1.2307659941060205,0.0398233078156666,8.31951474538073e-05,0.0001028110491461,1.9615898054325957e-05,410
99,99,roberta-base,glue,rte,2,10,5,1.0,8,1,250,True,1.0,,Adam,1e-05,SGD,1e-05,100,0.7364620938628159,1.2244392280067715,0.0465039523522846,4.1797909943852574e-05,4.888078183284961e-05,7.082871888997033e-06,205
100,100,roberta-base,glue,rte,2,10,5,1.0,8,1,250,True,1.0,,Adam,1e-05,SGD,1e-05,101,0.7292418772563177,1.2524561000721794,0.0266668039634532,4.029771662317216e-05,5.332528598955832e-05,1.3027571185375564e-05,320
101,101,roberta-base,glue,rte,2,10,5,1.0,8,1,250,True,1.0,,Adam,1e-05,SGD,1e-05,102,0.7292418772563177,1.264863727773939,0.0533647295627061,3.112602644250728e-05,3.56906748493202e-05,4.564648861560272e-06,82
102,102,roberta-base,glue,rte,2,10,5,1.0,8,1,250,True,1.0,,Adam,1e-05,SGD,1e-05,103,0.7148014440433214,1.3077280327677727,0.0238435447099618,4.035025631310418e-05,5.339464405551553e-05,1.3044388651906049e-05,320
103,103,roberta-base,glue,rte,2,10,5,1.0,8,1,250,True,1.0,,Adam,1e-05,SGD,1e-05,104,0.7184115523465704,1.2921904393604824,0.0470108553338455,3.1982028303900734e-05,3.793627183767967e-05,5.954244443273637e-06,82
104,104,roberta-base,glue,rte,2,10,5,1.0,8,1,250,True,1.0,,Adam,1e-05,SGD,1e-05,105,0.7292418772563177,1.2505782355155264,0.0373423394468817,6.999736069701612e-05,8.950565097620711e-05,1.9508293917169794e-05,410
105,105,roberta-base,glue,rte,2,10,5,1.0,8,1,250,True,1.0,,Adam,1e-05,SGD,1e-05,106,0.7220216606498195,1.259080612020833,0.0163252377699245,2.8931923225172795e-05,4.053908560308628e-05,1.1607162377913482e-05,320
106,106,roberta-base,glue,rte,2,10,5,1.0,8,1,250,True,1.0,,Adam,1e-05,SGD,1e-05,107,0.7292418772563177,1.2864232229334966,0.0219120958195317,1.784501364454627e-05,2.1206704332144e-05,3.361691369718756e-06,82
107,107,roberta-base,glue,rte,2,10,5,1.0,8,1,250,True,1.0,,Adam,1e-05,SGD,1e-05,108,0.7184115523465704,1.3036811189992088,0.0281021691048593,4.614116915035993e-05,5.385152689996176e-05,7.71035956859123e-06,369
108,108,roberta-base,glue,rte,2,10,5,1.0,8,1,250,True,1.0,,Adam,1e-05,SGD,1e-05,109,0.7148014440433214,1.3176605955298455,0.0170803815252062,2.775979919533711e-05,3.3648626413196325e-05,5.888826763111865e-06,328
109,109,roberta-base,glue,rte,2,10,5,1.0,8,1,250,True,1.0,,Adam,1e-05,SGD,1e-05,110,0.7184115523465704,1.3214685571246914,0.0317096070527019,2.8882763217552565e-05,3.2109768653754145e-05,3.2270058909489308e-06,82
110,110,roberta-base,glue,rte,2,10,5,1.0,8,1,250,True,1.0,,Adam,1e-05,SGD,1e-05,111,0.7075812274368231,1.346640272784446,0.0149059158314598,2.436733484501019e-05,2.942028186225798e-05,5.05294792674249e-06,410
111,111,roberta-base,glue,rte,2,10,5,1.0,8,1,250,True,1.0,,Adam,1e-05,SGD,1e-05,112,0.7111913357400722,1.3359276380922114,0.0338912773059635,1.562522811582312e-05,1.7729897081153467e-05,2.1046694200776983e-06,41
112,112,roberta-base,glue,rte,2,10,5,1.0,8,1,250,True,1.0,,Adam,1e-05,SGD,1e-05,113,0.7148014440433214,1.32160468796002,0.0208431976507758,3.244973413529806e-05,3.708185977302492e-05,4.632125182979507e-06,410
113,113,roberta-base,glue,rte,2,10,5,1.0,8,1,250,True,1.0,,Adam,1e-05,SGD,1e-05,114,0.7111913357400722,1.32228688603001,0.0180659438524588,1.6196090655284934e-05,2.1595891666947864e-05,5.399800556915579e-06,164
114,114,roberta-base,glue,rte,2,10,5,1.0,8,1,250,True,1.0,,Adam,1e-05,SGD,1e-05,115,0.7256317689530686,1.2806097845946038,0.0363557437474544,2.054084870906081e-05,2.538787157391198e-05,4.84702331959852e-06,41
115,115,roberta-base,glue,rte,2,10,5,1.0,8,1,250,True,1.0,,Adam,1e-05,SGD,1e-05,116,0.7184115523465704,1.292794992668288,0.0083318933047121,1.7977894458454102e-05,2.807542114169337e-05,1.0097526683239266e-05,320
116,116,roberta-base,glue,rte,2,10,5,1.0,8,1,250,True,1.0,,Adam,1e-05,SGD,1e-05,117,0.7148014440433214,1.319507730539356,0.024175557883161,9.132843842962757e-06,1.0608147931634448e-05,1.4753043160453672e-06,41
117,117,roberta-base,glue,rte,2,10,5,1.0,8,1,250,True,1.0,,Adam,1e-05,SGD,1e-05,118,0.7184115523465704,1.362241447291204,0.0181859934893323,3.659200592665002e-05,4.3038948206231e-05,6.446943189075682e-06,410
118,118,roberta-base,glue,rte,2,10,5,1.0,8,1,250,True,1.0,,Adam,1e-05,SGD,1e-05,119,0.7148014440433214,1.4031125106981823,0.0182143864628851,2.022650915023405e-05,2.2015514332451858e-05,1.7890055232783195e-06,123
119,119,roberta-base,glue,rte,2,10,5,1.0,8,1,250,True,1.0,,Adam,1e-05,SGD,1e-05,120,0.7220216606498195,1.4354973290115596,0.014822108663062,3.255747287767008e-05,4.094511314178817e-05,8.387642083107494e-06,410
120,120,roberta-base,glue,rte,2,10,5,1.0,8,1,250,True,1.0,,Adam,1e-05,SGD,1e-05,121,0.7148014440433214,1.4209530905953476,0.0214104976238137,1.826117659220472e-05,2.2354875909513797e-05,4.093698862561723e-06,123
121,121,roberta-base,glue,rte,2,10,5,1.0,8,1,250,True,1.0,,Adam,1e-05,SGD,1e-05,122,0.7111913357400722,1.4308380556958062,0.0114284631176624,2.4637050955789164e-05,2.985757600981742e-05,5.220525508775609e-06,410
122,122,roberta-base,glue,rte,2,10,5,1.0,8,1,250,True,1.0,,Adam,1e-05,SGD,1e-05,123,0.703971119133574,1.473315660336188,0.0071677171571354,1.1273828931734896e-05,1.594740206201095e-05,4.673572675528703e-06,320
123,123,roberta-base,glue,rte,2,10,5,1.0,8,1,250,True,1.0,,Adam,1e-05,SGD,1e-05,124,0.7003610108303249,1.4506480282970835,0.032375715917158,1.752975549607072e-05,2.2809155780123547e-05,5.279399829305476e-06,41
124,124,roberta-base,glue,rte,2,10,5,1.0,8,1,250,True,1.0,,Adam,1e-05,SGD,1e-05,125,0.7148014440433214,1.3833914620535714,0.0210682428322119,3.5586348531069234e-05,4.632904892787337e-05,1.074270130629884e-05,410
125,125,roberta-base,glue,rte,2,10,5,1.0,8,1,250,True,1.0,,Adam,1e-05,SGD,1e-05,126,0.7148014440433214,1.3785750725439616,0.0065666100174712,1.1727645869541448e-05,1.927347329910845e-05,7.545827429566998e-06,320
126,126,roberta-base,glue,rte,2,10,5,1.0,8,1,250,True,1.0,,Adam,1e-05,SGD,1e-05,127,0.7184115523465704,1.3822032650666578,0.0193261261188947,1.5121988326427528e-05,1.643269570195116e-05,1.3107076028973097e-06,41
127,127,roberta-base,glue,rte,2,10,5,1.0,8,1,250,True,1.0,,Adam,1e-05,SGD,1e-05,128,0.7220216606498195,1.3892013621117387,0.0097834749756062,1.9628241716418412e-05,2.256159859825857e-05,2.93335710921383e-06,410
128,128,roberta-base,glue,rte,2,10,5,1.0,8,1,250,True,1.0,,Adam,1e-05,SGD,1e-05,129,0.703971119133574,1.448026629643781,0.0059815589839126,8.516752131981775e-06,1.4267937331169378e-05,5.751185653934954e-06,320
129,129,roberta-base,glue,rte,2,10,5,1.0,8,1,250,True,1.0,,Adam,1e-05,SGD,1e-05,130,0.703971119133574,1.4634134666195937,0.0206657804679352,1.5258807252394035e-05,1.8619342881720516e-05,3.3605349472054517e-06,41
130,130,roberta-base,glue,rte,2,10,5,1.0,8,1,250,True,1.0,,Adam,1e-05,SGD,1e-05,131,0.7184115523465704,1.402507536964757,0.0167557950972056,3.3501808502478525e-05,4.461907155928202e-05,1.1117263966298196e-05,410
131,131,roberta-base,glue,rte,2,10,5,1.0,8,1,250,True,1.0,,Adam,1e-05,SGD,1e-05,132,0.7184115523465704,1.4136115282773971,0.0049496040965095,1.1754565093724524e-05,1.8472586816642437e-05,6.718021722917911e-06,320
132,132,roberta-base,glue,rte,2,10,5,1.0,8,1,250,True,1.0,,Adam,1e-05,SGD,1e-05,133,0.7111913357400722,1.451047171652317,0.0048295554805372,6.169335392769426e-06,8.510028237651568e-06,2.340692844882142e-06,320
133,133,roberta-base,glue,rte,2,10,5,1.0,8,1,250,True,1.0,,Adam,1e-05,SGD,1e-05,134,0.7184115523465704,1.4344853205340249,0.0268109151818108,1.224555126100313e-05,1.6822799807414412e-05,4.5772480916639324e-06,41
134,134,roberta-base,glue,rte,2,10,5,1.0,8,1,250,True,1.0,,Adam,1e-05,SGD,1e-05,135,0.7256317689530686,1.3988060570188932,0.0158492695736392,2.6150346457143318e-05,3.274047776358202e-05,6.590130851691356e-06,410
135,135,roberta-base,glue,rte,2,10,5,1.0,8,1,250,True,1.0,,Adam,1e-05,SGD,1e-05,136,0.7256317689530686,1.4123122168438775,0.0042550801076445,7.556820492027327e-06,1.4466949323832525e-05,6.910128831805196e-06,310
136,136,roberta-base,glue,rte,2,10,5,1.0,8,1,250,True,1.0,,Adam,1e-05,SGD,1e-05,137,0.7075812274368231,1.4465452598673956,0.005033385110164,4.137995347264223e-06,6.691603630315512e-06,2.553608055677614e-06,128
137,137,roberta-base,glue,rte,2,10,5,1.0,8,1,250,True,1.0,,Adam,1e-05,SGD,1e-05,138,0.7148014440433214,1.448276684965406,0.0183545540881956,1.2663682355196215e-05,1.5994706700439565e-05,3.3310238904959988e-06,41
138,138,roberta-base,glue,rte,2,10,5,1.0,8,1,250,True,1.0,,Adam,1e-05,SGD,1e-05,139,0.7256317689530686,1.439078099387033,0.0080643088570171,2.295990452694241e-05,2.597877210064325e-05,3.018868028448196e-06,410
139,139,roberta-base,glue,rte,2,10,5,1.0,8,1,250,True,1.0,,Adam,1e-05,SGD,1e-05,140,0.7364620938628159,1.4285219364932604,0.0155076970371826,1.3623650374938734e-05,1.4437362551689148e-05,8.137121199069952e-07,41
140,140,roberta-base,glue,rte,2,10,5,1.0,8,1,250,True,1.0,,Adam,1e-05,SGD,1e-05,141,0.7436823104693141,1.4218552327581817,0.0106897791498908,3.348706741235219e-05,3.996996019850485e-05,6.482891876657959e-06,410
141,141,roberta-base,glue,rte,2,10,5,1.0,8,1,250,True,1.0,,Adam,1e-05,SGD,1e-05,142,0.7364620938628159,1.4324375687965325,0.0103132827814367,1.6526235413039103e-05,2.0704626876977272e-05,4.178391463938169e-06,164
142,142,roberta-base,glue,rte,2,10,5,1.0,8,1,250,True,1.0,,Adam,1e-05,SGD,1e-05,143,0.7364620938628159,1.4482366549117225,0.0079089891049079,1.2060419976478444e-05,1.4895349522703327e-05,2.834929318851209e-06,410
143,143,roberta-base,glue,rte,2,10,5,1.0,8,1,250,True,1.0,,Adam,1e-05,SGD,1e-05,144,0.7256317689530686,1.457699610080038,0.0147859605838453,7.841724254831206e-06,8.587200682086404e-06,7.454767683157115e-07,41
144,144,roberta-base,glue,rte,2,10,5,1.0,8,1,250,True,1.0,,Adam,1e-05,SGD,1e-05,145,0.7256317689530686,1.4605156866567477,0.0067866214428653,1.3328844033821952e-05,1.5074896509759128e-05,1.7460523622503388e-06,410
145,145,roberta-base,glue,rte,2,10,5,1.0,8,1,250,True,1.0,,Adam,1e-05,SGD,1e-05,146,0.7292418772563177,1.4641593317900383,0.0167055808141168,9.824677363212686e-06,1.06898942249245e-05,8.65216463807883e-07,41
146,146,roberta-base,glue,rte,2,10,5,1.0,8,1,250,True,1.0,,Adam,1e-05,SGD,1e-05,147,0.7256317689530686,1.4631625339388847,0.0075686817568522,1.7477612345828675e-05,2.008798583119642e-05,2.6103730306203943e-06,410
147,147,roberta-base,glue,rte,2,10,5,1.0,8,1,250,True,1.0,,Adam,1e-05,SGD,1e-05,148,0.7256317689530686,1.4485000982880591,0.0153719426936288,9.75331204244867e-06,1.1008763976860791e-05,1.2554517070384463e-06,41
148,148,roberta-base,glue,rte,2,10,5,1.0,8,1,250,True,1.0,,Adam,1e-05,SGD,1e-05,149,0.7292418772563177,1.4680623633520944,0.0043386313602604,5.789569513581228e-06,1.1305378393444698e-05,5.515808879863471e-06,320
149,149,roberta-base,glue,rte,2,10,5,1.0,8,1,250,True,1.0,,Adam,1e-05,SGD,1e-05,150,0.7292418772563177,1.4552802122064998,0.0149339450350053,1.0749593457148876e-05,1.592383887327742e-05,5.174245416128542e-06,41
150,150,roberta-base,glue,rte,2,10,5,1.0,8,1,250,True,1.0,,Adam,1e-05,SGD,1e-05,151,0.7220216606498195,1.4567302003502849,0.0073614309241188,2.237660919490736e-05,2.5994429961428978e-05,3.6178207665216178e-06,410
151,151,roberta-base,glue,rte,2,10,5,1.0,8,1,250,True,1.0,,Adam,1e-05,SGD,1e-05,152,0.7111913357400722,1.45593947746924,0.0100277160820352,1.358073131996207e-05,1.61569314514054e-05,2.57620058619068e-06,164
152,152,roberta-base,glue,rte,2,10,5,1.0,8,1,250,True,1.0,,Adam,1e-05,SGD,1e-05,153,0.7220216606498195,1.4415937497147493,0.0142562698004994,1.7156819012598135e-05,2.0546756786643527e-05,3.389938456166419e-06,123
153,153,roberta-base,glue,rte,2,10,5,1.0,8,1,250,True,1.0,,Adam,1e-05,SGD,1e-05,154,0.7256317689530686,1.4437815736979247,0.0049133905943745,1.0958051461784636e-05,2.030720679613296e-05,9.349155334348325e-06,320
154,154,roberta-base,glue,rte,2,10,5,1.0,8,1,250,True,1.0,,Adam,1e-05,SGD,1e-05,155,0.7184115523465704,1.450886941807611,0.0159311578302394,9.516270438325591e-06,1.049020193022443e-05,9.73931946646189e-07,41
155,155,roberta-base,glue,rte,2,10,5,1.0,8,1,250,True,1.0,,Adam,1e-05,SGD,1e-05,156,0.7148014440433214,1.46639795090471,0.0073763311037328,1.7376840332872234e-05,2.044175380433444e-05,3.064913471462205e-06,410
156,156,roberta-base,glue,rte,2,10,5,1.0,8,1,250,True,1.0,,Adam,1e-05,SGD,1e-05,157,0.7220216606498195,1.4716045132705144,0.0174294142112158,1.1545931556611322e-05,1.3714004126086364e-05,2.168072342101368e-06,41
157,157,roberta-base,glue,rte,2,10,5,1.0,8,1,250,True,1.0,,Adam,1e-05,SGD,1e-05,158,0.7220216606498195,1.496035679961954,0.0040794269447724,6.978827968850965e-06,1.0854130778170656e-05,3.875302809319692e-06,320
158,158,roberta-base,glue,rte,2,10,5,1.0,8,1,250,True,1.0,,Adam,1e-05,SGD,1e-05,159,0.7256317689530686,1.5232663457947118,0.0049541169591975,3.6816436477238312e-06,4.543165687209694e-06,8.615220963292813e-07,32
159,159,roberta-base,glue,rte,2,10,5,1.0,8,1,250,True,1.0,,Adam,1e-05,SGD,1e-05,160,0.7292418772563177,1.5163188197783062,0.0107070408095189,2.21638401853852e-05,2.725474587350618e-05,5.090905233373633e-06,246
160,160,roberta-base,glue,rte,2,10,5,1.0,8,1,250,True,1.0,,Adam,1e-05,SGD,1e-05,161,0.7220216606498195,1.5089524767228537,0.0070399991069954,1.195494769490324e-05,1.424713173037162e-05,2.292184490215732e-06,410
161,161,roberta-base,glue,rte,2,10,5,1.0,8,1,250,True,1.0,,Adam,1e-05,SGD,1e-05,162,0.7256317689530686,1.4866511413029262,0.0127042763968702,6.916345228091814e-06,8.418590368819423e-06,1.5022450270407717e-06,41
162,162,roberta-base,glue,rte,2,10,5,1.0,8,1,250,True,1.0,,Adam,1e-05,SGD,1e-05,163,0.7256317689530686,1.4789590126701764,0.0067636023862457,1.126544339058455e-05,1.3742699593422005e-05,2.4772562028374523e-06,410
163,163,roberta-base,glue,rte,2,10,5,1.0,8,1,250,True,1.0,,Adam,1e-05,SGD,1e-05,164,0.7220216606498195,1.465208922965186,0.0084191200970785,9.244864486390725e-06,1.0320919500372838e-05,1.0760552413557889e-06,41
164,164,roberta-base,glue,rte,2,10,5,1.0,8,1,250,True,1.0,,Adam,1e-05,SGD,1e-05,165,0.7220216606498195,1.4675313424851213,0.0063999107159765,1.674542363616638e-05,2.0763478460139595e-05,4.018055733467918e-06,410
165,165,roberta-base,glue,rte,2,10,5,1.0,8,1,250,True,1.0,,Adam,1e-05,SGD,1e-05,166,0.7220216606498195,1.4626041603939874,0.0098210994000887,1.0883442882914096e-05,1.2263825738045853e-05,1.3803828551317563e-06,41
166,166,roberta-base,glue,rte,2,10,5,1.0,8,1,250,True,1.0,,Adam,1e-05,SGD,1e-05,167,0.7220216606498195,1.4476226805576256,0.0089418644430797,2.3402788428938948e-05,2.787642370094545e-05,4.473635726753855e-06,410
167,167,roberta-base,glue,rte,2,10,5,1.0,8,1,250,True,1.0,,Adam,1e-05,SGD,1e-05,168,0.7220216606498195,1.4652233783687865,0.0053390695057169,8.568851626478136e-06,1.5440022252732888e-05,6.871170626254752e-06,320
168,168,roberta-base,glue,rte,2,10,5,1.0,8,1,250,True,1.0,,Adam,1e-05,SGD,1e-05,169,0.7256317689530686,1.4655858969049795,0.0083156893699906,5.747981049353257e-06,7.112157163646771e-06,1.3641762279803515e-06,41
169,169,roberta-base,glue,rte,2,10,5,1.0,8,1,250,True,1.0,,Adam,1e-05,SGD,1e-05,170,0.7256317689530686,1.4723834993583815,0.004258422345465,8.5838637460256e-06,1.0710406058933586e-05,2.1265423129079863e-06,320
170,170,roberta-base,glue,rte,2,10,5,1.0,8,1,250,True,1.0,,Adam,1e-05,SGD,1e-05,171,0.7256317689530686,1.4682664003755366,0.0129174955842289,1.0062108231068125e-05,1.113087546400493e-05,1.0687674603104824e-06,41
171,171,roberta-base,glue,rte,2,10,5,1.0,8,1,250,True,1.0,,Adam,1e-05,SGD,1e-05,172,0.7328519855595668,1.4649184112037932,0.0044805806447331,1.1707011253747623e-05,1.4177174307405949e-05,2.470163053658325e-06,410
172,172,roberta-base,glue,rte,2,10,5,1.0,8,1,250,True,1.0,,Adam,1e-05,SGD,1e-05,173,0.7292418772563177,1.454612913195576,0.0047068778292003,6.7931437115476e-06,7.668163561902475e-06,8.750199640417122e-07,123
173,173,roberta-base,glue,rte,2,10,5,1.0,8,1,250,True,1.0,,Adam,1e-05,SGD,1e-05,174,0.7256317689530686,1.4341896333864756,0.0097292427392392,1.1835089026135392e-05,1.45599433380994e-05,2.724854311964009e-06,82
174,174,roberta-base,glue,rte,2,10,5,1.0,8,1,250,True,1.0,,Adam,1e-05,SGD,1e-05,175,0.7364620938628159,1.4051853071898222,0.0058354938849409,1.6795824194559827e-05,2.0213321477058344e-05,3.417498191993218e-06,410
175,175,roberta-base,glue,rte,2,10,5,1.0,8,1,250,True,1.0,,Adam,1e-05,SGD,1e-05,176,0.7328519855595668,1.4118328361638954,0.0044208586402419,8.355738827958703e-06,1.6956695617409423e-05,8.60095678945072e-06,192
176,176,roberta-base,glue,rte,2,10,5,1.0,8,1,250,True,1.0,,Adam,1e-05,SGD,1e-05,177,0.7220216606498195,1.4465010273669447,0.0041494942910128,5.091447292215889e-06,1.2711303497781046e-05,7.619856205565156e-06,310
177,177,roberta-base,glue,rte,2,10,5,1.0,8,1,250,True,1.0,,Adam,1e-05,SGD,1e-05,178,0.7292418772563177,1.461550680601171,0.0089170119603073,5.41348754268256e-06,7.70872884459095e-06,2.2952413019083906e-06,41
178,178,roberta-base,glue,rte,2,10,5,1.0,8,1,250,True,1.0,,Adam,1e-05,SGD,1e-05,179,0.7256317689530686,1.5003378561963991,0.0041649393822081,6.466302693297621e-06,9.981121365854053e-06,3.5148184451827547e-06,320
179,179,roberta-base,glue,rte,2,10,5,1.0,8,1,250,True,1.0,,Adam,1e-05,SGD,1e-05,180,0.7292418772563177,1.5062219817191362,0.0115180758597533,6.243701136554591e-06,9.454889550397638e-06,3.211188413843047e-06,41
180,180,roberta-base,glue,rte,2,10,5,1.0,8,1,250,True,1.0,,Adam,1e-05,SGD,1e-05,181,0.7364620938628159,1.4674308933583753,0.0059454141252833,1.9303322915220637e-05,2.606232010293752e-05,6.758997642464237e-06,410
181,181,roberta-base,glue,rte,2,10,5,1.0,8,1,250,True,1.0,,Adam,1e-05,SGD,1e-05,182,0.7256317689530686,1.451279219346387,0.0147403846745874,1.067427274392685e-05,1.364264517178526e-05,2.968372200484737e-06,32
182,182,roberta-base,glue,rte,2,10,5,1.0,8,1,250,True,1.0,,Adam,1e-05,SGD,1e-05,183,0.7328519855595668,1.4338311703077384,0.0047879022400877,1.349171725451015e-05,1.4688978808408136e-05,1.1972614402111503e-06,410
183,183,roberta-base,glue,rte,2,10,5,1.0,8,1,250,True,1.0,,Adam,1e-05,SGD,1e-05,184,0.7364620938628159,1.4096168762605106,0.0041407603043608,1.019305727822939e-05,1.1574385098356288e-05,1.3813275927532231e-06,123
184,184,roberta-base,glue,rte,2,10,5,1.0,8,1,250,True,1.0,,Adam,1e-05,SGD,1e-05,185,0.740072202166065,1.3857000961766712,0.0048543621346683,1.3272461728774942e-05,1.4706143701914698e-05,1.4336815183924043e-06,410
185,185,roberta-base,glue,rte,2,10,5,1.0,8,1,250,True,1.0,,Adam,1e-05,SGD,1e-05,186,0.7364620938628159,1.3970926628048932,0.0038757245241088,5.645932105835527e-06,1.9830324163194742e-05,1.418439205735922e-05,224
186,186,roberta-base,glue,rte,2,10,5,1.0,8,1,250,True,1.0,,Adam,1e-05,SGD,1e-05,187,0.740072202166065,1.4118645366547362,0.0064249450590734,6.123700131865917e-06,6.709072749799816e-06,5.85372674777318e-07,41
187,187,roberta-base,glue,rte,2,10,5,1.0,8,1,250,True,1.0,,Adam,1e-05,SGD,1e-05,188,0.7545126353790613,1.4583481953612396,0.0038016051289559,6.491336989711272e-06,8.948973118094727e-06,2.457636128383456e-06,320
188,188,roberta-base,glue,rte,2,10,5,1.0,8,1,250,True,1.0,,Adam,1e-05,SGD,1e-05,189,0.7220216606498195,1.5373408264347486,0.0025548141607032,3.476411620795261e-06,4.781271400133846e-06,1.3048596656517477e-06,128
189,189,roberta-base,glue,rte,2,10,5,1.0,8,1,250,True,1.0,,Adam,1e-05,SGD,1e-05,190,0.7256317689530686,1.5402032263310892,0.0143920357265259,1.3668690371559933e-05,2.04420412046602e-05,6.773350833100267e-06,41
190,190,roberta-base,glue,rte,2,10,5,1.0,8,1,250,True,1.0,,Adam,1e-05,SGD,1e-05,191,0.7256317689530686,1.53707598266857,0.0026438451588206,3.356569777679397e-06,4.441077180672437e-06,1.0845074029930402e-06,310
191,191,roberta-base,glue,rte,2,10,5,1.0,8,1,250,True,1.0,,Adam,1e-05,SGD,1e-05,192,0.7256317689530686,1.4813689128096614,0.0082794271795669,1.0971418305416591e-05,1.4837566595815588e-05,3.866148290398996e-06,41
192,192,roberta-base,glue,rte,2,10,5,1.0,8,1,250,True,1.0,,Adam,1e-05,SGD,1e-05,193,0.7472924187725631,1.3870556109584868,0.0043388466300476,2.092739123327192e-05,3.1626645068172365e-05,1.0699253834900446e-05,410
193,193,roberta-base,glue,rte,2,10,5,1.0,8,1,250,True,1.0,,Adam,1e-05,SGD,1e-05,194,0.740072202166065,1.3760078987638866,0.0029546751305761,3.242193088226486e-06,7.455068498529727e-06,4.212875410303241e-06,310
194,194,roberta-base,glue,rte,2,10,5,1.0,8,1,250,True,1.0,,Adam,1e-05,SGD,1e-05,195,0.7436823104693141,1.3803212268144958,0.0057613229695562,2.499208676454145e-06,5.141414931131294e-06,2.6422062546771485e-06,32
195,195,roberta-base,glue,rte,2,10,5,1.0,8,1,250,True,1.0,,Adam,1e-05,SGD,1e-05,196,0.7436823104693141,1.3854622422850558,0.0053254806664318,1.5470281141460873e-05,1.6743508240324445e-05,1.2732272125504096e-06,205
196,196,roberta-base,glue,rte,2,10,5,1.0,8,1,250,True,1.0,,Adam,1e-05,SGD,1e-05,197,0.7328519855595668,1.4178355453535914,0.0030050206222949,4.996850293537136e-06,1.629620419407729e-05,1.1299353900540154e-05,320
197,197,roberta-base,glue,rte,2,10,5,1.0,8,1,250,True,1.0,,Adam,1e-05,SGD,1e-05,198,0.7256317689530686,1.4388487261320864,0.0067537600180225,4.345469278632663e-06,5.484104349307017e-06,1.1386349569875165e-06,41
198,198,roberta-base,glue,rte,2,10,5,1.0,8,1,250,True,1.0,,Adam,1e-05,SGD,1e-05,199,0.7256317689530686,1.454968365122165,0.0040442803855161,1.5104231351870112e-05,1.7805767129175365e-05,2.7015360046789283e-06,410
199,199,roberta-base,glue,rte,2,10,5,1.0,8,1,250,True,1.0,,Adam,1e-05,SGD,1e-05,200,0.7220216606498195,1.474635464804513,0.0025115393339542,7.6674587035086e-06,8.431188689428382e-06,7.637296448592679e-07,205
200,200,roberta-base,glue,rte,2,10,5,1.0,8,1,250,True,1.0,,Adam,1e-05,SGD,1e-05,201,0.7184115523465704,1.48912952542305,0.0039900333946665,7.658103641006164e-06,8.352509212272707e-06,6.944059123270563e-07,123
201,201,roberta-base,glue,rte,2,10,5,1.0,8,1,250,True,1.0,,Adam,1e-05,SGD,1e-05,202,0.7184115523465704,1.498118618982179,0.0026340324637159,1.3376521565078292e-05,1.5668321793782525e-05,2.2918002287042327e-06,328
202,202,roberta-base,glue,rte,2,10,5,1.0,8,1,250,True,1.0,,Adam,1e-05,SGD,1e-05,203,0.7184115523465704,1.506051854789257,0.002975369986816,6.885768016218208e-06,8.404239451920148e-06,1.5184712083282648e-06,320
203,203,roberta-base,glue,rte,2,10,5,1.0,8,1,250,True,1.0,,Adam,1e-05,SGD,1e-05,204,0.7256317689530686,1.4992668277450971,0.0069041809461806,8.051793884078506e-06,1.1382972843421156e-05,3.331178959342651e-06,41
204,204,roberta-base,glue,rte,2,10,5,1.0,8,1,250,True,1.0,,Adam,1e-05,SGD,1e-05,205,0.7292418772563177,1.501144577562809,0.0030181865730992,4.614131285052281e-06,6.525825483549852e-06,1.9116944258712465e-06,320
205,205,roberta-base,glue,rte,2,10,5,1.0,8,1,250,True,1.0,,Adam,1e-05,SGD,1e-05,206,0.7256317689530686,1.49471952529358,0.0091983099297688,6.731655957992189e-06,8.050355063460302e-06,1.3186992191549507e-06,41
206,206,roberta-base,glue,rte,2,10,5,1.0,8,1,250,True,1.0,,Adam,1e-05,SGD,1e-05,207,0.7256317689530686,1.4903441423018065,0.0029648931451083,7.462891517207026e-06,9.614169357519131e-06,2.151277612938429e-06,320
207,207,roberta-base,glue,rte,2,10,5,1.0,8,1,250,True,1.0,,Adam,1e-05,SGD,1e-05,208,0.7256317689530686,1.4766895782734666,0.0046548271688019,5.048650564276613e-06,5.979431989544537e-06,9.30781311581086e-07,41
208,208,roberta-base,glue,rte,2,10,5,1.0,8,1,250,True,1.0,,Adam,1e-05,SGD,1e-05,209,0.7220216606498195,1.4797425162845423,0.0024643450075612,1.0507113984203896e-05,1.333981072093593e-05,2.8326965093583567e-06,410
209,209,roberta-base,glue,rte,2,10,5,1.0,8,1,250,True,1.0,,Adam,1e-05,SGD,1e-05,210,0.7256317689530686,1.483605028981609,0.0034010280637786,6.282115464273375e-06,6.844969902886078e-06,5.628543249258655e-07,82
210,210,roberta-base,glue,rte,2,10,5,1.0,8,1,250,True,1.0,,Adam,1e-05,SGD,1e-05,211,0.7184115523465704,1.4970657161303929,0.0025362422720461,1.1175711733812932e-05,1.2673203855229076e-05,1.497492121416144e-06,410
211,211,roberta-base,glue,rte,2,10,5,1.0,8,1,250,True,1.0,,Adam,1e-05,SGD,1e-05,212,0.7148014440433214,1.5031360245176724,0.0068352629960139,5.951173534413101e-06,6.5447561610199045e-06,5.935827402936411e-07,82
212,212,roberta-base,glue,rte,2,10,5,1.0,8,1,250,True,1.0,,Adam,1e-05,SGD,1e-05,213,0.7220216606498195,1.5146840959787369,0.0025848849403399,1.1649193766061217e-05,1.3188492630433755e-05,1.5392993191198912e-06,410
213,213,roberta-base,glue,rte,2,10,5,1.0,8,1,250,True,1.0,,Adam,1e-05,SGD,1e-05,214,0.7292418772563177,1.5195238483803613,0.0068897011048137,7.399346031888854e-06,7.962152267282363e-06,5.628060648632527e-07,41
214,214,roberta-base,glue,rte,2,10,5,1.0,8,1,250,True,1.0,,Adam,1e-05,SGD,1e-05,215,0.7292418772563177,1.527407413721085,0.0020343248211216,1.501020960859023e-05,1.7140384443337098e-05,2.130174607373192e-06,410
215,215,roberta-base,glue,rte,2,10,5,1.0,8,1,250,True,1.0,,Adam,1e-05,SGD,1e-05,216,0.7148014440433214,1.5129939953131335,0.0034217714481585,8.712831913726404e-06,1.082115704775788e-05,2.108324679284124e-06,123
216,216,roberta-base,glue,rte,2,10,5,1.0,8,1,250,True,1.0,,Adam,1e-05,SGD,1e-05,217,0.7184115523465704,1.5042760948517493,0.0029755589813874,1.0826505786099004e-05,1.2444397725630552e-05,1.617891939531546e-06,410
217,217,roberta-base,glue,rte,2,10,5,1.0,8,1,250,True,1.0,,Adam,1e-05,SGD,1e-05,218,0.7256317689530686,1.4902013391788518,0.0043777991841524,6.758291419828311e-06,7.454822480212897e-06,6.965308898543299e-07,41
218,218,roberta-base,glue,rte,2,10,5,1.0,8,1,250,True,1.0,,Adam,1e-05,SGD,1e-05,219,0.7328519855595668,1.4687539315915534,0.0024887918754162,1.4418884347833227e-05,1.5597543097101152e-05,1.1786584082074114e-06,410
219,219,roberta-base,glue,rte,2,10,5,1.0,8,1,250,True,1.0,,Adam,1e-05,SGD,1e-05,220,0.7292418772563177,1.4925993079319595,0.0027461109189842,7.374778761004563e-06,1.7277243387070484e-05,9.90246462606592e-06,310
220,220,roberta-base,glue,rte,2,10,5,1.0,8,1,250,True,1.0,,Adam,1e-05,SGD,1e-05,221,0.7148014440433214,1.5156720040099962,0.0050769843269003,4.729269221570576e-06,5.199845418246696e-06,4.7057636720637685e-07,41
221,221,roberta-base,glue,rte,2,10,5,1.0,8,1,250,True,1.0,,Adam,1e-05,SGD,1e-05,222,0.7184115523465704,1.5501295062048095,0.0020290388697162,1.4464282685366923e-05,1.620968214410823e-05,1.745399231367628e-06,410
222,222,roberta-base,glue,rte,2,10,5,1.0,8,1,250,True,1.0,,Adam,1e-05,SGD,1e-05,223,0.7220216606498195,1.570289440027305,0.0023543221105696,1.2611969395948108e-05,1.4211825146048795e-05,1.5998560911612003e-06,205
223,223,roberta-base,glue,rte,2,10,5,1.0,8,1,250,True,1.0,,Adam,1e-05,SGD,1e-05,224,0.7328519855595668,1.5833306493503707,0.0020110229062052,8.917773811845109e-06,1.0281320101057643e-05,1.3635464028993738e-06,410
224,224,roberta-base,glue,rte,2,10,5,1.0,8,1,250,True,1.0,,Adam,1e-05,SGD,1e-05,225,0.7328519855595668,1.5930560693144795,0.0030866674187297,7.127574008336524e-06,7.709476449235808e-06,5.819024408992846e-07,82
225,225,roberta-base,glue,rte,2,10,5,1.0,8,1,250,True,1.0,,Adam,1e-05,SGD,1e-05,226,0.7220216606498195,1.5926578008702823,0.0024800979350296,1.6872210835572332e-05,1.9627737856353636e-05,2.75552656603395e-06,410
226,226,roberta-base,glue,rte,2,10,5,1.0,8,1,250,True,1.0,,Adam,1e-05,SGD,1e-05,227,0.7184115523465704,1.5825408352272852,0.0049915073730517,9.984872122004164e-06,1.1278443707851691e-05,1.293571813221206e-06,82
227,227,roberta-base,glue,rte,2,10,5,1.0,8,1,250,True,1.0,,Adam,1e-05,SGD,1e-05,228,0.7220216606498195,1.580759985106332,0.0020101164286053,9.520884304947684e-06,1.1283060302957892e-05,1.76217633907072e-06,410
228,228,roberta-base,glue,rte,2,10,5,1.0,8,1,250,True,1.0,,Adam,1e-05,SGD,1e-05,229,0.7220216606498195,1.566290473991207,0.0067502591653908,5.049744686402846e-06,6.251371360121993e-06,1.2016264463454718e-06,41
229,229,roberta-base,glue,rte,2,10,5,1.0,8,1,250,True,1.0,,Adam,1e-05,SGD,1e-05,230,0.7220216606498195,1.5807281770344292,0.0028849926320799,1.0416478289698716e-05,1.6962903828243725e-05,6.546425538545009e-06,320
230,230,roberta-base,glue,rte,2,10,5,1.0,8,1,250,True,1.0,,Adam,1e-05,SGD,1e-05,231,0.7220216606498195,1.5856288767552802,0.004528234252655,8.778592928138096e-06,9.46758154896088e-06,6.889886208227836e-07,82
231,231,roberta-base,glue,rte,2,10,5,1.0,8,1,250,True,1.0,,Adam,1e-05,SGD,1e-05,232,0.7220216606498195,1.596319471991488,0.0021040481459008,9.879423487291206e-06,1.1632604582700878e-05,1.7531808680359973e-06,410
232,232,roberta-base,glue,rte,2,10,5,1.0,8,1,250,True,1.0,,Adam,1e-05,SGD,1e-05,233,0.7292418772563177,1.590665728439178,0.0034437024402261,7.2465404628019314e-06,9.099037924897855e-06,1.852497348409088e-06,82
233,233,roberta-base,glue,rte,2,10,5,1.0,8,1,250,True,1.0,,Adam,1e-05,SGD,1e-05,234,0.7220216606498195,1.6128166441406522,0.0023662282403893,1.2210777640575545e-05,2.116303767252248e-05,8.952260031946935e-06,320
234,234,roberta-base,glue,rte,2,10,5,1.0,8,1,250,True,1.0,,Adam,1e-05,SGD,1e-05,235,0.7111913357400722,1.6380235826330525,0.0017654634134487,4.375609933049418e-06,6.195151399879251e-06,1.819541353142995e-06,320
235,235,roberta-base,glue,rte,2,10,5,1.0,8,1,250,True,1.0,,Adam,1e-05,SGD,1e-05,236,0.7148014440433214,1.6482755925506354,0.0073150500357037,3.831711637758417e-06,5.702719590772176e-06,1.8710079530137591e-06,41
236,236,roberta-base,glue,rte,2,10,5,1.0,8,1,250,True,1.0,,Adam,1e-05,SGD,1e-05,237,0.7148014440433214,1.6441176029188291,0.0028625947502214,1.2787380001100246e-05,1.500381313235266e-05,2.21643290387874e-06,410
237,237,roberta-base,glue,rte,2,10,5,1.0,8,1,250,True,1.0,,Adam,1e-05,SGD,1e-05,238,0.7148014440433214,1.632982403997864,0.0017853086279531,1.1203816029592415e-05,1.2123350643378217e-05,9.19534898002894e-07,246
238,238,roberta-base,glue,rte,2,10,5,1.0,8,1,250,True,1.0,,Adam,1e-05,SGD,1e-05,239,0.7184115523465704,1.6245020753570965,0.0023014467066187,9.526014764560388e-06,1.100193458114518e-05,1.4759194755242788e-06,164
239,239,roberta-base,glue,rte,2,10,5,1.0,8,1,250,True,1.0,,Adam,1e-05,SGD,1e-05,240,0.7184115523465704,1.624587182328105,0.002773573193764,1.635809167055413e-05,1.888086808321532e-05,2.5227759579138365e-06,287
240,240,roberta-base,glue,rte,2,10,5,1.0,8,1,250,True,1.0,,Adam,1e-05,SGD,1e-05,241,0.7148014440433214,1.6333855795008796,0.0017094429945973,6.870649258416961e-07,1.152396407633205e-06,4.653314533697994e-07,320
241,241,roberta-base,glue,rte,2,10,5,1.0,8,1,250,True,1.0,,Adam,1e-05,SGD,1e-05,242,0.7256317689530686,1.62178180249674,0.0053108471809182,7.324195848923409e-06,9.906709237839095e-06,2.582513388915686e-06,41
242,242,roberta-base,glue,rte,2,10,5,1.0,8,1,250,True,1.0,,Adam,1e-05,SGD,1e-05,243,0.7220216606498195,1.608037125878036,0.002025417777349,9.41175312618725e-06,1.0630610631778836e-05,1.218857164531073e-06,410
243,243,roberta-base,glue,rte,2,10,5,1.0,8,1,250,True,1.0,,Adam,1e-05,SGD,1e-05,244,0.7220216606498195,1.5844979796558618,0.0054189745535528,5.693917046301067e-06,6.710081834171433e-06,1.0161646741835284e-06,41
244,244,roberta-base,glue,rte,2,10,5,1.0,8,1,250,True,1.0,,Adam,1e-05,SGD,1e-05,245,0.7256317689530686,1.5461251876716102,0.0033273874405237,9.425236385141034e-06,1.1654691661533434e-05,2.2294552763924003e-06,410
245,245,roberta-base,glue,rte,2,10,5,1.0,8,1,250,True,1.0,,Adam,1e-05,SGD,1e-05,246,0.7292418772563177,1.5450285179806609,0.0032174875190321,5.277604032016825e-06,1.195587083202554e-05,6.678266800008714e-06,96
246,246,roberta-base,glue,rte,2,10,5,1.0,8,1,250,True,1.0,,Adam,1e-05,SGD,1e-05,247,0.7256317689530686,1.550239313473659,0.0030429765104119,9.498218787484802e-06,1.029141367325792e-05,7.931952268336318e-07,123
247,247,roberta-base,glue,rte,2,10,5,1.0,8,1,250,True,1.0,,Adam,1e-05,SGD,1e-05,248,0.7220216606498195,1.5770066631691797,0.0025956788503922,1.4803232261328958e-05,2.0081315597053617e-05,5.278083335724659e-06,410
248,248,roberta-base,glue,rte,2,10,5,1.0,8,1,250,True,1.0,,Adam,1e-05,SGD,1e-05,249,0.7292418772563177,1.5812939573611533,0.003322580683081,9.491067430644762e-06,1.2340412467892747e-05,2.84934480987431e-06,123
249,249,roberta-base,glue,rte,2,10,5,1.0,8,1,250,True,1.0,,Adam,1e-05,SGD,1e-05,250,0.7148014440433214,1.6115338436860058,0.0013437693270316,2.704710823309142e-06,5.590716227743542e-06,2.8860054044344e-06,320
