,checkpoint,ds_path,ds_name,num_labels,num_clients,clients_per_round,alpha,batch_size,local_epochs,total_rounds,fda,theta,extras,server_opt_name,server_opt_lr,client_opt_name,client_opt_lr,round,accuracy,f1,testing_loss,training_loss,variance,avg_norm_sq_drifts,norm_sq_avg_drift,round_steps,max_epochs
0,roberta-base,glue,mrpc,2,10,10,1.0,8,1,200,True,1.0,,AdamW,0.0001,SGD,1e-05,1,0.6838235294117647,0.8122270742358079,0.6746288771722831,0.7419016926288604,4.618841558112763e-06,7.547909717686707e-06,2.929067932200269e-06,50,10
1,roberta-base,glue,mrpc,2,10,10,1.0,8,1,200,True,1.0,,AdamW,0.0001,SGD,1e-05,2,0.6838235294117647,0.8122270742358079,0.6222401939186395,0.6535276647408804,4.3390868086135015e-05,5.1486509619280696e-05,8.09564062365098e-06,150,10
2,roberta-base,glue,mrpc,2,10,10,1.0,8,1,200,True,1.0,,AdamW,0.0001,SGD,1e-05,3,0.6838235294117647,0.8122270742358079,0.6192725966958439,0.6080791126713156,9.974333079298958e-05,0.0001012487264233,1.505394720879849e-06,200,10
3,roberta-base,glue,mrpc,2,10,10,1.0,8,1,200,True,1.0,,AdamW,0.0001,SGD,1e-05,4,0.6838235294117647,0.8122270742358079,0.6179204802302753,0.5911022314578295,0.0001252112415386,0.0001287261402467,3.5149050745530985e-06,200,10
4,roberta-base,glue,mrpc,2,10,10,1.0,8,1,200,True,1.0,,AdamW,0.0001,SGD,1e-05,5,0.6838235294117647,0.8122270742358079,0.5922769436649248,0.5582151858285072,0.0001606750302016,0.0001664214069023,5.746383521909593e-06,200,10
5,roberta-base,glue,mrpc,2,10,10,1.0,8,1,200,True,1.0,,AdamW,0.0001,SGD,1e-05,6,0.7083333333333334,0.8226527570789866,0.6750268039165759,0.5355538620471956,0.0002515766536816,0.0003303271078038,7.875046139815822e-05,250,10
6,roberta-base,glue,mrpc,2,10,10,1.0,8,1,200,True,1.0,,AdamW,0.0001,SGD,1e-05,7,0.7769607843137255,0.840630472854641,0.5657639380763558,0.4922127454988659,0.000333873060299,0.0003980832698289,6.421021680580452e-05,200,10
7,roberta-base,glue,mrpc,2,10,10,1.0,8,1,200,True,1.0,,AdamW,0.0001,SGD,1e-05,8,0.6838235294117647,0.8122270742358079,0.9002074007602299,0.385904057624936,0.0003565946826711,0.0004626059962902,0.000106011313619,500,10
8,roberta-base,glue,mrpc,2,10,10,1.0,8,1,200,True,1.0,,AdamW,0.0001,SGD,1e-05,9,0.5931372549019608,0.6084905660377359,0.9702549033305224,0.3584430623520166,0.0001719213032629,0.0003444870526436,0.0001725657493807,400,10
9,roberta-base,glue,mrpc,2,10,10,1.0,8,1,200,True,1.0,,AdamW,0.0001,SGD,1e-05,10,0.7475490196078431,0.8,0.5154170204027027,0.3232595333181321,0.0001052911247825,0.0002181180316256,0.0001128269068431,250,10
10,roberta-base,glue,mrpc,2,10,10,1.0,8,1,200,True,1.0,,AdamW,0.0001,SGD,1e-05,11,0.7181372549019608,0.8291233283803864,0.7807506663249988,0.3394988524243235,9.527849761070684e-05,0.0001845028746174,8.9224377006758e-05,100,10
11,roberta-base,glue,mrpc,2,10,10,1.0,8,1,200,True,1.0,,AdamW,0.0001,SGD,1e-05,12,0.7990196078431373,0.8694267515923567,0.4729714432329523,0.2853632416244596,0.0001873065630206,0.0003629014536272,0.0001755948906065,500,10
12,roberta-base,glue,mrpc,2,10,10,1.0,8,1,200,True,1.0,,AdamW,0.0001,SGD,1e-05,13,0.75,0.7901234567901234,0.5557357679102936,0.2581484578537444,9.793076606001704e-05,0.0001071360529749,9.205288733937778e-06,150,10
13,roberta-base,glue,mrpc,2,10,10,1.0,8,1,200,True,1.0,,AdamW,0.0001,SGD,1e-05,14,0.8553921568627451,0.899488926746167,0.413726760056235,0.2243128561936319,0.0001569030573591,0.000271846918622,0.0001149438612628,450,10
14,roberta-base,glue,mrpc,2,10,10,1.0,8,1,200,True,1.0,,AdamW,0.0001,SGD,1e-05,15,0.8308823529411765,0.8881685575364667,0.5610507718451759,0.1965690314644016,9.48466986301355e-05,0.000110080014565,1.5233317753882147e-05,200,10
15,roberta-base,glue,mrpc,2,10,10,1.0,8,1,200,True,1.0,,AdamW,0.0001,SGD,1e-05,16,0.8627450980392157,0.900355871886121,0.3514139457039681,0.1660025784329378,0.0001259695127373,0.0001875529560493,6.15834433119744e-05,350,10
16,roberta-base,glue,mrpc,2,10,10,1.0,8,1,200,True,1.0,,AdamW,0.0001,SGD,1e-05,17,0.8186274509803921,0.85546875,0.4232959598302841,0.1261581020234152,9.377722744829951e-05,0.0001026897953124,8.912566045182757e-06,300,10
17,roberta-base,glue,mrpc,2,10,10,1.0,8,1,200,True,1.0,,AdamW,0.0001,SGD,1e-05,18,0.8627450980392157,0.9027777777777778,0.3803846877543073,0.1142620983825997,7.815581193426624e-05,0.000119792544865,4.163673293078318e-05,250,10
18,roberta-base,glue,mrpc,2,10,10,1.0,8,1,200,True,1.0,,AdamW,0.0001,SGD,1e-05,19,0.8455882352941176,0.8955223880597015,0.5574079698873866,0.0828252196855998,8.714519208297133e-05,9.812493954086676e-05,1.0979746548400726e-05,300,10
19,roberta-base,glue,mrpc,2,10,10,1.0,8,1,200,True,1.0,,AdamW,0.0001,SGD,1e-05,20,0.8504901960784313,0.8942807625649913,0.478103659686395,0.0633462360760196,7.05382481100969e-05,9.689751459518448e-05,2.635926466609817e-05,250,10
20,roberta-base,glue,mrpc,2,10,10,1.0,8,1,200,True,1.0,,AdamW,0.0001,SGD,1e-05,21,0.8357843137254902,0.8718929254302104,0.5770972234507402,0.0445914253306109,7.420045585604385e-05,8.390886796405539e-05,9.708413017506246e-06,300,10
21,roberta-base,glue,mrpc,2,10,10,1.0,8,1,200,True,1.0,,AdamW,0.0001,SGD,1e-05,22,0.8578431372549019,0.8929889298892989,0.5380485436386045,0.0363091144160716,5.885767313884571e-05,8.192400127882138e-05,2.306632995896507e-05,200,10
22,roberta-base,glue,mrpc,2,10,10,1.0,8,1,200,True,1.0,,AdamW,0.0001,SGD,1e-05,23,0.8480392156862745,0.8956228956228957,0.6893540353436644,0.0218762940525905,7.990805170265958e-05,9.335885988548398e-05,1.3450809092319105e-05,450,10
23,roberta-base,glue,mrpc,2,10,10,1.0,8,1,200,True,1.0,,AdamW,0.0001,SGD,1e-05,24,0.8357843137254902,0.8892561983471075,0.8040529334159824,0.0259697177979396,4.713562157121487e-05,5.2140181651338935e-05,5.004560080124065e-06,100,10
24,roberta-base,glue,mrpc,2,10,10,1.0,8,1,200,True,1.0,,AdamW,0.0001,SGD,1e-05,25,0.8431372549019608,0.8918918918918919,0.638661400351089,0.0145401351835578,6.278712680796161e-05,8.826232078718022e-05,2.547519579820801e-05,500,10
25,roberta-base,glue,mrpc,2,10,10,1.0,8,1,200,True,1.0,,AdamW,0.0001,SGD,1e-05,26,0.8553921568627451,0.8909426987060998,0.6028757478640068,0.0275955624049529,3.17923586408142e-05,3.449753421591595e-05,2.705175575101748e-06,50,10
26,roberta-base,glue,mrpc,2,10,10,1.0,8,1,200,True,1.0,,AdamW,0.0001,SGD,1e-05,27,0.8651960784313726,0.8983364140480592,0.5717892444181237,0.0111780061892583,6.431774090742692e-05,8.372408774448559e-05,1.9406348656048067e-05,500,10
27,roberta-base,glue,mrpc,2,10,10,1.0,8,1,200,True,1.0,,AdamW,0.0001,SGD,1e-05,28,0.8529411764705882,0.898989898989899,0.6373611991248075,0.0161505446256487,3.320640098536387e-05,4.5140590373193845e-05,1.193418756884057e-05,100,10
28,roberta-base,glue,mrpc,2,10,10,1.0,8,1,200,True,1.0,,AdamW,0.0001,SGD,1e-05,29,0.8431372549019608,0.8950819672131147,0.8063221572368753,0.0079898611210286,5.744895679526962e-05,6.125658546807244e-05,3.80762821805547e-06,500,10
29,roberta-base,glue,mrpc,2,10,10,1.0,8,1,200,True,1.0,,AdamW,0.0001,SGD,1e-05,30,0.8480392156862745,0.8973509933774835,0.7318209070990812,0.0252799911588663,3.028912033187225e-05,3.9457583625335246e-05,9.16846238396829e-06,50,10
30,roberta-base,glue,mrpc,2,10,10,1.0,8,1,200,True,1.0,,AdamW,0.0001,SGD,1e-05,31,0.8700980392156863,0.9055258467023172,0.5818711029840451,0.0062056251817033,5.8631354477256536e-05,7.011291745584458e-05,1.148156115959864e-05,500,10
31,roberta-base,glue,mrpc,2,10,10,1.0,8,1,200,True,1.0,,AdamW,0.0001,SGD,1e-05,32,0.8578431372549019,0.8933823529411765,0.6113010181191688,0.0097479581693575,3.4269447496626526e-05,4.283356247469783e-05,8.564114978071302e-06,150,10
32,roberta-base,glue,mrpc,2,10,10,1.0,8,1,200,True,1.0,,AdamW,0.0001,SGD,1e-05,33,0.8553921568627451,0.8998302207130731,0.6557910942173489,0.0051089594902237,4.947370325680822e-05,7.042488869046792e-05,2.0951185433659703e-05,500,10
33,roberta-base,glue,mrpc,2,10,10,1.0,8,1,200,True,1.0,,AdamW,0.0001,SGD,1e-05,34,0.8382352941176471,0.8918032786885246,0.8404119789872008,0.0077331462643924,2.9354838261497207e-05,2.9997287128935568e-05,6.424481853173347e-07,100,10
34,roberta-base,glue,mrpc,2,10,10,1.0,8,1,200,True,1.0,,AdamW,0.0001,SGD,1e-05,35,0.8480392156862745,0.8963210702341137,0.7257176347604186,0.0037887003478361,4.406752123031765e-05,5.842394966748543e-05,1.435642843716778e-05,500,10
35,roberta-base,glue,mrpc,2,10,10,1.0,8,1,200,True,1.0,,AdamW,0.0001,SGD,1e-05,36,0.8480392156862745,0.8876811594202898,0.6188262703853623,0.0057666928004764,2.166482408938464e-05,2.5158422431559305e-05,3.493598796922015e-06,100,10
36,roberta-base,glue,mrpc,2,10,10,1.0,8,1,200,True,1.0,,AdamW,0.0001,SGD,1e-05,37,0.8578431372549019,0.8975265017667845,0.6225435864773816,0.0032175509314693,4.219946276862174e-05,5.818102727062069e-05,1.5981564501998946e-05,500,10
37,roberta-base,glue,mrpc,2,10,10,1.0,8,1,200,True,1.0,,AdamW,0.0001,SGD,1e-05,38,0.8455882352941176,0.8930390492359932,0.6999374843720694,0.0062797601552447,2.214738015027251e-05,2.3199048882815987e-05,1.0516681641092871e-06,100,10
38,roberta-base,glue,mrpc,2,10,10,1.0,8,1,200,True,1.0,,AdamW,0.0001,SGD,1e-05,39,0.8455882352941176,0.8941176470588236,0.7694745664581811,0.0025702021164761,2.7863328796229325e-05,2.81907559838146e-05,3.274266191510833e-07,500,10
39,roberta-base,glue,mrpc,2,10,10,1.0,8,1,200,True,1.0,,AdamW,0.0001,SGD,1e-05,40,0.8553921568627451,0.8987993138936535,0.7162674986780164,0.0061991912460362,1.834324939409271e-05,2.221982504124753e-05,3.876576556649525e-06,100,10
40,roberta-base,glue,mrpc,2,10,10,1.0,8,1,200,True,1.0,,AdamW,0.0001,SGD,1e-05,41,0.8578431372549019,0.8975265017667845,0.6826563232393442,0.0020367552839627,2.9829783670720644e-05,3.034229848708492e-05,5.125146458340168e-07,500,10
41,roberta-base,glue,mrpc,2,10,10,1.0,8,1,200,True,1.0,,AdamW,0.0001,SGD,1e-05,42,0.8627450980392157,0.9,0.6829263778796018,0.00504654033939,1.7883206965052523e-05,1.9810482626780868e-05,1.927275206980994e-06,100,10
42,roberta-base,glue,mrpc,2,10,10,1.0,8,1,200,True,1.0,,AdamW,0.0001,SGD,1e-05,43,0.8627450980392157,0.903448275862069,0.7153902461691806,0.0021307067322486,2.158869574486744e-05,2.7299101930111647e-05,5.710405730496859e-06,500,10
43,roberta-base,glue,mrpc,2,10,10,1.0,8,1,200,True,1.0,,AdamW,0.0001,SGD,1e-05,44,0.8529411764705882,0.8979591836734694,0.7560493240718429,0.0024005028268826,1.1906533472938465e-05,1.226147014676826e-05,3.549363327692845e-07,150,10
44,roberta-base,glue,mrpc,2,10,10,1.0,8,1,200,True,1.0,,AdamW,0.0001,SGD,1e-05,45,0.8602941176470589,0.9028960817717206,0.7609043885393333,0.0024785355660496,2.135849535989109e-05,2.242877053504344e-05,1.070275402526022e-06,400,10
45,roberta-base,glue,mrpc,2,10,10,1.0,8,1,200,True,1.0,,AdamW,0.0001,SGD,1e-05,46,0.8602941176470589,0.9015544041450776,0.7219488106033989,0.0019723365374084,1.5039046957099345e-05,1.5886558685451746e-05,8.475120694129146e-07,250,10
46,roberta-base,glue,mrpc,2,10,10,1.0,8,1,200,True,1.0,,AdamW,0.0001,SGD,1e-05,47,0.8578431372549019,0.9,0.7193351787607432,0.0015223615638258,1.6209802197408862e-05,1.7117463357863016e-05,9.07660762550222e-07,450,10
47,roberta-base,glue,mrpc,2,10,10,1.0,8,1,200,True,1.0,,AdamW,0.0001,SGD,1e-05,48,0.8578431372549019,0.9003436426116839,0.7281984241146311,0.002550010257677,1.1764203918573912e-05,1.1999245543847792e-05,2.350415968521702e-07,200,10
48,roberta-base,glue,mrpc,2,10,10,1.0,8,1,200,True,1.0,,AdamW,0.0001,SGD,1e-05,49,0.8553921568627451,0.8987993138936535,0.7345494630771653,0.0014694654041294,1.5099348274816292e-05,1.5286899724742398e-05,1.875516488780704e-07,350,10
49,roberta-base,glue,mrpc,2,10,10,1.0,8,1,200,True,1.0,,AdamW,0.0001,SGD,1e-05,50,0.8578431372549019,0.8996539792387543,0.7094925242423664,0.0015521199300186,1.2049855286022648e-05,1.250402146979468e-05,4.541660700851935e-07,250,10
50,roberta-base,glue,mrpc,2,10,10,1.0,8,1,200,True,1.0,,AdamW,0.0001,SGD,1e-05,51,0.8602941176470589,0.900523560209424,0.6876396327955744,0.0014121330498809,1.3342364582058508e-05,1.3558450518758036e-05,2.16086249338332e-07,350,10
51,roberta-base,glue,mrpc,2,10,10,1.0,8,1,200,True,1.0,,AdamW,0.0001,SGD,1e-05,52,0.8578431372549019,0.8993055555555556,0.6988705068857491,0.0030382666343139,1.3914607734477611e-05,1.5120254829525948e-05,1.2056470950483344e-06,200,10
52,roberta-base,glue,mrpc,2,10,10,1.0,8,1,200,True,1.0,,AdamW,0.0001,SGD,1e-05,53,0.8504901960784313,0.8960817717206133,0.7526777358040871,0.0012596429065422,1.1426637684053276e-05,1.210192931466736e-05,6.752919716745964e-07,500,10
53,roberta-base,glue,mrpc,2,10,10,1.0,8,1,200,True,1.0,,AdamW,0.0001,SGD,1e-05,54,0.8504901960784313,0.8964346349745331,0.7679724229991038,0.0017232399469648,5.784493623650633e-06,6.257939276110847e-06,4.734458514121798e-07,150,10
54,roberta-base,glue,mrpc,2,10,10,1.0,8,1,200,True,1.0,,AdamW,0.0001,SGD,1e-05,55,0.8553921568627451,0.8987993138936535,0.7581594244485114,0.0009916292958627,1.0209321771981196e-05,1.042973599396646e-05,2.204146483109071e-07,450,10
55,roberta-base,glue,mrpc,2,10,10,1.0,8,1,200,True,1.0,,AdamW,0.0001,SGD,1e-05,56,0.8529411764705882,0.896551724137931,0.7485523785789173,0.0026093128682987,6.082415893615689e-06,6.180980108183576e-06,9.856412930275837e-08,150,10
56,roberta-base,glue,mrpc,2,10,10,1.0,8,1,200,True,1.0,,AdamW,0.0001,SGD,1e-05,57,0.8553921568627451,0.8981001727115717,0.7533561291444736,0.0012195588809263,1.1614677532634232e-05,1.18090329124243e-05,1.9435499609699042e-07,400,10
57,roberta-base,glue,mrpc,2,10,10,1.0,8,1,200,True,1.0,,AdamW,0.0001,SGD,1e-05,58,0.8651960784313726,0.9043478260869564,0.7485712255840875,0.0013656991865912,7.859900506446138e-06,7.985729098436423e-06,1.2582873409883177e-07,150,10
58,roberta-base,glue,mrpc,2,10,10,1.0,8,1,200,True,1.0,,AdamW,0.0001,SGD,1e-05,59,0.8553921568627451,0.8981001727115717,0.7653978076471272,0.0008917848650016,9.507817594567314e-06,9.910714652505703e-06,4.028970863600989e-07,500,10
59,roberta-base,glue,mrpc,2,10,10,1.0,8,1,200,True,1.0,,AdamW,0.0001,SGD,1e-05,60,0.8553921568627451,0.8977469670710572,0.7536404090645317,0.0013978697518177,5.475968464452308e-06,5.782342213933589e-06,3.06373664216153e-07,150,10
60,roberta-base,glue,mrpc,2,10,10,1.0,8,1,200,True,1.0,,AdamW,0.0001,SGD,1e-05,61,0.875,0.9090909090909092,0.7278472317040866,0.0023787017030117,9.915805094351526e-06,1.0782183380797504e-05,8.663781159157224e-07,50,10
61,roberta-base,glue,mrpc,2,10,10,1.0,8,1,200,True,1.0,,AdamW,0.0001,SGD,1e-05,62,0.8602941176470589,0.901213171577123,0.7519731847289721,0.0009407860486971,8.940588486439083e-06,1.183654967462644e-05,2.8959609608136816e-06,500,10
62,roberta-base,glue,mrpc,2,10,10,1.0,8,1,200,True,1.0,,AdamW,0.0001,SGD,1e-05,63,0.8602941176470589,0.9018932874354562,0.7812355284062077,0.0016714384687074,5.10629888594849e-06,5.225231689109933e-06,1.1893274631802343e-07,100,10
63,roberta-base,glue,mrpc,2,10,10,1.0,8,1,200,True,1.0,,AdamW,0.0001,SGD,1e-05,64,0.8602941176470589,0.9018932874354562,0.7881836357564145,0.0008261778617132,9.921610399032945e-06,1.020259423967218e-05,2.809842953865882e-07,500,10
64,roberta-base,glue,mrpc,2,10,10,1.0,8,1,200,True,1.0,,AdamW,0.0001,SGD,1e-05,65,0.8651960784313726,0.9040139616055848,0.7396832237336283,0.001096431577161,5.125401457917178e-06,6.4854934862523805e-06,1.3600921420220402e-06,150,10
65,roberta-base,glue,mrpc,2,10,10,1.0,8,1,200,True,1.0,,AdamW,0.0001,SGD,1e-05,66,0.8676470588235294,0.9049295774647887,0.7316218609233985,0.0007092834883194,7.577093128929846e-06,8.301921297970694e-06,7.248282827276853e-07,500,10
66,roberta-base,glue,mrpc,2,10,10,1.0,8,1,200,True,1.0,,AdamW,0.0001,SGD,1e-05,67,0.8725490196078431,0.906810035842294,0.7299423239769656,0.0011916735633276,6.2350491134566255e-06,6.554497758770594e-06,3.194487874225161e-07,200,10
67,roberta-base,glue,mrpc,2,10,10,1.0,8,1,200,True,1.0,,AdamW,0.0001,SGD,1e-05,68,0.8627450980392157,0.902097902097902,0.7429575154180615,0.0010743790158958,7.995177838893142e-06,8.722937309357803e-06,7.277596409949183e-07,400,10
68,roberta-base,glue,mrpc,2,10,10,1.0,8,1,200,True,1.0,,AdamW,0.0001,SGD,1e-05,69,0.8578431372549019,0.9,0.7807935282189111,0.0005908132812515,5.910517757001799e-06,6.03313856117893e-06,1.226209889182428e-07,350,10
69,roberta-base,glue,mrpc,2,10,10,1.0,8,1,200,True,1.0,,AdamW,0.0001,SGD,1e-05,70,0.8627450980392157,0.9027777777777778,0.7698873933718549,0.0006986568967986,5.059740942670032e-06,5.751365733885905e-06,6.91624961746129e-07,350,10
70,roberta-base,glue,mrpc,2,10,10,1.0,8,1,200,True,1.0,,AdamW,0.0001,SGD,1e-05,71,0.8602941176470589,0.8983957219251337,0.7531755705145484,0.0008322894046796,4.416675437823869e-06,4.786226782016456e-06,3.695515431445529e-07,200,10
71,roberta-base,glue,mrpc,2,10,10,1.0,8,1,200,True,1.0,,AdamW,0.0001,SGD,1e-05,72,0.8627450980392157,0.900355871886121,0.7553390010383308,0.0014756704728691,6.045124337106245e-06,6.7709329414356034e-06,7.258087180161965e-07,150,10
72,roberta-base,glue,mrpc,2,10,10,1.0,8,1,200,True,1.0,,AdamW,0.0001,SGD,1e-05,73,0.8553921568627451,0.8973913043478261,0.7835055545449494,0.000618320919745,9.784915164345875e-06,1.071910355676664e-05,9.34187994516833e-07,500,10
73,roberta-base,glue,mrpc,2,10,10,1.0,8,1,200,True,1.0,,AdamW,0.0001,SGD,1e-05,74,0.8578431372549019,0.9006849315068494,0.820949522177198,0.0005114296756859,5.157233772479231e-06,5.245117336016847e-06,8.788354222133422e-08,500,10
74,roberta-base,glue,mrpc,2,10,10,1.0,8,1,200,True,1.0,,AdamW,0.0001,SGD,1e-05,75,0.8578431372549019,0.9006849315068494,0.8304085531919697,0.0006568006659799,2.7908506581297843e-06,2.997676801896887e-06,2.068262148213762e-07,150,10
75,roberta-base,glue,mrpc,2,10,10,1.0,8,1,200,True,1.0,,AdamW,0.0001,SGD,1e-05,76,0.8578431372549019,0.9,0.8169357897619621,0.0005202990117395,4.236405402480159e-06,4.36546906712465e-06,1.290637356987645e-07,500,10
76,roberta-base,glue,mrpc,2,10,10,1.0,8,1,200,True,1.0,,AdamW,0.0001,SGD,1e-05,77,0.8602941176470589,0.8991150442477877,0.7692474649178193,0.0018198434807709,3.822044163825922e-06,4.299356078263372e-06,4.773118007506127e-07,100,10
77,roberta-base,glue,mrpc,2,10,10,1.0,8,1,200,True,1.0,,AdamW,0.0001,SGD,1e-05,78,0.8553921568627451,0.8984509466437177,0.8131936477016721,0.00068585561059,6.044583642506041e-06,8.441039426543284e-06,2.396456011410919e-06,500,10
78,roberta-base,glue,mrpc,2,10,10,1.0,8,1,200,True,1.0,,AdamW,0.0001,SGD,1e-05,79,0.8529411764705882,0.8976109215017065,0.8478774987360892,0.0006846138398323,3.286671699243016e-06,3.4775080166582484e-06,1.9083637425865166e-07,200,10
79,roberta-base,glue,mrpc,2,10,10,1.0,8,1,200,True,1.0,,AdamW,0.0001,SGD,1e-05,80,0.8553921568627451,0.899488926746167,0.8667715595422801,0.0006870848926288,4.425896349857794e-06,4.557290139928227e-06,1.3139357690761244e-07,150,10
80,roberta-base,glue,mrpc,2,10,10,1.0,8,1,200,True,1.0,,AdamW,0.0001,SGD,1e-05,81,0.8504901960784313,0.8957264957264958,0.841708428562532,0.0003909143835335,3.962452865380328e-06,4.258437456883257e-06,2.959845915029291e-07,500,10
81,roberta-base,glue,mrpc,2,10,10,1.0,8,1,200,True,1.0,,AdamW,0.0001,SGD,1e-05,82,0.8578431372549019,0.8996539792387543,0.8156207136523923,0.0005669884797437,2.423721525701694e-06,2.4827818378980737e-06,5.906022693125124e-08,150,10
82,roberta-base,glue,mrpc,2,10,10,1.0,8,1,200,True,1.0,,AdamW,0.0001,SGD,1e-05,83,0.8651960784313726,0.9036777583187392,0.7967529323499298,0.0014970889744581,5.732263616664568e-06,5.908537332288688e-06,1.762736161481371e-07,100,10
83,roberta-base,glue,mrpc,2,10,10,1.0,8,1,200,True,1.0,,AdamW,0.0001,SGD,1e-05,84,0.8627450980392157,0.903114186851211,0.8211607395830524,0.0004910884223747,5.655010227201274e-06,6.1728546825179365e-06,5.178445121600816e-07,500,10
84,roberta-base,glue,mrpc,2,10,10,1.0,8,1,200,True,1.0,,AdamW,0.0001,SGD,1e-05,85,0.8602941176470589,0.9028960817717206,0.8497262466681765,0.0005218018469749,2.8507458864623918e-06,2.9047787393210456e-06,5.403281377880376e-08,200,10
85,roberta-base,glue,mrpc,2,10,10,1.0,8,1,200,True,1.0,,AdamW,0.0001,SGD,1e-05,86,0.8602941176470589,0.902229845626072,0.8261802084724004,0.0003548957417893,3.4671995763346786e-06,3.855589056911413e-06,3.883894805767341e-07,500,10
86,roberta-base,glue,mrpc,2,10,10,1.0,8,1,200,True,1.0,,AdamW,0.0001,SGD,1e-05,87,0.8799019607843137,0.9135802469135802,0.7664660865742846,0.0007411618459154,3.770784815060324e-06,4.268615612090798e-06,4.978307401870552e-07,100,10
87,roberta-base,glue,mrpc,2,10,10,1.0,8,1,200,True,1.0,,AdamW,0.0001,SGD,1e-05,88,0.8774509803921569,0.9107142857142856,0.7630652701550656,0.0006620865590652,6.808360922150314e-06,7.277255917870207e-06,4.688950809850212e-07,500,10
88,roberta-base,glue,mrpc,2,10,10,1.0,8,1,200,True,1.0,,AdamW,0.0001,SGD,1e-05,89,0.8799019607843137,0.914185639229422,0.7603287626378576,0.0005675414987217,3.691725396492984e-06,4.4483849706011824e-06,7.56659687795036e-07,400,10
89,roberta-base,glue,mrpc,2,10,10,1.0,8,1,200,True,1.0,,AdamW,0.0001,SGD,1e-05,90,0.8651960784313726,0.9050086355785838,0.7858467546677418,0.0006433345229015,2.782415322144516e-06,2.868172941816738e-06,8.575771914820508e-08,150,10
90,roberta-base,glue,mrpc,2,10,10,1.0,8,1,200,True,1.0,,AdamW,0.0001,SGD,1e-05,91,0.8676470588235294,0.9087837837837838,0.9221810377643764,0.0042029453585681,4.424711369210854e-05,4.871122291660868e-05,4.464110588742187e-06,250,10
91,roberta-base,glue,mrpc,2,10,10,1.0,8,1,200,True,1.0,,AdamW,0.0001,SGD,1e-05,92,0.875,0.9137055837563453,0.9001416727992096,0.0007178699236697,9.377108654007316e-06,1.117414558393648e-05,1.7970364751818124e-06,500,10
92,roberta-base,glue,mrpc,2,10,10,1.0,8,1,200,True,1.0,,AdamW,0.0001,SGD,1e-05,93,0.8676470588235294,0.90625,0.7961912456764063,0.0011251578857772,4.984281986253336e-06,6.166578714328352e-06,1.1822966143881786e-06,100,10
93,roberta-base,glue,mrpc,2,10,10,1.0,8,1,200,True,1.0,,AdamW,0.0001,SGD,1e-05,94,0.8627450980392157,0.8966789667896679,0.8176541561422032,0.0007018292295415,1.2413091099006124e-05,1.3730251339438835e-05,1.3171601267458757e-06,400,10
94,roberta-base,glue,mrpc,2,10,10,1.0,8,1,200,True,1.0,,AdamW,0.0001,SGD,1e-05,95,0.875,0.91005291005291,0.7434991528502638,0.0015934947384172,8.777573384577408e-06,1.7656011550570838e-05,8.87843816599343e-06,250,10
95,roberta-base,glue,mrpc,2,10,10,1.0,8,1,200,True,1.0,,AdamW,0.0001,SGD,1e-05,96,0.8700980392156863,0.9087779690189328,0.7950965700637979,0.0006718740645184,6.1171726883912925e-06,6.2916960814618506e-06,1.7452339307055809e-07,500,10
96,roberta-base,glue,mrpc,2,10,10,1.0,8,1,200,True,1.0,,AdamW,0.0001,SGD,1e-05,97,0.8676470588235294,0.9078498293515358,0.8119372884874454,0.0019074289008567,3.550362180249067e-06,4.252242433722131e-06,7.018803671599017e-07,100,10
97,roberta-base,glue,mrpc,2,10,10,1.0,8,1,200,True,1.0,,AdamW,0.0001,SGD,1e-05,98,0.8799019607843137,0.9126559714795008,0.7642284637932236,0.0012478819184063,1.2789780157618225e-05,1.6229698303504847e-05,3.4399176911392715e-06,250,10
98,roberta-base,glue,mrpc,2,10,10,1.0,8,1,200,True,1.0,,AdamW,0.0001,SGD,1e-05,99,0.8651960784313726,0.9001814882032668,0.7933085913966494,0.0010378180907748,1.0078877494379412e-05,1.1225554771954194e-05,1.146677050201106e-06,500,10
99,roberta-base,glue,mrpc,2,10,10,1.0,8,1,200,True,1.0,,AdamW,0.0001,SGD,1e-05,100,0.8676470588235294,0.9035714285714286,0.7568044941578467,0.0012549313300987,5.147092451807112e-06,7.364149496424943e-06,2.2170568172441563e-06,250,10
100,roberta-base,glue,mrpc,2,10,10,1.0,8,1,200,True,1.0,,AdamW,0.0001,SGD,1e-05,101,0.8602941176470589,0.9032258064516128,0.8253701545843654,0.0007097376796038,4.735062248073518e-06,6.65908373775892e-06,1.9240217170590768e-06,500,10
101,roberta-base,glue,mrpc,2,10,10,1.0,8,1,200,True,1.0,,AdamW,0.0001,SGD,1e-05,102,0.8455882352941176,0.8955223880597015,0.9445734754636742,0.001656314609776,2.367665956626297e-06,2.836314706655685e-06,4.68648693185969e-07,50,10
102,roberta-base,glue,mrpc,2,10,10,1.0,8,1,200,True,1.0,,AdamW,0.0001,SGD,1e-05,103,0.8529411764705882,0.8979591836734694,0.8320938124527981,0.002125839376987,1.1548335351108108e-05,1.5134370187297463e-05,3.586035063563031e-06,150,10
103,roberta-base,glue,mrpc,2,10,10,1.0,8,1,200,True,1.0,,AdamW,0.0001,SGD,1e-05,104,0.8578431372549019,0.8964285714285715,0.7737285999053924,0.0005754195530491,4.965680545865325e-06,5.602003056992544e-06,6.36322340596962e-07,500,10
104,roberta-base,glue,mrpc,2,10,10,1.0,8,1,200,True,1.0,,AdamW,0.0001,SGD,1e-05,105,0.8578431372549019,0.8960573476702509,0.7767248009268751,0.0015134315949835,3.395856765564531e-06,4.827495104109403e-06,1.431638224858034e-06,100,10
105,roberta-base,glue,mrpc,2,10,10,1.0,8,1,200,True,1.0,,AdamW,0.0001,SGD,1e-05,106,0.8627450980392157,0.9047619047619048,0.806192523206632,0.0010183215438992,8.352682925760746e-06,1.4756240489077754e-05,6.403557563317008e-06,400,10
106,roberta-base,glue,mrpc,2,10,10,1.0,8,1,200,True,1.0,,AdamW,0.0001,SGD,1e-05,107,0.8529411764705882,0.8993288590604027,0.8721202886446525,0.0009261284657841,5.646220415655989e-06,6.828049208706943e-06,1.1818290204246296e-06,200,10
107,roberta-base,glue,mrpc,2,10,10,1.0,8,1,200,True,1.0,,AdamW,0.0001,SGD,1e-05,108,0.8700980392156863,0.9094017094017094,0.7740760902109768,0.0007996900439793,6.9039615482324734e-06,9.31879912968725e-06,2.4148373540811008e-06,400,10
108,roberta-base,glue,mrpc,2,10,10,1.0,8,1,200,True,1.0,,AdamW,0.0001,SGD,1e-05,109,0.8529411764705882,0.8913043478260869,0.7263009475500439,0.0010811886665876,6.697023763990728e-06,8.018970220291521e-06,1.3219463426139557e-06,250,10
109,roberta-base,glue,mrpc,2,10,10,1.0,8,1,200,True,1.0,,AdamW,0.0001,SGD,1e-05,110,0.8431372549019608,0.8819188191881919,0.7752909607886834,0.0005781041399692,3.879011728713522e-06,4.961567810823908e-06,1.082556195797224e-06,500,10
110,roberta-base,glue,mrpc,2,10,10,1.0,8,1,200,True,1.0,,AdamW,0.0001,SGD,1e-05,111,0.8627450980392157,0.8985507246376812,0.7219155859946862,0.0023259621104516,2.5973554329539184e-06,5.294502898323117e-06,2.6971474653691985e-06,100,10
111,roberta-base,glue,mrpc,2,10,10,1.0,8,1,200,True,1.0,,AdamW,0.0001,SGD,1e-05,112,0.8651960784313726,0.9043478260869564,0.7376757899157169,0.0005666198338134,4.012591034552315e-06,4.751736469188472e-06,7.391455483229947e-07,500,10
112,roberta-base,glue,mrpc,2,10,10,1.0,8,1,200,True,1.0,,AdamW,0.0001,SGD,1e-05,113,0.8627450980392157,0.9047619047619048,0.8055464337749964,0.0007761170671874,2.1170665149838896e-06,2.3319159936363576e-06,2.148494360199038e-07,100,10
113,roberta-base,glue,mrpc,2,10,10,1.0,8,1,200,True,1.0,,AdamW,0.0001,SGD,1e-05,114,0.8651960784313726,0.9066213921901528,0.8071079082149606,0.0004516370579571,4.677544438891346e-06,5.522809715330368e-06,8.452652764390223e-07,500,10
114,roberta-base,glue,mrpc,2,10,10,1.0,8,1,200,True,1.0,,AdamW,0.0001,SGD,1e-05,115,0.8602941176470589,0.901213171577123,0.7565511102895435,0.001802401694309,3.624639930421836e-06,4.339774477557512e-06,7.151345471356763e-07,100,10
115,roberta-base,glue,mrpc,2,10,10,1.0,8,1,200,True,1.0,,AdamW,0.0001,SGD,1e-05,116,0.8700980392156863,0.905861456483126,0.7306371446588766,0.0006085906611289,4.142022589803673e-06,4.310975327825872e-06,1.6895259591365178e-07,500,10
116,roberta-base,glue,mrpc,2,10,10,1.0,8,1,200,True,1.0,,AdamW,0.0001,SGD,1e-05,117,0.8700980392156863,0.9065255731922398,0.7348463900757363,0.0005487408171582,1.929504151121364e-06,3.089959591306979e-06,1.1604554401856149e-06,500,10
117,roberta-base,glue,mrpc,2,10,10,1.0,8,1,200,True,1.0,,AdamW,0.0001,SGD,1e-05,118,0.8553921568627451,0.8973913043478261,0.7584119810327299,0.000549321168608,1.0076412308990257e-06,1.256927362192073e-06,2.492861881364661e-07,200,10
118,roberta-base,glue,mrpc,2,10,10,1.0,8,1,200,True,1.0,,AdamW,0.0001,SGD,1e-05,119,0.8602941176470589,0.9015544041450776,0.7720406405752133,0.000457721562474,1.4229711950974888e-06,1.5638585182387033e-06,1.4088733735206918e-07,250,10
119,roberta-base,glue,mrpc,2,10,10,1.0,8,1,200,True,1.0,,AdamW,0.0001,SGD,1e-05,120,0.8627450980392157,0.9027777777777778,0.7652247470644343,0.000427799632411,1.760758550517494e-06,1.9041141285924823e-06,1.43355549653279e-07,350,10
120,roberta-base,glue,mrpc,2,10,10,1.0,8,1,200,True,1.0,,AdamW,0.0001,SGD,1e-05,121,0.8651960784313726,0.9043478260869564,0.7633288312964734,0.0009869120803195,1.931181714098784e-06,1.989998054341413e-06,5.8816400638761486e-08,200,10
121,roberta-base,glue,mrpc,2,10,10,1.0,8,1,200,True,1.0,,AdamW,0.0001,SGD,1e-05,122,0.8651960784313726,0.9040139616055848,0.7532762773229408,0.0006813754370668,2.4144119379343465e-06,2.5536794510117038e-06,1.39267456233938e-07,200,10
122,roberta-base,glue,mrpc,2,10,10,1.0,8,1,200,True,1.0,,AdamW,0.0001,SGD,1e-05,123,0.8627450980392157,0.902439024390244,0.7581206504241267,0.000551534115079,3.1169934118224774e-06,3.440646196395392e-06,3.23652898259752e-07,350,10
123,roberta-base,glue,mrpc,2,10,10,1.0,8,1,200,True,1.0,,AdamW,0.0001,SGD,1e-05,124,0.8676470588235294,0.90625,0.761982008712235,0.0004054901207317,1.908577814901946e-06,1.9639728634501807e-06,5.5395133813362924e-08,500,10
124,roberta-base,glue,mrpc,2,10,10,1.0,8,1,200,True,1.0,,AdamW,0.0001,SGD,1e-05,125,0.8676470588235294,0.9065743944636678,0.7647141691828866,0.0004755207090929,1.0112015615959535e-06,1.0412306892249037e-06,3.0029152497945695e-08,200,10
125,roberta-base,glue,mrpc,2,10,10,1.0,8,1,200,True,1.0,,AdamW,0.0001,SGD,1e-05,126,0.8676470588235294,0.9059233449477352,0.7565224525324975,0.000490281054037,1.526152800579439e-06,1.6288595361402258e-06,1.0270677819335107e-07,200,10
126,roberta-base,glue,mrpc,2,10,10,1.0,8,1,200,True,1.0,,AdamW,0.0001,SGD,1e-05,127,0.8700980392156863,0.9078260869565218,0.7577336420919678,0.0004295762326728,1.8812827420333635e-06,1.9890580915671308e-06,1.0777529269034859e-07,500,10
127,roberta-base,glue,mrpc,2,10,10,1.0,8,1,200,True,1.0,,AdamW,0.0001,SGD,1e-05,128,0.8725490196078431,0.9094076655052264,0.7649058841540383,0.0004044777336239,1.03281206520478e-06,1.068507458512613e-06,3.569544659853818e-08,300,10
128,roberta-base,glue,mrpc,2,10,10,1.0,8,1,200,True,1.0,,AdamW,0.0001,SGD,1e-05,129,0.8700980392156863,0.9078260869565218,0.7802972290719125,0.0003859749633877,9.0736995161933e-07,9.60968804974982e-07,5.35988462502246e-08,250,10
129,roberta-base,glue,mrpc,2,10,10,1.0,8,1,200,True,1.0,,AdamW,0.0001,SGD,1e-05,130,0.8676470588235294,0.90625,0.8030772631725139,0.0003850850946743,1.1205570444872135e-06,1.161756131295988e-06,4.119909391420151e-08,350,10
130,roberta-base,glue,mrpc,2,10,10,1.0,8,1,200,True,1.0,,AdamW,0.0001,SGD,1e-05,131,0.8651960784313726,0.9046793760831888,0.8049810600797155,0.0005840930043923,8.062950200837804e-07,9.159656997326238e-07,1.0967067964884337e-07,100,10
131,roberta-base,glue,mrpc,2,10,10,1.0,8,1,200,True,1.0,,AdamW,0.0001,SGD,1e-05,132,0.8725490196078431,0.9094076655052264,0.7842399144648488,0.0004205254366766,3.928647402062779e-06,4.120340236113407e-06,1.9169264930951613e-07,500,10
132,roberta-base,glue,mrpc,2,10,10,1.0,8,1,200,True,1.0,,AdamW,0.0001,SGD,1e-05,133,0.8627450980392157,0.9014084507042254,0.7729945993371931,0.0003227454117775,1.1101320751549792e-06,1.1472941423562588e-06,3.716210983384372e-08,500,10
133,roberta-base,glue,mrpc,2,10,10,1.0,8,1,200,True,1.0,,AdamW,0.0001,SGD,1e-05,134,0.8700980392156863,0.9071803852889668,0.7844289688281624,0.0003449717250685,6.493222031167534e-07,9.82699248197605e-07,3.333770450808516e-07,350,10
134,roberta-base,glue,mrpc,2,10,10,1.0,8,1,200,True,1.0,,AdamW,0.0001,SGD,1e-05,135,0.8700980392156863,0.9081455805892548,0.8143023640608161,0.0003043385225304,4.619292326424329e-07,5.478696039062925e-07,8.594037836928693e-08,500,10
135,roberta-base,glue,mrpc,2,10,10,1.0,8,1,200,True,1.0,,AdamW,0.0001,SGD,1e-05,136,0.8676470588235294,0.9072164948453608,0.8482074557752782,0.0003696761537066,7.171612423917395e-07,7.4263465421609e-07,2.5473392284425245e-08,200,10
136,roberta-base,glue,mrpc,2,10,10,1.0,8,1,200,True,1.0,,AdamW,0.0001,SGD,1e-05,137,0.8676470588235294,0.9072164948453608,0.8515105082122175,0.0005421402538049,1.0083920187753392e-06,1.1461396525191958e-06,1.3774759111129242e-07,100,10
137,roberta-base,glue,mrpc,2,10,10,1.0,8,1,200,True,1.0,,AdamW,0.0001,SGD,1e-05,138,0.8700980392156863,0.9078260869565218,0.8166371505162804,0.0002666710146047,1.4813263078394812e-06,1.7949787434190512e-06,3.136524924229889e-07,500,10
138,roberta-base,glue,mrpc,2,10,10,1.0,8,1,200,True,1.0,,AdamW,0.0001,SGD,1e-05,139,0.8700980392156863,0.905861456483126,0.8056712431489894,0.0002763744541822,6.825625860074069e-07,7.160324457800016e-07,3.3469849114453616e-08,500,10
139,roberta-base,glue,mrpc,2,10,10,1.0,8,1,200,True,1.0,,AdamW,0.0001,SGD,1e-05,140,0.8725490196078431,0.9071428571428573,0.8107918192065827,0.0004515079412764,2.089764848278719e-06,2.307244130861364e-06,2.174793110043538e-07,150,10
140,roberta-base,glue,mrpc,2,10,10,1.0,8,1,200,True,1.0,,AdamW,0.0001,SGD,1e-05,141,0.8700980392156863,0.905861456483126,0.8097036529882233,0.0003342351579747,2.0950910766259767e-06,2.5661236122687114e-06,4.710325640644442e-07,500,10
141,roberta-base,glue,mrpc,2,10,10,1.0,8,1,200,True,1.0,,AdamW,0.0001,SGD,1e-05,142,0.8676470588235294,0.9055944055944056,0.8160079344726161,0.000237907668529,2.395470346527873e-07,2.667011074208858e-07,2.715407276809856e-08,500,10
142,roberta-base,glue,mrpc,2,10,10,1.0,8,1,200,True,1.0,,AdamW,0.0001,SGD,1e-05,143,0.8627450980392157,0.9027777777777778,0.8360362990899697,0.0006359024220691,3.68760055380335e-07,3.864464872549434e-07,1.7686428321894713e-08,200,10
143,roberta-base,glue,mrpc,2,10,10,1.0,8,1,200,True,1.0,,AdamW,0.0001,SGD,1e-05,144,0.8676470588235294,0.9065743944636678,0.8522241093218612,0.000249330508348,4.946646754433459e-07,5.382785275287461e-07,4.361383787454543e-08,300,10
144,roberta-base,glue,mrpc,2,10,10,1.0,8,1,200,True,1.0,,AdamW,0.0001,SGD,1e-05,145,0.8700980392156863,0.9084628670120898,0.8601206519113689,0.0002105395163744,1.782621268375806e-07,1.94865023672719e-07,1.6602903940565742e-08,500,10
145,roberta-base,glue,mrpc,2,10,10,1.0,8,1,200,True,1.0,,AdamW,0.0001,SGD,1e-05,146,0.8676470588235294,0.9065743944636678,0.8589448928623289,0.0002510573144172,1.613866515981499e-07,1.7823060716182226e-07,1.684396266909971e-08,100,10
146,roberta-base,glue,mrpc,2,10,10,1.0,8,1,200,True,1.0,,AdamW,0.0001,SGD,1e-05,147,0.8602941176470589,0.9001751313485113,0.8367365152359936,0.0005053737638906,1.4306752973425318e-06,1.587100882716186e-06,1.564256280062182e-07,150,10
147,roberta-base,glue,mrpc,2,10,10,1.0,8,1,200,True,1.0,,AdamW,0.0001,SGD,1e-05,148,0.8651960784313726,0.9026548672566372,0.828185316757299,0.0002138409348553,2.16367723737676e-07,2.2758352713481145e-07,1.121580694984914e-08,500,10
148,roberta-base,glue,mrpc,2,10,10,1.0,8,1,200,True,1.0,,AdamW,0.0001,SGD,1e-05,149,0.8627450980392157,0.901060070671378,0.8276184777964326,0.000650500123309,3.621421456045937e-07,4.276039931028208e-07,6.54618546036545e-08,100,10
149,roberta-base,glue,mrpc,2,10,10,1.0,8,1,200,True,1.0,,AdamW,0.0001,SGD,1e-05,150,0.8627450980392157,0.902097902097902,0.8384320240267484,0.0005196945652074,1.682635115685116e-06,1.901680320770538e-06,2.1904523350713134e-07,250,10
150,roberta-base,glue,mrpc,2,10,10,1.0,8,1,200,True,1.0,,AdamW,0.0001,SGD,1e-05,151,0.8627450980392157,0.902097902097902,0.834173471132161,0.0004494257937476,2.1848914002475794e-06,2.3687744032940827e-06,1.8388294620308446e-07,200,10
151,roberta-base,glue,mrpc,2,10,10,1.0,8,1,200,True,1.0,,AdamW,0.0001,SGD,1e-05,152,0.8700980392156863,0.9081455805892548,0.8480179025113923,0.000309007472734,1.0634205409587594e-06,1.2040017054459895e-06,1.4058119290893958e-07,500,10
152,roberta-base,glue,mrpc,2,10,10,1.0,8,1,200,True,1.0,,AdamW,0.0001,SGD,1e-05,153,0.8725490196078431,0.9100346020761244,0.8475336900259671,0.0004866989999281,6.647148325100716e-07,7.395958050437912e-07,7.488098674457434e-08,50,10
153,roberta-base,glue,mrpc,2,10,10,1.0,8,1,200,True,1.0,,AdamW,0.0001,SGD,1e-05,154,0.875,0.9116117850953206,0.8211372522670061,0.0002342591953987,7.212348691609805e-07,8.65601577970665e-07,1.4436669459882978e-07,500,10
154,roberta-base,glue,mrpc,2,10,10,1.0,8,1,200,True,1.0,,AdamW,0.0001,SGD,1e-05,155,0.875,0.9113043478260868,0.8088292830049314,0.0002437475337763,8.781718179307063e-07,9.218628633789194e-07,4.369102413193104e-08,500,10
155,roberta-base,glue,mrpc,2,10,10,1.0,8,1,200,True,1.0,,AdamW,0.0001,SGD,1e-05,156,0.8774509803921569,0.9125874125874126,0.7966259923017717,0.0003764015084569,5.358324983717466e-07,5.5459298664573e-07,1.8760490050340195e-08,500,10
156,roberta-base,glue,mrpc,2,10,10,1.0,8,1,200,True,1.0,,AdamW,0.0001,SGD,1e-05,157,0.8799019607843137,0.9144851657940664,0.7979019017153655,0.0007988998021464,7.207841576928331e-07,8.013401497919403e-07,8.055601341538933e-08,50,10
157,roberta-base,glue,mrpc,2,10,10,1.0,8,1,200,True,1.0,,AdamW,0.0001,SGD,1e-05,158,0.8799019607843137,0.915371329879102,0.8334219914395362,0.0002612491811174,3.085119033130468e-06,3.466413318164996e-06,3.8129422819110914e-07,500,10
158,roberta-base,glue,mrpc,2,10,10,1.0,8,1,200,True,1.0,,AdamW,0.0001,SGD,1e-05,159,0.8774509803921569,0.9140893470790378,0.8538081849200192,0.0001986653850486,3.646384811872849e-07,4.346548507783155e-07,7.001637669645788e-08,500,10
159,roberta-base,glue,mrpc,2,10,10,1.0,8,1,200,True,1.0,,AdamW,0.0001,SGD,1e-05,160,0.8774509803921569,0.9140893470790378,0.8612548756496193,0.0002344187691681,1.8759853048777586e-07,2.1558346929850813e-07,2.7984938810732277e-08,150,10
160,roberta-base,glue,mrpc,2,10,10,1.0,8,1,200,True,1.0,,AdamW,0.0001,SGD,1e-05,161,0.8774509803921569,0.913793103448276,0.8412665290299771,0.0002636354125075,7.21176661500067e-07,8.455731403955724e-07,1.2439649310636014e-07,250,10
161,roberta-base,glue,mrpc,2,10,10,1.0,8,1,200,True,1.0,,AdamW,0.0001,SGD,1e-05,162,0.875,0.9109947643979056,0.8032750652905545,0.0002083048334636,6.972762207624328e-07,7.901103344920557e-07,9.283410662419557e-08,500,10
162,roberta-base,glue,mrpc,2,10,10,1.0,8,1,200,True,1.0,,AdamW,0.0001,SGD,1e-05,163,0.8774509803921569,0.9119718309859156,0.7766314976293407,0.0002034481979208,4.447198591606139e-07,4.664404684717738e-07,2.172061286387361e-08,450,10
163,roberta-base,glue,mrpc,2,10,10,1.0,8,1,200,True,1.0,,AdamW,0.0001,SGD,1e-05,164,0.8799019607843137,0.9135802469135802,0.7728175625609355,0.0003466830729691,6.559868097610888e-07,7.841385922802147e-07,1.281518109408353e-07,300,10
164,roberta-base,glue,mrpc,2,10,10,1.0,8,1,200,True,1.0,,AdamW,0.0001,SGD,1e-05,165,0.8774509803921569,0.9125874125874126,0.7905793105848145,0.0003335690016356,1.323865490121534e-06,1.5200986354102497e-06,1.9623318792127972e-07,200,10
165,roberta-base,glue,mrpc,2,10,10,1.0,8,1,200,True,1.0,,AdamW,0.0001,SGD,1e-05,166,0.8725490196078431,0.9100346020761244,0.8352459113725048,0.0001821815163726,1.473350721425959e-07,1.7323080214737274e-07,2.5895722899349494e-08,500,10
166,roberta-base,glue,mrpc,2,10,10,1.0,8,1,200,True,1.0,,AdamW,0.0001,SGD,1e-05,167,0.8774509803921569,0.9140893470790378,0.8798447557981526,0.0002992670843668,1.614801021787571e-07,1.7816262243286476e-07,1.6682514925037143e-08,50,10
167,roberta-base,glue,mrpc,2,10,10,1.0,8,1,200,True,1.0,,AdamW,0.0001,SGD,1e-05,168,0.8700980392156863,0.9094017094017094,0.8912083814318654,0.0006347927200258,1.036902858686517e-06,1.18285390726669e-06,1.459509917367541e-07,150,10
168,roberta-base,glue,mrpc,2,10,10,1.0,8,1,200,True,1.0,,AdamW,0.0001,SGD,1e-05,169,0.8725490196078431,0.910958904109589,0.8842568671053752,0.0003671170216527,1.9540509583748644e-06,2.0522184058791022e-06,9.816746171509295e-08,350,10
169,roberta-base,glue,mrpc,2,10,10,1.0,8,1,200,True,1.0,,AdamW,0.0001,SGD,1e-05,170,0.8774509803921569,0.9131944444444444,0.8002784220968583,0.0003798156212578,3.21625839205808e-06,3.776278390432708e-06,5.600200552180468e-07,200,10
170,roberta-base,glue,mrpc,2,10,10,1.0,8,1,200,True,1.0,,AdamW,0.0001,SGD,1e-05,171,0.8848039215686274,0.9162210338680928,0.7517733485807434,0.0001883792773936,4.349704170181212e-07,4.7504937583653373e-07,4.0078951712985145e-08,500,10
171,roberta-base,glue,mrpc,2,10,10,1.0,8,1,200,True,1.0,,AdamW,0.0001,SGD,1e-05,172,0.8823529411764706,0.9133574007220217,0.7681973183882256,0.0007504708697088,1.007790160656441e-06,1.1340785022184718e-06,1.2628832735117612e-07,50,10
172,roberta-base,glue,mrpc,2,10,10,1.0,8,1,200,True,1.0,,AdamW,0.0001,SGD,1e-05,173,0.8774509803921569,0.9128919860627178,0.7811281628992041,0.000509201505834,2.178749582526507e-06,4.225508291710867e-06,2.04675870918436e-06,500,10
173,roberta-base,glue,mrpc,2,10,10,1.0,8,1,200,True,1.0,,AdamW,0.0001,SGD,1e-05,174,0.8602941176470589,0.9032258064516128,0.8889782457688353,0.0001721119869791,1.1665739663158094e-07,1.2750807343309134e-07,1.0850674136975158e-08,500,10
174,roberta-base,glue,mrpc,2,10,10,1.0,8,1,200,True,1.0,,AdamW,0.0001,SGD,1e-05,175,0.8627450980392157,0.9054054054054054,0.968796528710478,0.0003295504353009,8.349198310497742e-08,1.016994346514366e-07,1.820744977010236e-08,50,10
175,roberta-base,glue,mrpc,2,10,10,1.0,8,1,200,True,1.0,,AdamW,0.0001,SGD,1e-05,176,0.8651960784313726,0.9072512647554806,0.9775329416828326,0.0007302332349645,1.5261767885021982e-06,1.824490936996881e-06,2.983141484946828e-07,50,10
176,roberta-base,glue,mrpc,2,10,10,1.0,8,1,200,True,1.0,,AdamW,0.0001,SGD,1e-05,177,0.875,0.911917098445596,0.8060763385065537,0.0005005399521265,5.832097031088779e-06,8.310612429340836e-06,2.478515398252057e-06,500,10
177,roberta-base,glue,mrpc,2,10,10,1.0,8,1,200,True,1.0,,AdamW,0.0001,SGD,1e-05,178,0.8725490196078431,0.9054545454545454,0.7812721666892222,0.0001817304045005,6.549668114530505e-07,7.404760822282697e-07,8.550927788064656e-08,500,10
178,roberta-base,glue,mrpc,2,10,10,1.0,8,1,200,True,1.0,,AdamW,0.0001,SGD,1e-05,179,0.8455882352941176,0.8813559322033898,0.9134576105396834,0.0009187211318494,6.950774604774779e-07,8.203923584915174e-07,1.2531488380318478e-07,50,10
179,roberta-base,glue,mrpc,2,10,10,1.0,8,1,200,True,1.0,,AdamW,0.0001,SGD,1e-05,180,0.875,0.907103825136612,0.785598737522235,0.0027908944422088,4.0494069253327325e-06,8.02946487965528e-06,3.980057954322547e-06,100,10
180,roberta-base,glue,mrpc,2,10,10,1.0,8,1,200,True,1.0,,AdamW,0.0001,SGD,1e-05,181,0.8676470588235294,0.9072164948453608,0.8717272927232461,0.000298405262173,1.3982212294649798e-06,2.491039595042821e-06,1.0928183655778412e-06,500,10
181,roberta-base,glue,mrpc,2,10,10,1.0,8,1,200,True,1.0,,AdamW,0.0001,SGD,1e-05,182,0.8651960784313726,0.907563025210084,0.9664085125556334,0.0005222334343852,2.0984214188501937e-06,2.475466089890688e-06,3.770446994622034e-07,150,10
182,roberta-base,glue,mrpc,2,10,10,1.0,8,1,200,True,1.0,,AdamW,0.0001,SGD,1e-05,183,0.8651960784313726,0.9072512647554806,0.9560056617500616,0.0008284563539091,3.5189516438549617e-06,4.92003209728864e-06,1.4010804534336785e-06,200,10
183,roberta-base,glue,mrpc,2,10,10,1.0,8,1,200,True,1.0,,AdamW,0.0001,SGD,1e-05,184,0.8651960784313726,0.9053356282271944,0.8700716074320143,0.0004929930092359,3.520105565257836e-06,4.736673417937709e-06,1.2165678526798729e-06,500,10
184,roberta-base,glue,mrpc,2,10,10,1.0,8,1,200,True,1.0,,AdamW,0.0001,SGD,1e-05,185,0.8700980392156863,0.9055258467023172,0.7939458328799125,0.0002978328387624,2.059581902358332e-06,2.2876643015479203e-06,2.280824418221528e-07,450,10
185,roberta-base,glue,mrpc,2,10,10,1.0,8,1,200,True,1.0,,AdamW,0.0001,SGD,1e-05,186,0.8627450980392157,0.8974358974358975,0.8319820362219117,0.0003202519829574,1.0984240361722186e-06,1.5721370800747536e-06,4.7371298705911613e-07,300,10
186,roberta-base,glue,mrpc,2,10,10,1.0,8,1,200,True,1.0,,AdamW,0.0001,SGD,1e-05,187,0.8578431372549019,0.89568345323741,0.8187535152760307,0.000610877190149,1.3014471278438575e-06,2.442848881401005e-06,1.1414017535571477e-06,150,10
187,roberta-base,glue,mrpc,2,10,10,1.0,8,1,200,True,1.0,,AdamW,0.0001,SGD,1e-05,188,0.8799019607843137,0.9147826086956522,0.8456854316827958,0.0005028362684352,3.1229656087816693e-06,3.754969384317519e-06,6.320036618490121e-07,200,10
188,roberta-base,glue,mrpc,2,10,10,1.0,8,1,200,True,1.0,,AdamW,0.0001,SGD,1e-05,189,0.8676470588235294,0.9072164948453608,0.8882920784607824,0.0001990337671508,8.965737379185157e-07,1.1080975355071132e-06,2.115237833777428e-07,500,10
189,roberta-base,glue,mrpc,2,10,10,1.0,8,1,200,True,1.0,,AdamW,0.0001,SGD,1e-05,190,0.8651960784313726,0.9056603773584906,0.898125266590368,0.0015392998626193,1.515107669547433e-06,1.839264200498292e-06,3.241565309508587e-07,50,10
190,roberta-base,glue,mrpc,2,10,10,1.0,8,1,200,True,1.0,,AdamW,0.0001,SGD,1e-05,191,0.875,0.9106830122591943,0.8372671449459649,0.0003609035318644,4.4433577386371326e-06,5.677389253833098e-06,1.2340316288828037e-06,500,10
191,roberta-base,glue,mrpc,2,10,10,1.0,8,1,200,True,1.0,,AdamW,0.0001,SGD,1e-05,192,0.875,0.9090909090909092,0.8217584367382954,0.0004179375278056,2.4016933366510784e-06,2.7434064122644486e-06,3.417130471916608e-07,350,10
192,roberta-base,glue,mrpc,2,10,10,1.0,8,1,200,True,1.0,,AdamW,0.0001,SGD,1e-05,193,0.8799019607843137,0.9129662522202486,0.7983936554311167,0.0002413743344834,1.1497371588120586e-06,1.527985546090349e-06,3.782483872782905e-07,500,10
193,roberta-base,glue,mrpc,2,10,10,1.0,8,1,200,True,1.0,,AdamW,0.0001,SGD,1e-05,194,0.8725490196078431,0.9094076655052264,0.8093630570452375,0.0008736242261365,6.823956368862127e-07,8.261982884505414e-07,1.4380266577518341e-07,100,10
194,roberta-base,glue,mrpc,2,10,10,1.0,8,1,200,True,1.0,,AdamW,0.0001,SGD,1e-05,195,0.8651960784313726,0.9050086355785838,0.8357737948053731,0.0002596016667142,1.0565393040451454e-06,1.1432379096731893e-06,8.669865536603538e-08,500,10
195,roberta-base,glue,mrpc,2,10,10,1.0,8,1,200,True,1.0,,AdamW,0.0001,SGD,1e-05,196,0.8700980392156863,0.9087779690189328,0.8363934949095482,0.0002301104398007,8.31455167826789e-07,9.735553021528176e-07,1.421001059043192e-07,500,10
196,roberta-base,glue,mrpc,2,10,10,1.0,8,1,200,True,1.0,,AdamW,0.0001,SGD,1e-05,197,0.8700980392156863,0.9071803852889668,0.8009333264592843,0.0002449415025359,7.27846327208681e-07,8.511416353940149e-07,1.2329527976362442e-07,250,10
197,roberta-base,glue,mrpc,2,10,10,1.0,8,1,200,True,1.0,,AdamW,0.0001,SGD,1e-05,198,0.8651960784313726,0.9053356282271944,0.8572846199679713,0.000680937339086,2.7927626433665864e-06,3.729488526005298e-06,9.367257689518738e-07,300,10
198,roberta-base,glue,mrpc,2,10,10,1.0,8,1,200,True,1.0,,AdamW,0.0001,SGD,1e-05,199,0.8602941176470589,0.9025641025641026,0.8671057026470353,0.0002332341430315,1.291224862143281e-06,1.4918008446329625e-06,2.0057598248968134e-07,500,10
199,roberta-base,glue,mrpc,2,10,10,1.0,8,1,200,True,1.0,,AdamW,0.0001,SGD,1e-05,200,0.8725490196078431,0.9100346020761244,0.8208842002919375,0.0004453853059506,2.186108304158552e-06,2.550553062974359e-06,3.644448440809356e-07,300,10
