,checkpoint,ds_path,ds_name,num_labels,num_clients,clients_per_round,alpha,batch_size,local_epochs,total_rounds,fda,theta,extras,server_opt_name,server_opt_lr,client_opt_name,client_opt_lr,round,accuracy,testing_loss,training_loss,variance,avg_norm_sq_drifts,norm_sq_avg_drift,round_steps,max_epochs
0,roberta-base,glue,rte,2,10,5,1.0,8,1,250,False,0.0,,AdamW,1e-05,SGD,0.01,1,0.5270758122743683,0.6928550464766366,0.6357266996691866,0.0234910249710083,0.031490609049797,0.0079995850101113,41,-1
1,roberta-base,glue,rte,2,10,5,1.0,8,1,250,False,0.0,,AdamW,1e-05,SGD,0.01,2,0.5270758122743683,0.692694992678506,0.690460055321455,0.0065299342386424,0.011085788719356,0.0045558544807136,32,-1
2,roberta-base,glue,rte,2,10,5,1.0,8,1,250,False,0.0,,AdamW,1e-05,SGD,0.01,3,0.5270758122743683,0.6924110174179077,0.6512078926694103,0.0532985478639602,0.0682371109724044,0.0149385640397667,41,-1
3,roberta-base,glue,rte,2,10,5,1.0,8,1,250,False,0.0,,AdamW,1e-05,SGD,0.01,4,0.5270758122743683,0.6922875421387809,0.6690011398094456,0.0105731133371591,0.0138167366385459,0.0032436233013868,41,-1
4,roberta-base,glue,rte,2,10,5,1.0,8,1,250,False,0.0,,AdamW,1e-05,SGD,0.01,5,0.5270758122743683,0.6920593874795097,0.6231793781606163,0.0166728999465703,0.0218138098716735,0.0051409099251031,41,-1
5,roberta-base,glue,rte,2,10,5,1.0,8,1,250,False,0.0,,AdamW,1e-05,SGD,0.01,6,0.5270758122743683,0.6919914279665266,0.6804677832871675,0.009696053341031,0.0136130480095744,0.0039169951342046,32,-1
6,roberta-base,glue,rte,2,10,5,1.0,8,1,250,False,0.0,,AdamW,1e-05,SGD,0.01,7,0.5270758122743683,0.691945549419948,0.6396590360781043,0.0255823321640491,0.0296079348772764,0.0040256036445498,41,-1
7,roberta-base,glue,rte,2,10,5,1.0,8,1,250,False,0.0,,AdamW,1e-05,SGD,0.01,8,0.5270758122743683,0.6919197712625776,0.6698576623346748,0.0113849164918065,0.0143413664773106,0.0029564499855041,41,-1
8,roberta-base,glue,rte,2,10,5,1.0,8,1,250,False,0.0,,AdamW,1e-05,SGD,0.01,9,0.5270758122743683,0.691885815347944,0.6252080037826445,0.0142877139151096,0.0160634815692901,0.0017757680034264,41,-1
9,roberta-base,glue,rte,2,10,5,1.0,8,1,250,False,0.0,,AdamW,1e-05,SGD,0.01,10,0.5270758122743683,0.6918342556272234,0.6754074010907151,0.0105246882885694,0.0129475714638829,0.0024228836409747,41,-1
10,roberta-base,glue,rte,2,10,5,1.0,8,1,250,False,0.0,,AdamW,1e-05,SGD,0.01,11,0.5270758122743683,0.6917025242533003,0.6465436723537562,0.021892849355936,0.0264709331095218,0.0045780842192471,41,-1
11,roberta-base,glue,rte,2,10,5,1.0,8,1,250,False,0.0,,AdamW,1e-05,SGD,0.01,12,0.5270758122743683,0.6915866817746844,0.6726486940209458,0.0146021395921707,0.018119990825653,0.0035178516991436,41,-1
12,roberta-base,glue,rte,2,10,5,1.0,8,1,250,False,0.0,,AdamW,1e-05,SGD,0.01,13,0.5270758122743683,0.6914782217570714,0.6823159661144018,0.0072629274800419,0.0093315467238426,0.0020686190109699,32,-1
13,roberta-base,glue,rte,2,10,5,1.0,8,1,250,False,0.0,,AdamW,1e-05,SGD,0.01,14,0.5270758122743683,0.6912730404308864,0.6208336901373979,0.0406918302178382,0.0502279810607433,0.0095361499115824,41,-1
14,roberta-base,glue,rte,2,10,5,1.0,8,1,250,False,0.0,,AdamW,1e-05,SGD,0.01,15,0.5270758122743683,0.691077709197998,0.6801609594374896,0.0073373946361243,0.0094843953847885,0.0021470007486641,32,-1
15,roberta-base,glue,rte,2,10,5,1.0,8,1,250,False,0.0,,AdamW,1e-05,SGD,0.01,16,0.5270758122743683,0.6908192021506173,0.6226533152708192,0.0175803136080503,0.0222225543111562,0.0046422407031059,41,-1
16,roberta-base,glue,rte,2,10,5,1.0,8,1,250,False,0.0,,AdamW,1e-05,SGD,0.01,17,0.5270758122743683,0.6905513593128749,0.6416632334633571,0.0121004451066255,0.0149005623534321,0.0028001167811453,41,-1
17,roberta-base,glue,rte,2,10,5,1.0,8,1,250,False,0.0,,AdamW,1e-05,SGD,0.01,18,0.5270758122743683,0.6903081587382726,0.6640639072511254,0.0124873705208301,0.0161221530288457,0.0036347820423543,41,-1
18,roberta-base,glue,rte,2,10,5,1.0,8,1,250,False,0.0,,AdamW,1e-05,SGD,0.01,19,0.5270758122743683,0.6900764107704163,0.6922395989298821,0.0063622826710343,0.0090293884277343,0.0026671055238693,32,-1
19,roberta-base,glue,rte,2,10,5,1.0,8,1,250,False,0.0,,AdamW,1e-05,SGD,0.01,20,0.5270758122743683,0.6897552490234375,0.6286917979397425,0.0325331799685955,0.0418987348675727,0.0093655558302998,41,-1
20,roberta-base,glue,rte,2,10,5,1.0,8,1,250,False,0.0,,AdamW,1e-05,SGD,0.01,21,0.5270758122743683,0.6894562772342137,0.6931150102987885,0.008049989119172,0.0109295444563031,0.0028795548714697,32,-1
21,roberta-base,glue,rte,2,10,5,1.0,8,1,250,False,0.0,,AdamW,1e-05,SGD,0.01,22,0.5270758122743683,0.6890565054757255,0.6015953649108002,0.0197177939116954,0.0256983526051044,0.0059805596247315,41,-1
22,roberta-base,glue,rte,2,10,5,1.0,8,1,250,False,0.0,,AdamW,1e-05,SGD,0.01,23,0.5270758122743683,0.6885906168392726,0.6207045499144531,0.0431400761008262,0.0554872825741767,0.0123472055420279,41,-1
23,roberta-base,glue,rte,2,10,5,1.0,8,1,250,False,0.0,,AdamW,1e-05,SGD,0.01,24,0.5270758122743683,0.6880642924989973,0.6717969764024019,0.0103597156703472,0.0151752308011055,0.0048155155964195,32,-1
24,roberta-base,glue,rte,2,10,5,1.0,8,1,250,False,0.0,,AdamW,1e-05,SGD,0.01,25,0.5270758122743683,0.6874104925564357,0.6316734327775676,0.0363080166280269,0.0470936521887779,0.0107856355607509,41,-1
25,roberta-base,glue,rte,2,10,5,1.0,8,1,250,False,0.0,,AdamW,1e-05,SGD,0.01,26,0.5270758122743683,0.6867118835449219,0.6785187646746635,0.0124656483530998,0.0170033834874629,0.0045377351343631,32,-1
26,roberta-base,glue,rte,2,10,5,1.0,8,1,250,False,0.0,,AdamW,1e-05,SGD,0.01,27,0.5270758122743683,0.6859299370220729,0.6350933644466285,0.0528925582766532,0.0681458786129951,0.0152533203363418,41,-1
27,roberta-base,glue,rte,2,10,5,1.0,8,1,250,False,0.0,,AdamW,1e-05,SGD,0.01,28,0.5270758122743683,0.6849645239966257,0.6618603590058117,0.0534704774618148,0.0722446143627166,0.0187741369009017,41,-1
28,roberta-base,glue,rte,2,10,5,1.0,8,1,250,False,0.0,,AdamW,1e-05,SGD,0.01,29,0.5270758122743683,0.6838382772036962,0.682195665951698,0.0146630182862281,0.0201455410569906,0.0054825227707624,31,-1
29,roberta-base,glue,rte,2,10,5,1.0,8,1,250,False,0.0,,AdamW,1e-05,SGD,0.01,30,0.5270758122743683,0.682552262714931,0.6295929513326505,0.0360934808850288,0.0471480004489421,0.0110545204952359,41,-1
30,roberta-base,glue,rte,2,10,5,1.0,8,1,250,False,0.0,,AdamW,1e-05,SGD,0.01,31,0.5270758122743683,0.6810350673539298,0.6331959567055471,0.0461037829518318,0.0595059990882873,0.0134022179991006,41,-1
31,roberta-base,glue,rte,2,10,5,1.0,8,1,250,False,0.0,,AdamW,1e-05,SGD,0.01,32,0.5270758122743683,0.6794460671288627,0.6519845511855149,0.0218724273145198,0.0316582024097442,0.0097857750952243,41,-1
32,roberta-base,glue,rte,2,10,5,1.0,8,1,250,False,0.0,,AdamW,1e-05,SGD,0.01,33,0.5270758122743683,0.6778976014682225,0.6907228253781795,0.0236266776919364,0.0323527678847312,0.0087260911241173,32,-1
33,roberta-base,glue,rte,2,10,5,1.0,8,1,250,False,0.0,,AdamW,1e-05,SGD,0.01,34,0.5270758122743683,0.6762407370976039,0.606416894967963,0.0273532979190349,0.0367798991501331,0.0094266002997756,41,-1
34,roberta-base,glue,rte,2,10,5,1.0,8,1,250,False,0.0,,AdamW,1e-05,SGD,0.01,35,0.5270758122743683,0.6743247151374817,0.6537187614092013,0.0314899310469627,0.0422994643449783,0.0108095342293381,41,-1
35,roberta-base,glue,rte,2,10,5,1.0,8,1,250,False,0.0,,AdamW,1e-05,SGD,0.01,36,0.5342960288808665,0.6724926131112235,0.633650574015408,0.0408421866595745,0.0524647645652294,0.0116225779056549,41,-1
36,roberta-base,glue,rte,2,10,5,1.0,8,1,250,False,0.0,,AdamW,1e-05,SGD,0.01,37,0.5306859205776173,0.6705719436917986,0.6290642097228911,0.0424943342804908,0.0545629262924194,0.0120685929432511,41,-1
37,roberta-base,glue,rte,2,10,5,1.0,8,1,250,False,0.0,,AdamW,1e-05,SGD,0.01,38,0.5342960288808665,0.668999297278268,0.6727004892942382,0.0529716275632381,0.0685310363769531,0.0155594097450375,41,-1
38,roberta-base,glue,rte,2,10,5,1.0,8,1,250,False,0.0,,AdamW,1e-05,SGD,0.01,39,0.5415162454873647,0.6671696475573948,0.6405538928763168,0.0629588365554809,0.0819791555404663,0.0190203227102756,41,-1
39,roberta-base,glue,rte,2,10,5,1.0,8,1,250,False,0.0,,AdamW,1e-05,SGD,0.01,40,0.5415162454873647,0.6653820889336722,0.662921062039166,0.0407312586903572,0.0536450706422328,0.0129138138145208,41,-1
40,roberta-base,glue,rte,2,10,5,1.0,8,1,250,False,0.0,,AdamW,1e-05,SGD,0.01,41,0.5487364620938628,0.6639551895005362,0.6464867852083066,0.0372164733707904,0.0486801676452159,0.0114636942744255,41,-1
41,roberta-base,glue,rte,2,10,5,1.0,8,1,250,False,0.0,,AdamW,1e-05,SGD,0.01,42,0.5523465703971119,0.6625835520880563,0.6207095155992158,0.0398332141339778,0.0498776398599147,0.0100444266572594,41,-1
42,roberta-base,glue,rte,2,10,5,1.0,8,1,250,False,0.0,,AdamW,1e-05,SGD,0.01,43,0.555956678700361,0.6617462285927364,0.6605634447187185,0.0380905717611312,0.0505522899329662,0.0124617191031575,32,-1
43,roberta-base,glue,rte,2,10,5,1.0,8,1,250,False,0.0,,AdamW,1e-05,SGD,0.01,44,0.5595667870036101,0.6607685506343841,0.5988434700159038,0.0504687912762165,0.064667247235775,0.0141984559595584,41,-1
44,roberta-base,glue,rte,2,10,5,1.0,8,1,250,False,0.0,,AdamW,1e-05,SGD,0.01,45,0.5595667870036101,0.6603843680449895,0.6369576016213836,0.0493899472057819,0.0640870407223701,0.0146970944479107,41,-1
45,roberta-base,glue,rte,2,10,5,1.0,8,1,250,False,0.0,,AdamW,1e-05,SGD,0.01,46,0.5667870036101083,0.6604679763317108,0.6516393865027079,0.1558446437120437,0.1992801874876022,0.0434355475008487,41,-1
46,roberta-base,glue,rte,2,10,5,1.0,8,1,250,False,0.0,,AdamW,1e-05,SGD,0.01,47,0.5667870036101083,0.6611176499298641,0.6592798644676805,0.0563723742961883,0.0733728781342506,0.0170005057007074,32,-1
47,roberta-base,glue,rte,2,10,5,1.0,8,1,250,False,0.0,,AdamW,1e-05,SGD,0.01,48,0.5667870036101083,0.6611817632402692,0.6044075783796428,0.0717266649007797,0.0926280617713928,0.020901396870613,41,-1
48,roberta-base,glue,rte,2,10,5,1.0,8,1,250,False,0.0,,AdamW,1e-05,SGD,0.01,49,0.5667870036101083,0.6609883368015289,0.6250365489866676,0.0575023666024208,0.0736016258597374,0.0160992592573165,41,-1
49,roberta-base,glue,rte,2,10,5,1.0,8,1,250,False,0.0,,AdamW,1e-05,SGD,0.01,50,0.5631768953068592,0.6599897401673454,0.6375657430509242,0.0560668036341667,0.0734229236841201,0.0173561219125986,41,-1
50,roberta-base,glue,rte,2,10,5,1.0,8,1,250,False,0.0,,AdamW,1e-05,SGD,0.01,51,0.5703971119133574,0.6583127813679831,0.6117008027143596,0.0638821646571159,0.0806154236197471,0.0167332608252763,41,-1
51,roberta-base,glue,rte,2,10,5,1.0,8,1,250,False,0.0,,AdamW,1e-05,SGD,0.01,52,0.592057761732852,0.6565172263554164,0.6461309180027102,0.6348366737365723,0.7932975888252258,0.1584609150886535,41,-1
52,roberta-base,glue,rte,2,10,5,1.0,8,1,250,False,0.0,,AdamW,1e-05,SGD,0.01,53,0.6064981949458483,0.6552748475755964,0.647359961079013,0.047685157507658,0.0618870258331298,0.0142018673941493,31,-1
53,roberta-base,glue,rte,2,10,5,1.0,8,1,250,False,0.0,,AdamW,1e-05,SGD,0.01,54,0.6028880866425993,0.6535317548683711,0.6067062659597978,0.0636928081512451,0.0817656442523002,0.0180728379637002,41,-1
54,roberta-base,glue,rte,2,10,5,1.0,8,1,250,False,0.0,,AdamW,1e-05,SGD,0.01,55,0.6173285198555957,0.650987184047699,0.6077674455759002,0.0633302927017211,0.0839187800884246,0.0205884836614131,41,-1
55,roberta-base,glue,rte,2,10,5,1.0,8,1,250,False,0.0,,AdamW,1e-05,SGD,0.01,56,0.6245487364620939,0.6490482526166098,0.6578329153358936,0.0875591784715652,0.1134666353464126,0.0259074587374925,32,-1
56,roberta-base,glue,rte,2,10,5,1.0,8,1,250,False,0.0,,AdamW,1e-05,SGD,0.01,57,0.6353790613718412,0.646970442363194,0.6019518793719572,0.0746365413069725,0.0948599502444267,0.020223407074809,41,-1
57,roberta-base,glue,rte,2,10,5,1.0,8,1,250,False,0.0,,AdamW,1e-05,SGD,0.01,58,0.631768953068592,0.6448147671563285,0.6443224588545358,0.0894010365009307,0.1150192767381668,0.025618240237236,41,-1
58,roberta-base,glue,rte,2,10,5,1.0,8,1,250,False,0.0,,AdamW,1e-05,SGD,0.01,59,0.6353790613718412,0.6431557978902545,0.6662835920229554,0.1290264278650283,0.1656913310289383,0.0366649068892002,32,-1
59,roberta-base,glue,rte,2,10,5,1.0,8,1,250,False,0.0,,AdamW,1e-05,SGD,0.01,60,0.6462093862815884,0.6417622830186571,0.5945196846272887,0.1084145754575729,0.1334027498960495,0.0249881744384765,41,-1
60,roberta-base,glue,rte,2,10,5,1.0,8,1,250,False,0.0,,AdamW,1e-05,SGD,0.01,61,0.6570397111913358,0.6393889929567065,0.5973573705772075,0.0843208581209182,0.1111354157328605,0.0268145538866519,41,-1
61,roberta-base,glue,rte,2,10,5,1.0,8,1,250,False,0.0,,AdamW,1e-05,SGD,0.01,62,0.6570397111913358,0.6371036742414747,0.6428337760509983,0.0877267569303512,0.1134654507040977,0.0257386919111013,31,-1
62,roberta-base,glue,rte,2,10,5,1.0,8,1,250,False,0.0,,AdamW,1e-05,SGD,0.01,63,0.6642599277978339,0.6352342656680516,0.6200020817721763,0.1065114587545394,0.1376827359199524,0.0311712808907032,41,-1
63,roberta-base,glue,rte,2,10,5,1.0,8,1,250,False,0.0,,AdamW,1e-05,SGD,0.01,64,0.6606498194945848,0.6333955543381827,0.6150657697058305,0.1039714962244033,0.1310225576162338,0.0270510576665401,41,-1
64,roberta-base,glue,rte,2,10,5,1.0,8,1,250,False,0.0,,AdamW,1e-05,SGD,0.01,65,0.6714801444043321,0.6317559957504273,0.6331790483579403,0.1357624530792236,0.1688493937253952,0.0330869443714618,41,-1
65,roberta-base,glue,rte,2,10,5,1.0,8,1,250,False,0.0,,AdamW,1e-05,SGD,0.01,66,0.6714801444043321,0.6305029596601214,0.5914697086302245,0.9127799272537231,1.1455729007720947,0.2327929437160492,41,-1
66,roberta-base,glue,rte,2,10,5,1.0,8,1,250,False,0.0,,AdamW,1e-05,SGD,0.01,67,0.6678700361010831,0.6287305338042123,0.6003165131480228,0.1000927090644836,0.126282051205635,0.0261893402785062,41,-1
67,roberta-base,glue,rte,2,10,5,1.0,8,1,250,False,0.0,,AdamW,1e-05,SGD,0.01,68,0.6642599277978339,0.6272114634513855,0.650008789356798,0.1979549527168274,0.2464582175016403,0.0485032722353935,32,-1
68,roberta-base,glue,rte,2,10,5,1.0,8,1,250,False,0.0,,AdamW,1e-05,SGD,0.01,69,0.6678700361010831,0.6257047644683293,0.6483990227303853,0.1784321665763855,0.2221777290105819,0.043745569884777,41,-1
69,roberta-base,glue,rte,2,10,5,1.0,8,1,250,False,0.0,,AdamW,1e-05,SGD,0.01,70,0.6714801444043321,0.6245506303650993,0.618314126642739,0.1263050734996795,0.1581458896398544,0.0318408086895942,41,-1
70,roberta-base,glue,rte,2,10,5,1.0,8,1,250,False,0.0,,AdamW,1e-05,SGD,0.01,71,0.6787003610108303,0.6237737161772592,0.6116384180398976,0.1685930490493774,0.2143691629171371,0.0457761064171791,41,-1
71,roberta-base,glue,rte,2,10,5,1.0,8,1,250,False,0.0,,AdamW,1e-05,SGD,0.01,72,0.6750902527075813,0.6241018891334533,0.6104101579363753,0.1247124075889587,0.1608553975820541,0.0361429899930954,41,-1
72,roberta-base,glue,rte,2,10,5,1.0,8,1,250,False,0.0,,AdamW,1e-05,SGD,0.01,73,0.6787003610108303,0.62466681599617,0.6196379191264874,0.1327106654644012,0.1674214154481887,0.0347107462584972,41,-1
73,roberta-base,glue,rte,2,10,5,1.0,8,1,250,False,0.0,,AdamW,1e-05,SGD,0.01,74,0.6823104693140795,0.6257810183933803,0.6419054021195667,0.1847532391548156,0.2320899069309234,0.0473366752266883,41,-1
74,roberta-base,glue,rte,2,10,5,1.0,8,1,250,False,0.0,,AdamW,1e-05,SGD,0.01,75,0.6823104693140795,0.6258343177182334,0.5825176722392803,0.1229996755719184,0.1551703065633773,0.0321706309914588,41,-1
75,roberta-base,glue,rte,2,10,5,1.0,8,1,250,False,0.0,,AdamW,1e-05,SGD,0.01,76,0.6787003610108303,0.6260485904557365,0.6507016545161605,0.3674636483192444,0.4570853412151336,0.089621677994728,32,-1
76,roberta-base,glue,rte,2,10,5,1.0,8,1,250,False,0.0,,AdamW,1e-05,SGD,0.01,77,0.6895306859205776,0.6251421826226371,0.6665125727653504,0.1990595459938049,0.2527961134910583,0.0537365600466728,41,-1
77,roberta-base,glue,rte,2,10,5,1.0,8,1,250,False,0.0,,AdamW,1e-05,SGD,0.01,78,0.6931407942238267,0.6242249803883689,0.5859477665366196,0.1547268480062484,0.1962427347898483,0.0415158867835998,41,-1
78,roberta-base,glue,rte,2,10,5,1.0,8,1,250,False,0.0,,AdamW,1e-05,SGD,0.01,79,0.6931407942238267,0.6230487959725516,0.5912091829064416,0.1222640201449394,0.1541152000427246,0.0318511798977851,41,-1
79,roberta-base,glue,rte,2,10,5,1.0,8,1,250,False,0.0,,AdamW,1e-05,SGD,0.01,80,0.6895306859205776,0.6219633221626282,0.6060629239533005,0.5866199731826782,0.7362138628959656,0.1495939195156097,41,-1
80,roberta-base,glue,rte,2,10,5,1.0,8,1,250,False,0.0,,AdamW,1e-05,SGD,0.01,81,0.6931407942238267,0.6206066054957253,0.618819835636674,0.1409984529018402,0.1764038652181625,0.035405408591032,41,-1
81,roberta-base,glue,rte,2,10,5,1.0,8,1,250,False,0.0,,AdamW,1e-05,SGD,0.01,82,0.6931407942238267,0.6190214676516397,0.6383294549657077,0.154820829629898,0.193192645907402,0.0383718088269233,41,-1
82,roberta-base,glue,rte,2,10,5,1.0,8,1,250,False,0.0,,AdamW,1e-05,SGD,0.01,83,0.6931407942238267,0.6175604036876133,0.6177351629225218,0.1553072482347488,0.1979179233312606,0.0426106750965118,41,-1
83,roberta-base,glue,rte,2,10,5,1.0,8,1,250,False,0.0,,AdamW,1e-05,SGD,0.01,84,0.6967509025270758,0.6166327433926718,0.6236246288549608,0.1845790296792984,0.2353496104478836,0.0507705770432949,41,-1
84,roberta-base,glue,rte,2,10,5,1.0,8,1,250,False,0.0,,AdamW,1e-05,SGD,0.01,85,0.6967509025270758,0.6156555925096784,0.5769160140396619,0.1806945204734802,0.226521834731102,0.0458273142576217,41,-1
85,roberta-base,glue,rte,2,10,5,1.0,8,1,250,False,0.0,,AdamW,1e-05,SGD,0.01,86,0.7003610108303249,0.6152274566037315,0.6493881962262094,0.1527627408504486,0.190335214138031,0.0375724770128726,32,-1
86,roberta-base,glue,rte,2,10,5,1.0,8,1,250,False,0.0,,AdamW,1e-05,SGD,0.01,87,0.7003610108303249,0.6144164604800088,0.6428242201485285,0.143555000424385,0.1816553771495819,0.0381003729999065,41,-1
87,roberta-base,glue,rte,2,10,5,1.0,8,1,250,False,0.0,,AdamW,1e-05,SGD,0.01,88,0.7003610108303249,0.6139351436070033,0.5770948857795902,0.1882369667291641,0.2362809926271438,0.0480440258979797,41,-1
88,roberta-base,glue,rte,2,10,5,1.0,8,1,250,False,0.0,,AdamW,1e-05,SGD,0.01,89,0.7003610108303249,0.6139793353421348,0.6239286537965139,0.1655070781707763,0.2102423906326294,0.0447353161871433,30,-1
89,roberta-base,glue,rte,2,10,5,1.0,8,1,250,False,0.0,,AdamW,1e-05,SGD,0.01,90,0.7003610108303249,0.6134611163820539,0.5938711786052077,0.1685859709978103,0.216630607843399,0.0480446331202983,41,-1
90,roberta-base,glue,rte,2,10,5,1.0,8,1,250,False,0.0,,AdamW,1e-05,SGD,0.01,91,0.6967509025270758,0.6129055610724858,0.6146765994589503,0.2623499929904938,0.3338457345962524,0.071495734155178,41,-1
91,roberta-base,glue,rte,2,10,5,1.0,8,1,250,False,0.0,,AdamW,1e-05,SGD,0.01,92,0.6967509025270758,0.6125439047813416,0.6047048676304702,0.1825731545686721,0.2293940037488937,0.0468208491802215,41,-1
92,roberta-base,glue,rte,2,10,5,1.0,8,1,250,False,0.0,,AdamW,1e-05,SGD,0.01,93,0.6931407942238267,0.6124352387019566,0.6320414008572698,0.1678615808486938,0.2112513333559036,0.0433897450566291,32,-1
93,roberta-base,glue,rte,2,10,5,1.0,8,1,250,False,0.0,,AdamW,1e-05,SGD,0.01,94,0.7003610108303249,0.6124707801001412,0.5894995235270116,0.1926538348197937,0.2442266941070556,0.0515728667378425,41,-1
94,roberta-base,glue,rte,2,10,5,1.0,8,1,250,False,0.0,,AdamW,1e-05,SGD,0.01,95,0.6967509025270758,0.6130725579602377,0.6193217710750858,0.3535250425338745,0.4281663000583648,0.0746412500739097,41,-1
95,roberta-base,glue,rte,2,10,5,1.0,8,1,250,False,0.0,,AdamW,1e-05,SGD,0.01,96,0.6895306859205776,0.6137764990329743,0.602441186403356,0.2575413584709167,0.3244825601577759,0.0669412165880203,41,-1
96,roberta-base,glue,rte,2,10,5,1.0,8,1,250,False,0.0,,AdamW,1e-05,SGD,0.01,97,0.6895306859205776,0.6147757002285549,0.668089359626174,0.2921983897686004,0.3681996762752533,0.0760012939572334,32,-1
97,roberta-base,glue,rte,2,10,5,1.0,8,1,250,False,0.0,,AdamW,1e-05,SGD,0.01,98,0.6931407942238267,0.61574672801154,0.5693934147859492,0.2290360778570175,0.284637302160263,0.0556012243032455,41,-1
98,roberta-base,glue,rte,2,10,5,1.0,8,1,250,False,0.0,,AdamW,1e-05,SGD,0.01,99,0.6967509025270758,0.6171073513371604,0.6198154823809134,0.2538225352764129,0.325556606054306,0.0717340782284736,41,-1
99,roberta-base,glue,rte,2,10,5,1.0,8,1,250,False,0.0,,AdamW,1e-05,SGD,0.01,100,0.6967509025270758,0.6189444082123893,0.5831777141406769,0.2420154809951782,0.3005790114402771,0.0585635378956794,41,-1
100,roberta-base,glue,rte,2,10,5,1.0,8,1,250,False,0.0,,AdamW,1e-05,SGD,0.01,101,0.7003610108303249,0.622131165436336,0.6073648020625114,0.2452592700719833,0.312359869480133,0.0671005994081497,32,-1
101,roberta-base,glue,rte,2,10,5,1.0,8,1,250,False,0.0,,AdamW,1e-05,SGD,0.01,102,0.6931407942238267,0.6245099365711212,0.5802603569154333,0.1863216459751129,0.2350013554096222,0.0486797094345092,41,-1
102,roberta-base,glue,rte,2,10,5,1.0,8,1,250,False,0.0,,AdamW,1e-05,SGD,0.01,103,0.6895306859205776,0.6273188667637961,0.6366259457543493,0.2047340422868728,0.2616583108901977,0.0569242648780345,32,-1
103,roberta-base,glue,rte,2,10,5,1.0,8,1,250,False,0.0,,AdamW,1e-05,SGD,0.01,104,0.6895306859205776,0.6292647702353341,0.5850474749396486,0.1833079159259796,0.2311254292726516,0.047817513346672,41,-1
104,roberta-base,glue,rte,2,10,5,1.0,8,1,250,False,0.0,,AdamW,1e-05,SGD,0.01,105,0.6823104693140795,0.6305370237146105,0.5797163357821906,0.215301439166069,0.273119568824768,0.057818129658699,41,-1
105,roberta-base,glue,rte,2,10,5,1.0,8,1,250,False,0.0,,AdamW,1e-05,SGD,0.01,106,0.6859205776173285,0.6332078559058053,0.6092157723382116,0.2337644547224044,0.2972840964794159,0.0635196417570114,32,-1
106,roberta-base,glue,rte,2,10,5,1.0,8,1,250,False,0.0,,AdamW,1e-05,SGD,0.01,107,0.6859205776173285,0.6358716206891196,0.5987886587294138,0.2764589786529541,0.3566539883613586,0.0801950171589851,41,-1
107,roberta-base,glue,rte,2,10,5,1.0,8,1,250,False,0.0,,AdamW,1e-05,SGD,0.01,108,0.6823104693140795,0.6381962163107736,0.5858352778161444,0.4268236756324768,0.5392194986343384,0.1123958304524421,41,-1
108,roberta-base,glue,rte,2,10,5,1.0,8,1,250,False,0.0,,AdamW,1e-05,SGD,0.01,109,0.6859205776173285,0.6406306743621826,0.608343149176458,0.2399620115756988,0.3014443814754486,0.0614823624491691,41,-1
109,roberta-base,glue,rte,2,10,5,1.0,8,1,250,False,0.0,,AdamW,1e-05,SGD,0.01,110,0.6859205776173285,0.6420116518224989,0.5833827381817306,0.4028641581535339,0.5024666786193848,0.099602535367012,41,-1
110,roberta-base,glue,rte,2,10,5,1.0,8,1,250,False,0.0,,AdamW,1e-05,SGD,0.01,111,0.6859205776173285,0.643479152236666,0.6105970121011502,0.223282516002655,0.2852339446544647,0.0619514249265193,41,-1
111,roberta-base,glue,rte,2,10,5,1.0,8,1,250,False,0.0,,AdamW,1e-05,SGD,0.01,112,0.6823104693140795,0.6457188640322004,0.5644908640442826,0.2976348996162414,0.3724234700202942,0.0747885704040527,41,-1
112,roberta-base,glue,rte,2,10,5,1.0,8,1,250,False,0.0,,AdamW,1e-05,SGD,0.01,113,0.6859205776173285,0.6472900433199746,0.597422257429216,0.2779231965541839,0.3393346965312958,0.0614114999771118,41,-1
113,roberta-base,glue,rte,2,10,5,1.0,8,1,250,False,0.0,,AdamW,1e-05,SGD,0.01,114,0.6895306859205776,0.6487527966499329,0.6329549488497943,0.2733667492866516,0.3437394499778747,0.0703727155923843,41,-1
114,roberta-base,glue,rte,2,10,5,1.0,8,1,250,False,0.0,,AdamW,1e-05,SGD,0.01,115,0.6895306859205776,0.6488801811422621,0.5573174789184477,0.2415103763341903,0.3069506585597992,0.0654402822256088,41,-1
115,roberta-base,glue,rte,2,10,5,1.0,8,1,250,False,0.0,,AdamW,1e-05,SGD,0.01,116,0.6895306859205776,0.6502597540616989,0.6318185977637768,0.3047710061073303,0.3903324902057647,0.0855614691972732,32,-1
116,roberta-base,glue,rte,2,10,5,1.0,8,1,250,False,0.0,,AdamW,1e-05,SGD,0.01,117,0.6823104693140795,0.6510206929274968,0.6319084488764042,0.2406514883041381,0.3019943237304687,0.0613428317010402,41,-1
117,roberta-base,glue,rte,2,10,5,1.0,8,1,250,False,0.0,,AdamW,1e-05,SGD,0.01,118,0.6787003610108303,0.6514610724789756,0.5540392440630169,0.3724724054336548,0.4722606241703033,0.0997882038354873,41,-1
118,roberta-base,glue,rte,2,10,5,1.0,8,1,250,False,0.0,,AdamW,1e-05,SGD,0.01,119,0.6823104693140795,0.6525896625859396,0.5308206499804085,0.3075726330280304,0.3898288905620575,0.0822562649846077,41,-1
119,roberta-base,glue,rte,2,10,5,1.0,8,1,250,False,0.0,,AdamW,1e-05,SGD,0.01,120,0.6859205776173285,0.6530587920120784,0.6051678898130974,0.3696210980415344,0.4629366099834442,0.0933155119419097,41,-1
120,roberta-base,glue,rte,2,10,5,1.0,8,1,250,False,0.0,,AdamW,1e-05,SGD,0.01,121,0.6931407942238267,0.6545992063624518,0.5767086688519978,0.3617908358573913,0.4592342972755432,0.0974434539675712,41,-1
121,roberta-base,glue,rte,2,10,5,1.0,8,1,250,False,0.0,,AdamW,1e-05,SGD,0.01,122,0.6931407942238267,0.6573341280221939,0.5858263162578025,0.3258557319641113,0.4112861156463623,0.0854303911328315,41,-1
122,roberta-base,glue,rte,2,10,5,1.0,8,1,250,False,0.0,,AdamW,1e-05,SGD,0.01,123,0.6931407942238267,0.6604690679482051,0.6093639327213168,0.3537341356277466,0.4487615525722503,0.0950274020433425,32,-1
123,roberta-base,glue,rte,2,10,5,1.0,8,1,250,False,0.0,,AdamW,1e-05,SGD,0.01,124,0.6931407942238267,0.6598906844854355,0.5601700380989691,0.3413785099983215,0.4354079365730285,0.0940294116735458,41,-1
124,roberta-base,glue,rte,2,10,5,1.0,8,1,250,False,0.0,,AdamW,1e-05,SGD,0.01,125,0.6895306859205776,0.6576590989317213,0.5608527302378561,2.20430064201355,2.7612617015838623,0.5569610595703125,41,-1
125,roberta-base,glue,rte,2,10,5,1.0,8,1,250,False,0.0,,AdamW,1e-05,SGD,0.01,126,0.6859205776173285,0.6553824429001127,0.6177476471289992,0.3433816730976105,0.4372477233409881,0.0938660576939582,32,-1
126,roberta-base,glue,rte,2,10,5,1.0,8,1,250,False,0.0,,AdamW,1e-05,SGD,0.01,127,0.6823104693140795,0.6525426813534327,0.5796131892902094,0.2123081386089325,0.2703006863594055,0.0579925440251827,41,-1
127,roberta-base,glue,rte,2,10,5,1.0,8,1,250,False,0.0,,AdamW,1e-05,SGD,0.01,128,0.6787003610108303,0.6493665597268513,0.5931511619832458,0.3615453839302063,0.4573191702365875,0.09577377140522,41,-1
128,roberta-base,glue,rte,2,10,5,1.0,8,1,250,False,0.0,,AdamW,1e-05,SGD,0.01,129,0.6787003610108303,0.6455578356981277,0.6058503098785877,0.3476472496986389,0.4388012588024139,0.0911540016531944,32,-1
129,roberta-base,glue,rte,2,10,5,1.0,8,1,250,False,0.0,,AdamW,1e-05,SGD,0.01,130,0.6787003610108303,0.6412092728274209,0.5666739819980249,0.3037692606449127,0.3765607476234436,0.0727914869785308,41,-1
130,roberta-base,glue,rte,2,10,5,1.0,8,1,250,False,0.0,,AdamW,1e-05,SGD,0.01,131,0.6750902527075813,0.6365123744521822,0.5581474961667526,0.4084392786026001,0.516171395778656,0.1077321097254753,41,-1
131,roberta-base,glue,rte,2,10,5,1.0,8,1,250,False,0.0,,AdamW,1e-05,SGD,0.01,132,0.6750902527075813,0.633299205984388,0.6033757431432605,0.3161603808403015,0.4013485014438629,0.0851881057024002,32,-1
132,roberta-base,glue,rte,2,10,5,1.0,8,1,250,False,0.0,,AdamW,1e-05,SGD,0.01,133,0.6787003610108303,0.6305179817335946,0.6177377498243004,0.2304056286811828,0.2868758141994476,0.0564701817929744,32,-1
133,roberta-base,glue,rte,2,10,5,1.0,8,1,250,False,0.0,,AdamW,1e-05,SGD,0.01,134,0.6823104693140795,0.6282832831144333,0.547009323319284,0.42100590467453,0.5309866666793823,0.1099807620048523,41,-1
134,roberta-base,glue,rte,2,10,5,1.0,8,1,250,False,0.0,,AdamW,1e-05,SGD,0.01,135,0.6823104693140795,0.6258438110351563,0.5456364843540076,0.3371884822845459,0.4294013977050781,0.092212900519371,41,-1
135,roberta-base,glue,rte,2,10,5,1.0,8,1,250,False,0.0,,AdamW,1e-05,SGD,0.01,136,0.6823104693140795,0.625008259500776,0.6046242141915906,0.4080197513103485,0.517697274684906,0.1096775233745575,31,-1
136,roberta-base,glue,rte,2,10,5,1.0,8,1,250,False,0.0,,AdamW,1e-05,SGD,0.01,137,0.6859205776173285,0.6240049285548074,0.6302389049902558,0.3702137470245361,0.4633228778839111,0.0931091457605362,32,-1
137,roberta-base,glue,rte,2,10,5,1.0,8,1,250,False,0.0,,AdamW,1e-05,SGD,0.01,138,0.6859205776173285,0.6233160070010594,0.5215152277088747,0.3665926456451416,0.4669711589813232,0.1003785133361816,41,-1
138,roberta-base,glue,rte,2,10,5,1.0,8,1,250,False,0.0,,AdamW,1e-05,SGD,0.01,139,0.6895306859205776,0.623147406748363,0.6002192689151299,0.3996981084346771,0.5043950080871582,0.1046969071030616,41,-1
139,roberta-base,glue,rte,2,10,5,1.0,8,1,250,False,0.0,,AdamW,1e-05,SGD,0.01,140,0.6931407942238267,0.6232851556369237,0.5513246299835239,0.350754052400589,0.4465532004833221,0.0957991406321525,41,-1
140,roberta-base,glue,rte,2,10,5,1.0,8,1,250,False,0.0,,AdamW,1e-05,SGD,0.01,141,0.6931407942238267,0.6225125730037689,0.5477648635372157,0.4126182794570923,0.525874137878418,0.1132558435201644,41,-1
141,roberta-base,glue,rte,2,10,5,1.0,8,1,250,False,0.0,,AdamW,1e-05,SGD,0.01,142,0.6967509025270758,0.6223778741700309,0.591336141999175,0.4124854803085327,0.5175911784172058,0.1051056906580925,41,-1
142,roberta-base,glue,rte,2,10,5,1.0,8,1,250,False,0.0,,AdamW,1e-05,SGD,0.01,143,0.703971119133574,0.6222869689975467,0.576706457937636,0.3418822884559631,0.4305285513401031,0.0886462703347206,41,-1
143,roberta-base,glue,rte,2,10,5,1.0,8,1,250,False,0.0,,AdamW,1e-05,SGD,0.01,144,0.7003610108303249,0.6225704508168357,0.5832849235523765,0.4385775923728943,0.5431951880455017,0.104617603123188,41,-1
144,roberta-base,glue,rte,2,10,5,1.0,8,1,250,False,0.0,,AdamW,1e-05,SGD,0.01,145,0.7003610108303249,0.6220211003507886,0.6309338733917329,0.4737191796302795,0.6000444293022156,0.126325249671936,41,-1
145,roberta-base,glue,rte,2,10,5,1.0,8,1,250,False,0.0,,AdamW,1e-05,SGD,0.01,146,0.6967509025270758,0.6213878005743027,0.5569274979393657,0.344740480184555,0.4336435794830322,0.0889031067490577,41,-1
146,roberta-base,glue,rte,2,10,5,1.0,8,1,250,False,0.0,,AdamW,1e-05,SGD,0.01,147,0.7003610108303249,0.6211693337985448,0.6051483226985466,0.4224388897418976,0.5334310531616211,0.1109921559691429,41,-1
147,roberta-base,glue,rte,2,10,5,1.0,8,1,250,False,0.0,,AdamW,1e-05,SGD,0.01,148,0.6967509025270758,0.6222526218209948,0.540920953434415,0.414213478565216,0.5211753249168396,0.1069618463516235,41,-1
148,roberta-base,glue,rte,2,10,5,1.0,8,1,250,False,0.0,,AdamW,1e-05,SGD,0.01,149,0.7003610108303249,0.625290778705052,0.5843186099547892,0.3244701623916626,0.4108501970767975,0.0863800346851348,32,-1
149,roberta-base,glue,rte,2,10,5,1.0,8,1,250,False,0.0,,AdamW,1e-05,SGD,0.01,150,0.7003610108303249,0.6273965005363736,0.5357872079058391,0.4016372859477997,0.5068745017051697,0.1052372232079505,41,-1
150,roberta-base,glue,rte,2,10,5,1.0,8,1,250,False,0.0,,AdamW,1e-05,SGD,0.01,151,0.7003610108303249,0.6289412311145237,0.573095568360352,0.4311666488647461,0.5453824400901794,0.1142157763242721,41,-1
151,roberta-base,glue,rte,2,10,5,1.0,8,1,250,False,0.0,,AdamW,1e-05,SGD,0.01,152,0.7003610108303249,0.6315923018114907,0.5324224905360763,1.1608014106750488,1.4616752862930298,0.3008738458156585,41,-1
152,roberta-base,glue,rte,2,10,5,1.0,8,1,250,False,0.0,,AdamW,1e-05,SGD,0.01,153,0.7003610108303249,0.6332330243928092,0.5170005494864975,0.5236945152282715,0.6637200713157654,0.1400255709886551,41,-1
153,roberta-base,glue,rte,2,10,5,1.0,8,1,250,False,0.0,,AdamW,1e-05,SGD,0.01,154,0.7003610108303249,0.6349882147141865,0.5966413768939673,0.4403565526008606,0.5572397708892822,0.1168832182884216,32,-1
154,roberta-base,glue,rte,2,10,5,1.0,8,1,250,False,0.0,,AdamW,1e-05,SGD,0.01,155,0.7003610108303249,0.638022067291396,0.5396660640290598,0.4231014847755432,0.5309814810752869,0.1078800112009048,41,-1
155,roberta-base,glue,rte,2,10,5,1.0,8,1,250,False,0.0,,AdamW,1e-05,SGD,0.01,156,0.6967509025270758,0.6409396733556475,0.5942681937137755,0.4604628980159759,0.5813521146774292,0.1208892166614532,41,-1
156,roberta-base,glue,rte,2,10,5,1.0,8,1,250,False,0.0,,AdamW,1e-05,SGD,0.01,157,0.7003610108303249,0.6423056308712278,0.5687039981528026,0.3392611145973205,0.4264406859874725,0.0871795788407325,41,-1
157,roberta-base,glue,rte,2,10,5,1.0,8,1,250,False,0.0,,AdamW,1e-05,SGD,0.01,158,0.7003610108303249,0.644533286350114,0.5816973719280213,0.3826446235179901,0.4827895164489746,0.1001449003815651,32,-1
158,roberta-base,glue,rte,2,10,5,1.0,8,1,250,False,0.0,,AdamW,1e-05,SGD,0.01,159,0.7003610108303249,0.6484766781330109,0.5813723205588758,0.6290280222892761,0.7937172055244446,0.1646891683340072,32,-1
159,roberta-base,glue,rte,2,10,5,1.0,8,1,250,False,0.0,,AdamW,1e-05,SGD,0.01,160,0.7003610108303249,0.6519803800753184,0.5152988546505207,0.5022191405296326,0.633269190788269,0.1310500502586364,41,-1
160,roberta-base,glue,rte,2,10,5,1.0,8,1,250,False,0.0,,AdamW,1e-05,SGD,0.01,161,0.7003610108303249,0.6558274971587318,0.5589414693233443,0.3697754740715027,0.4682940542697906,0.0985185876488685,41,-1
161,roberta-base,glue,rte,2,10,5,1.0,8,1,250,False,0.0,,AdamW,1e-05,SGD,0.01,162,0.703971119133574,0.6577500862734659,0.5565084173911956,0.4686035215854645,0.5910438299179077,0.1224403157830238,41,-1
162,roberta-base,glue,rte,2,10,5,1.0,8,1,250,False,0.0,,AdamW,1e-05,SGD,0.01,163,0.703971119133574,0.6593827273164476,0.6031812441966882,0.5560142993927002,0.7149271965026855,0.1589129269123077,41,-1
163,roberta-base,glue,rte,2,10,5,1.0,8,1,250,False,0.0,,AdamW,1e-05,SGD,0.01,164,0.703971119133574,0.6622718393802642,0.5345457077026368,0.5211870670318604,0.6630184054374695,0.1418313384056091,41,-1
164,roberta-base,glue,rte,2,10,5,1.0,8,1,250,False,0.0,,AdamW,1e-05,SGD,0.01,165,0.703971119133574,0.6618298862661635,0.5989520937931248,0.4836063385009765,0.6086068749427795,0.1250005215406417,41,-1
165,roberta-base,glue,rte,2,10,5,1.0,8,1,250,False,0.0,,AdamW,1e-05,SGD,0.01,166,0.703971119133574,0.6601235351392201,0.5222255460554506,0.5166806578636169,0.654293417930603,0.1376127451658249,41,-1
166,roberta-base,glue,rte,2,10,5,1.0,8,1,250,False,0.0,,AdamW,1e-05,SGD,0.01,167,0.7003610108303249,0.6570834325892585,0.5177294915496576,0.5633550882339478,0.7130011916160583,0.1496460735797882,41,-1
167,roberta-base,glue,rte,2,10,5,1.0,8,1,250,False,0.0,,AdamW,1e-05,SGD,0.01,168,0.7003610108303249,0.65419853414808,0.62948885015212,0.4632525146007538,0.5804112553596497,0.1171587407588958,32,-1
168,roberta-base,glue,rte,2,10,5,1.0,8,1,250,False,0.0,,AdamW,1e-05,SGD,0.01,169,0.7003610108303249,0.6518931652818407,0.5137342357690013,0.4811034202575683,0.603813111782074,0.1227096766233444,41,-1
169,roberta-base,glue,rte,2,10,5,1.0,8,1,250,False,0.0,,AdamW,1e-05,SGD,0.01,170,0.7003610108303249,0.649814721090453,0.5868814480490983,0.4955483078956604,0.6209260821342468,0.1253777891397476,32,-1
170,roberta-base,glue,rte,2,10,5,1.0,8,1,250,False,0.0,,AdamW,1e-05,SGD,0.01,171,0.7003610108303249,0.6483865903956549,0.5252969820324969,0.5831347703933716,0.7312349677085876,0.1481001675128936,41,-1
171,roberta-base,glue,rte,2,10,5,1.0,8,1,250,False,0.0,,AdamW,1e-05,SGD,0.01,172,0.7003610108303249,0.6473165269408907,0.5712678259829195,0.6099926233291626,0.7567197680473328,0.1467271298170089,41,-1
172,roberta-base,glue,rte,2,10,5,1.0,8,1,250,False,0.0,,AdamW,1e-05,SGD,0.01,173,0.703971119133574,0.6472527154854366,0.529506553091654,0.624936580657959,0.7879576086997986,0.1630210280418396,41,-1
173,roberta-base,glue,rte,2,10,5,1.0,8,1,250,False,0.0,,AdamW,1e-05,SGD,0.01,174,0.7075812274368231,0.6476169194493975,0.5408046715415832,0.5142443180084229,0.6451187133789062,0.1308744251728058,41,-1
174,roberta-base,glue,rte,2,10,5,1.0,8,1,250,False,0.0,,AdamW,1e-05,SGD,0.01,175,0.7075812274368231,0.6465619555541448,0.5509438212143212,0.595909833908081,0.7495884895324707,0.1536786407232284,41,-1
175,roberta-base,glue,rte,2,10,5,1.0,8,1,250,False,0.0,,AdamW,1e-05,SGD,0.01,176,0.7148014440433214,0.6474337807723454,0.5492235770914704,0.4461113810539245,0.5602481961250305,0.1141368150711059,32,-1
176,roberta-base,glue,rte,2,10,5,1.0,8,1,250,False,0.0,,AdamW,1e-05,SGD,0.01,177,0.7148014440433214,0.6510040049042021,0.5448982594955353,0.4771236479282379,0.6017220616340637,0.1245984211564064,31,-1
177,roberta-base,glue,rte,2,10,5,1.0,8,1,250,False,0.0,,AdamW,1e-05,SGD,0.01,178,0.7148014440433214,0.6542791583708354,0.5403962638683436,0.5110135078430176,0.6392841339111328,0.1282706260681152,41,-1
178,roberta-base,glue,rte,2,10,5,1.0,8,1,250,False,0.0,,AdamW,1e-05,SGD,0.01,179,0.7148014440433214,0.6572161759649005,0.5838455663062632,0.6204123497009277,0.7803454399108887,0.1599331051111221,32,-1
179,roberta-base,glue,rte,2,10,5,1.0,8,1,250,False,0.0,,AdamW,1e-05,SGD,0.01,180,0.7184115523465704,0.6589788556098938,0.5427195103975331,0.4688926935195923,0.5875418782234192,0.1186491996049881,41,-1
180,roberta-base,glue,rte,2,10,5,1.0,8,1,250,False,0.0,,AdamW,1e-05,SGD,0.01,181,0.7184115523465704,0.6600213172180313,0.4932974483908676,0.5223730802536011,0.660192608833313,0.1378195583820343,41,-1
181,roberta-base,glue,rte,2,10,5,1.0,8,1,250,False,0.0,,AdamW,1e-05,SGD,0.01,182,0.7184115523465704,0.6624313258699008,0.5533638886641711,0.598461389541626,0.7580533027648926,0.1595919132232666,32,-1
182,roberta-base,glue,rte,2,10,5,1.0,8,1,250,False,0.0,,AdamW,1e-05,SGD,0.01,183,0.7184115523465704,0.6636707212243761,0.5385090489939947,0.4811837673187256,0.602582573890686,0.1213987916707992,41,-1
183,roberta-base,glue,rte,2,10,5,1.0,8,1,250,False,0.0,,AdamW,1e-05,SGD,0.01,184,0.7184115523465704,0.6663585262639182,0.5852260007182272,0.7116349935531616,0.8941928744316101,0.1825579106807708,41,-1
184,roberta-base,glue,rte,2,10,5,1.0,8,1,250,False,0.0,,AdamW,1e-05,SGD,0.01,185,0.7184115523465704,0.6664949157408305,0.5520223844523837,0.5742307305335999,0.7172362208366394,0.1430054903030395,41,-1
185,roberta-base,glue,rte,2,10,5,1.0,8,1,250,False,0.0,,AdamW,1e-05,SGD,0.01,186,0.7184115523465704,0.6674252452594893,0.5897627922706306,0.5617321729660034,0.7126311659812927,0.1508989632129669,32,-1
186,roberta-base,glue,rte,2,10,5,1.0,8,1,250,False,0.0,,AdamW,1e-05,SGD,0.01,187,0.7184115523465704,0.6683844247034618,0.5185008011394885,0.5449351072311401,0.6859556436538696,0.1410205066204071,41,-1
187,roberta-base,glue,rte,2,10,5,1.0,8,1,250,False,0.0,,AdamW,1e-05,SGD,0.01,188,0.7111913357400722,0.6680396062987192,0.5906653967685997,0.668433427810669,0.8408059477806091,0.1723725199699401,32,-1
188,roberta-base,glue,rte,2,10,5,1.0,8,1,250,False,0.0,,AdamW,1e-05,SGD,0.01,189,0.7111913357400722,0.6687554380723408,0.5317635991610586,0.6303991079330444,0.7996727824211121,0.1692736595869064,32,-1
189,roberta-base,glue,rte,2,10,5,1.0,8,1,250,False,0.0,,AdamW,1e-05,SGD,0.01,190,0.7111913357400722,0.6685974346739906,0.4807217889806118,0.632515549659729,0.7982334494590759,0.1657179296016693,41,-1
190,roberta-base,glue,rte,2,10,5,1.0,8,1,250,False,0.0,,AdamW,1e-05,SGD,0.01,191,0.7111913357400722,0.666768507020814,0.5632703297080532,0.6549298167228699,0.8148874640464783,0.1599576473236084,31,-1
191,roberta-base,glue,rte,2,10,5,1.0,8,1,250,False,0.0,,AdamW,1e-05,SGD,0.01,192,0.7111913357400722,0.6625326863357,0.5170294074387085,0.6203886270523071,0.7825400829315186,0.1621514409780502,41,-1
192,roberta-base,glue,rte,2,10,5,1.0,8,1,250,False,0.0,,AdamW,1e-05,SGD,0.01,193,0.7148014440433214,0.657845479462828,0.5449769076777666,0.5137509703636169,0.6405088305473328,0.126757875084877,41,-1
193,roberta-base,glue,rte,2,10,5,1.0,8,1,250,False,0.0,,AdamW,1e-05,SGD,0.01,194,0.7184115523465704,0.654981604218483,0.5736878213382536,0.8377780318260193,1.045804500579834,0.2080264687538147,31,-1
194,roberta-base,glue,rte,2,10,5,1.0,8,1,250,False,0.0,,AdamW,1e-05,SGD,0.01,195,0.7184115523465704,0.6540285625628063,0.5237713809590787,0.5914286375045776,0.7484944462776184,0.1570657789707183,32,-1
195,roberta-base,glue,rte,2,10,5,1.0,8,1,250,False,0.0,,AdamW,1e-05,SGD,0.01,196,0.7184115523465704,0.6504877675856863,0.5235306832394222,0.5902562141418457,0.7447633743286133,0.1545071750879287,41,-1
196,roberta-base,glue,rte,2,10,5,1.0,8,1,250,False,0.0,,AdamW,1e-05,SGD,0.01,197,0.7184115523465704,0.648980053620679,0.5588038034504279,0.808604896068573,1.0062719583511353,0.197667047381401,32,-1
197,roberta-base,glue,rte,2,10,5,1.0,8,1,250,False,0.0,,AdamW,1e-05,SGD,0.01,198,0.7148014440433214,0.6484150126576423,0.5249846468974904,0.6449984312057495,0.8133627772331238,0.1683643162250518,41,-1
198,roberta-base,glue,rte,2,10,5,1.0,8,1,250,False,0.0,,AdamW,1e-05,SGD,0.01,199,0.7111913357400722,0.647860737996442,0.5312478510708344,0.7213089466094971,0.8999757170677185,0.1786667555570602,41,-1
199,roberta-base,glue,rte,2,10,5,1.0,8,1,250,False,0.0,,AdamW,1e-05,SGD,0.01,200,0.7111913357400722,0.6494607491152627,0.5436365364528284,0.7250220775604248,0.90825617313385,0.1832341104745865,41,-1
200,roberta-base,glue,rte,2,10,5,1.0,8,1,250,False,0.0,,AdamW,1e-05,SGD,0.01,201,0.7111913357400722,0.6525531072701727,0.5628889308470051,0.7209252119064331,0.9024974703788756,0.1815722733736038,41,-1
201,roberta-base,glue,rte,2,10,5,1.0,8,1,250,False,0.0,,AdamW,1e-05,SGD,0.01,202,0.7148014440433214,0.6564659729599953,0.5172226102795543,0.7300577163696289,0.9338703155517578,0.2038125693798065,41,-1
202,roberta-base,glue,rte,2,10,5,1.0,8,1,250,False,0.0,,AdamW,1e-05,SGD,0.01,203,0.7111913357400722,0.6591981932520866,0.5773577178828418,0.6879086494445801,0.8645370602607727,0.176628440618515,32,-1
203,roberta-base,glue,rte,2,10,5,1.0,8,1,250,False,0.0,,AdamW,1e-05,SGD,0.01,204,0.7111913357400722,0.6626881639872279,0.4924596086825903,0.6895815134048462,0.8622316718101501,0.1726501584053039,41,-1
204,roberta-base,glue,rte,2,10,5,1.0,8,1,250,False,0.0,,AdamW,1e-05,SGD,0.01,205,0.7111913357400722,0.6673172118408339,0.5449847084237263,0.7763513922691345,0.9682199358940125,0.1918685436248779,32,-1
205,roberta-base,glue,rte,2,10,5,1.0,8,1,250,False,0.0,,AdamW,1e-05,SGD,0.01,206,0.7075812274368231,0.6717672275645392,0.5138480088605386,0.7534207701683044,0.94050931930542,0.1870885640382766,41,-1
206,roberta-base,glue,rte,2,10,5,1.0,8,1,250,False,0.0,,AdamW,1e-05,SGD,0.01,207,0.7111913357400722,0.6780023894139698,0.5551043421030044,0.6581673622131348,0.8311727643013,0.1730053722858429,32,-1
207,roberta-base,glue,rte,2,10,5,1.0,8,1,250,False,0.0,,AdamW,1e-05,SGD,0.01,208,0.7111913357400722,0.6837203108838626,0.465531742763592,0.733040988445282,0.9245523810386658,0.1915113776922226,41,-1
208,roberta-base,glue,rte,2,10,5,1.0,8,1,250,False,0.0,,AdamW,1e-05,SGD,0.01,209,0.7148014440433214,0.6880700779812676,0.5598081946372986,0.711061418056488,0.8918566703796387,0.1807952672243118,41,-1
209,roberta-base,glue,rte,2,10,5,1.0,8,1,250,False,0.0,,AdamW,1e-05,SGD,0.01,210,0.7148014440433214,0.6911662037883486,0.5463719569691798,0.6917900443077087,0.8680543899536133,0.1762643456459045,41,-1
210,roberta-base,glue,rte,2,10,5,1.0,8,1,250,False,0.0,,AdamW,1e-05,SGD,0.01,211,0.7148014440433214,0.6927836777908462,0.59765270279675,0.6870740652084351,0.8689835667610168,0.1819095313549041,41,-1
211,roberta-base,glue,rte,2,10,5,1.0,8,1,250,False,0.0,,AdamW,1e-05,SGD,0.01,212,0.7148014440433214,0.696353494482381,0.4758875568147476,0.6929866075515747,0.8729896545410156,0.1800030618906021,41,-1
212,roberta-base,glue,rte,2,10,5,1.0,8,1,250,False,0.0,,AdamW,1e-05,SGD,0.01,213,0.7148014440433214,0.7001687997153827,0.5196995685013329,0.8918687105178833,1.1250346899032593,0.2331659942865371,41,-1
213,roberta-base,glue,rte,2,10,5,1.0,8,1,250,False,0.0,,AdamW,1e-05,SGD,0.01,214,0.7075812274368231,0.7003467191542898,0.5276723057940239,0.7060540914535522,0.8888358473777771,0.182781770825386,41,-1
214,roberta-base,glue,rte,2,10,5,1.0,8,1,250,False,0.0,,AdamW,1e-05,SGD,0.01,215,0.7075812274368231,0.7018955420170512,0.5370971951906274,0.7575955390930176,0.953157901763916,0.1955623626708984,41,-1
215,roberta-base,glue,rte,2,10,5,1.0,8,1,250,False,0.0,,AdamW,1e-05,SGD,0.01,216,0.7111913357400722,0.7031435174601418,0.5440132292305551,0.5308884382247925,0.6585573554039001,0.1276688873767852,41,-1
216,roberta-base,glue,rte,2,10,5,1.0,8,1,250,False,0.0,,AdamW,1e-05,SGD,0.01,217,0.7111913357400722,0.7039541863969394,0.5008706019055552,0.903988003730774,1.137428879737854,0.2334408909082412,41,-1
217,roberta-base,glue,rte,2,10,5,1.0,8,1,250,False,0.0,,AdamW,1e-05,SGD,0.01,218,0.7184115523465704,0.7040217706135341,0.5473679680286384,0.7749235033988953,0.9705721735954284,0.195648655295372,41,-1
218,roberta-base,glue,rte,2,10,5,1.0,8,1,250,False,0.0,,AdamW,1e-05,SGD,0.01,219,0.7184115523465704,0.7018152837242398,0.5237254956237427,0.8348016142845154,1.0557502508163452,0.2209486365318298,41,-1
219,roberta-base,glue,rte,2,10,5,1.0,8,1,250,False,0.0,,AdamW,1e-05,SGD,0.01,220,0.7220216606498195,0.7013919261949403,0.5237270691462101,0.5315636396408081,0.661716878414154,0.1301532089710235,31,-1
220,roberta-base,glue,rte,2,10,5,1.0,8,1,250,False,0.0,,AdamW,1e-05,SGD,0.01,221,0.7220216606498195,0.7000336551240512,0.5933064816201605,0.7332751750946045,0.91610187292099,0.1828266829252243,41,-1
221,roberta-base,glue,rte,2,10,5,1.0,8,1,250,False,0.0,,AdamW,1e-05,SGD,0.01,222,0.7220216606498195,0.6994626000523567,0.4924550807694109,0.754490852355957,0.949871838092804,0.1953810006380081,41,-1
222,roberta-base,glue,rte,2,10,5,1.0,8,1,250,False,0.0,,AdamW,1e-05,SGD,0.01,223,0.7220216606498195,0.6986220698271479,0.5079050454969813,0.7510319352149963,0.9450775384902954,0.194045603275299,41,-1
223,roberta-base,glue,rte,2,10,5,1.0,8,1,250,False,0.0,,AdamW,1e-05,SGD,0.01,224,0.7220216606498195,0.6980978412287576,0.5657115709127449,0.768586277961731,0.96779602766037,0.1992097198963165,41,-1
224,roberta-base,glue,rte,2,10,5,1.0,8,1,250,False,0.0,,AdamW,1e-05,SGD,0.01,225,0.7220216606498195,0.6989851491791862,0.5255346419971164,0.882317066192627,1.1141867637634275,0.2318696975708007,41,-1
225,roberta-base,glue,rte,2,10,5,1.0,8,1,250,False,0.0,,AdamW,1e-05,SGD,0.01,226,0.7220216606498195,0.7006161423666136,0.521548423370937,0.7444064617156982,0.9295401573181152,0.1851336658000946,41,-1
226,roberta-base,glue,rte,2,10,5,1.0,8,1,250,False,0.0,,AdamW,1e-05,SGD,0.01,227,0.7220216606498195,0.7022292164819581,0.497971778562883,1.1307660341262815,1.423435091972351,0.2926690578460693,41,-1
227,roberta-base,glue,rte,2,10,5,1.0,8,1,250,False,0.0,,AdamW,1e-05,SGD,0.01,228,0.7220216606498195,0.7031858748623303,0.5070240380287897,0.7815958857536316,0.9871145486831664,0.2055186480283737,41,-1
228,roberta-base,glue,rte,2,10,5,1.0,8,1,250,False,0.0,,AdamW,1e-05,SGD,0.01,229,0.7220216606498195,0.7040530213287899,0.4843531455844641,0.7983734011650085,1.003109335899353,0.2047359496355056,41,-1
229,roberta-base,glue,rte,2,10,5,1.0,8,1,250,False,0.0,,AdamW,1e-05,SGD,0.01,230,0.7220216606498195,0.7061449608632496,0.5545012639369815,0.8124816417694092,1.0212452411651611,0.2087635844945907,32,-1
230,roberta-base,glue,rte,2,10,5,1.0,8,1,250,False,0.0,,AdamW,1e-05,SGD,0.01,231,0.7220216606498195,0.7086419288601195,0.5274314357876414,0.949465811252594,1.182098150253296,0.2326323240995407,41,-1
231,roberta-base,glue,rte,2,10,5,1.0,8,1,250,False,0.0,,AdamW,1e-05,SGD,0.01,232,0.7220216606498195,0.7106393494776317,0.5480408480436336,0.8303531408309937,1.0454683303833008,0.2151151895523071,41,-1
232,roberta-base,glue,rte,2,10,5,1.0,8,1,250,False,0.0,,AdamW,1e-05,SGD,0.01,233,0.7184115523465704,0.7105276275958333,0.5007965233449528,0.9336115121841432,1.1793211698532104,0.2457096427679062,41,-1
233,roberta-base,glue,rte,2,10,5,1.0,8,1,250,False,0.0,,AdamW,1e-05,SGD,0.01,234,0.7184115523465704,0.7106236977236612,0.5490729626966641,0.6591964364051819,0.8208654522895813,0.1616690158843994,32,-1
234,roberta-base,glue,rte,2,10,5,1.0,8,1,250,False,0.0,,AdamW,1e-05,SGD,0.01,235,0.7184115523465704,0.7119584958468165,0.5263691799482331,0.6286411285400391,0.7897676229476929,0.1611265242099762,32,-1
235,roberta-base,glue,rte,2,10,5,1.0,8,1,250,False,0.0,,AdamW,1e-05,SGD,0.01,236,0.7184115523465704,0.7137274092861584,0.44233225811182,0.8758640885353088,1.1113579273223877,0.2354938238859176,41,-1
236,roberta-base,glue,rte,2,10,5,1.0,8,1,250,False,0.0,,AdamW,1e-05,SGD,0.01,237,0.7184115523465704,0.7166950670736176,0.5026970500444493,0.9674249291419984,1.2117090225219729,0.2442840784788131,41,-1
237,roberta-base,glue,rte,2,10,5,1.0,8,1,250,False,0.0,,AdamW,1e-05,SGD,0.01,238,0.7220216606498195,0.7204482985394342,0.5117206167338825,0.9716944694519044,1.2179220914840698,0.2462275922298431,41,-1
238,roberta-base,glue,rte,2,10,5,1.0,8,1,250,False,0.0,,AdamW,1e-05,SGD,0.01,239,0.7220216606498195,0.7247597849794797,0.5514359751761686,0.733318567276001,0.9156932830810548,0.1823746860027313,41,-1
239,roberta-base,glue,rte,2,10,5,1.0,8,1,250,False,0.0,,AdamW,1e-05,SGD,0.01,240,0.7220216606498195,0.7284413365381105,0.5125094246391844,1.261833906173706,1.583676815032959,0.3218429684638977,41,-1
240,roberta-base,glue,rte,2,10,5,1.0,8,1,250,False,0.0,,AdamW,1e-05,SGD,0.01,241,0.7220216606498195,0.7317087986639568,0.4868036214029416,0.9119198322296144,1.1466257572174072,0.2347059547901153,32,-1
241,roberta-base,glue,rte,2,10,5,1.0,8,1,250,False,0.0,,AdamW,1e-05,SGD,0.01,242,0.7256317689530686,0.7330858451979501,0.4966823612317079,0.9637658596038818,1.2137492895126345,0.2499834597110748,41,-1
242,roberta-base,glue,rte,2,10,5,1.0,8,1,250,False,0.0,,AdamW,1e-05,SGD,0.01,243,0.7256317689530686,0.7337044417858124,0.5092886425736475,0.98456871509552,1.2482969760894775,0.2637282907962799,41,-1
243,roberta-base,glue,rte,2,10,5,1.0,8,1,250,False,0.0,,AdamW,1e-05,SGD,0.01,244,0.7256317689530686,0.7348365279180663,0.4334362880485813,0.7151658535003662,0.8998546004295349,0.1846887469291687,41,-1
244,roberta-base,glue,rte,2,10,5,1.0,8,1,250,False,0.0,,AdamW,1e-05,SGD,0.01,245,0.7256317689530686,0.7331366458109447,0.5121627527039225,0.8204982280731201,1.0318588018417358,0.2113605439662933,41,-1
245,roberta-base,glue,rte,2,10,5,1.0,8,1,250,False,0.0,,AdamW,1e-05,SGD,0.01,246,0.7256317689530686,0.7326344281435013,0.4821963274967856,0.788082480430603,0.994108498096466,0.2060260474681854,32,-1
246,roberta-base,glue,rte,2,10,5,1.0,8,1,250,False,0.0,,AdamW,1e-05,SGD,0.01,247,0.7220216606498195,0.7311022969228881,0.4945997008008927,0.8460939526557922,1.0686291456222534,0.2225351929664611,41,-1
247,roberta-base,glue,rte,2,10,5,1.0,8,1,250,False,0.0,,AdamW,1e-05,SGD,0.01,248,0.7184115523465704,0.7300154002649444,0.5300912708134913,0.8911758065223694,1.11706280708313,0.2258870005607605,41,-1
248,roberta-base,glue,rte,2,10,5,1.0,8,1,250,False,0.0,,AdamW,1e-05,SGD,0.01,249,0.7148014440433214,0.7287426152399608,0.4520234763713144,1.103783369064331,1.3934043645858765,0.2896210551261902,41,-1
249,roberta-base,glue,rte,2,10,5,1.0,8,1,250,False,0.0,,AdamW,1e-05,SGD,0.01,250,0.7184115523465704,0.7293779573270253,0.4762181542115286,0.8714356422424316,1.0993460416793823,0.227910429239273,32,-1
