,checkpoint,ds_path,ds_name,num_labels,num_clients,clients_per_round,alpha,batch_size,local_epochs,total_rounds,fda,theta,extras,server_opt_name,server_opt_momentum,server_opt_lr,client_opt_name,client_opt_lr,round,accuracy,testing_loss,training_loss,variance,avg_norm_sq_drifts,norm_sq_avg_drift,round_steps
0,roberta-base,glue,rte,2,10,5,1.0,8,1,250,False,0.0,,SGD,0.9,1.0,SGD,0.001,1,0.4729241877256318,0.7087258270808628,0.6373186413834735,0.0025736354291439056,0.004015892744064331,0.0014422574313357472,41
1,roberta-base,glue,rte,2,10,5,1.0,8,1,250,False,0.0,,SGD,0.9,1.0,SGD,0.001,2,0.4729241877256318,0.7022554516792298,0.6887040518224239,0.0002209503436461091,0.0018443380249664187,0.0016233876813203096,32
2,roberta-base,glue,rte,2,10,5,1.0,8,1,250,False,0.0,,SGD,0.9,1.0,SGD,0.001,3,0.5270758122743683,0.6919103418077741,0.6433356933477448,0.002214352833107114,0.0023845313116908073,0.00017017846403177828,41
3,roberta-base,glue,rte,2,10,5,1.0,8,1,250,False,0.0,,SGD,0.9,1.0,SGD,0.001,4,0.5270758122743683,0.7048437527247837,0.6581884571691837,0.0013153746258467436,0.0014324096264317632,0.00011703500058501959,41
4,roberta-base,glue,rte,2,10,5,1.0,8,1,250,False,0.0,,SGD,0.9,1.0,SGD,0.001,5,0.5270758122743683,0.6908778122493199,0.6271454629738157,0.002180573996156454,0.003857584670186043,0.0016770105576142669,41
5,roberta-base,glue,rte,2,10,5,1.0,8,1,250,False,0.0,,SGD,0.9,1.0,SGD,0.001,6,0.5270758122743683,0.6904887744358608,0.6708209067583084,0.0006917216232977808,0.0012049517827108502,0.0005132301594130695,32
6,roberta-base,glue,rte,2,10,5,1.0,8,1,250,False,0.0,,SGD,0.9,1.0,SGD,0.001,7,0.5090252707581228,0.6914258684430804,0.6272325517927728,0.002153967972844839,0.0022744403686374426,0.00012047238124068826,41
7,roberta-base,glue,rte,2,10,5,1.0,8,1,250,False,0.0,,SGD,0.9,1.0,SGD,0.001,8,0.5306859205776173,0.6892885599817549,0.6597186412753129,0.0008743060752749443,0.0010307560442015529,0.0001564499398227781,41
8,roberta-base,glue,rte,2,10,5,1.0,8,1,250,False,0.0,,SGD,0.9,1.0,SGD,0.001,9,0.5342960288808665,0.6889876689229693,0.6220741366104382,0.001961291069164872,0.002105163410305977,0.000143872297485359,41
9,roberta-base,glue,rte,2,10,5,1.0,8,1,250,False,0.0,,SGD,0.9,1.0,SGD,0.001,10,0.5451263537906137,0.6874162367412022,0.658691844707582,0.0011184356408193707,0.0012420846614986658,0.0001236490352312103,41
10,roberta-base,glue,rte,2,10,5,1.0,8,1,250,False,0.0,,SGD,0.9,1.0,SGD,0.001,11,0.5776173285198556,0.6872328758239746,0.6307660027248103,0.002048493130132556,0.0022242781706154346,0.00017578496772330254,41
11,roberta-base,glue,rte,2,10,5,1.0,8,1,250,False,0.0,,SGD,0.9,1.0,SGD,0.001,12,0.5451263537906137,0.6814638120787484,0.6474421099918646,0.0012567683588713408,0.0015353806084021926,0.00027861224953085184,41
12,roberta-base,glue,rte,2,10,5,1.0,8,1,250,False,0.0,,SGD,0.9,1.0,SGD,0.001,13,0.5270758122743683,0.6999086388519832,0.6639535097405315,0.0007037040777504444,0.0009578003664501011,0.0002540963178034872,32
13,roberta-base,glue,rte,2,10,5,1.0,8,1,250,False,0.0,,SGD,0.9,1.0,SGD,0.001,14,0.555956678700361,0.6840561866760254,0.6043239312927897,0.0023344261571764946,0.0038917630445212126,0.0015573370037600398,41
14,roberta-base,glue,rte,2,10,5,1.0,8,1,250,False,0.0,,SGD,0.9,1.0,SGD,0.001,15,0.4729241877256318,0.7134865403175354,0.6582365876063705,0.000910182308871299,0.0013093533925712109,0.00039917108369991183,32
15,roberta-base,glue,rte,2,10,5,1.0,8,1,250,False,0.0,,SGD,0.9,1.0,SGD,0.001,16,0.4729241877256318,0.7288143174988883,0.5915580198168755,0.0020107440650463104,0.002473898231983185,0.0004631542251445353,41
16,roberta-base,glue,rte,2,10,5,1.0,8,1,250,False,0.0,,SGD,0.9,1.0,SGD,0.001,17,0.6389891696750902,0.6569503971508571,0.6019193094678041,0.002222454408183694,0.0031248838640749454,0.0009024295140989125,41
17,roberta-base,glue,rte,2,10,5,1.0,8,1,250,False,0.0,,SGD,0.9,1.0,SGD,0.001,18,0.5884476534296029,0.7039065965584346,0.6156695506921629,0.0025241877883672714,0.0034311518538743258,0.0009069641237147152,41
18,roberta-base,glue,rte,2,10,5,1.0,8,1,250,False,0.0,,SGD,0.9,1.0,SGD,0.001,19,0.5992779783393501,0.7175792242799487,0.641916309762746,0.0031749452464282513,0.004232678562402725,0.001057733315974474,32
19,roberta-base,glue,rte,2,10,5,1.0,8,1,250,False,0.0,,SGD,0.9,1.0,SGD,0.001,20,0.6750902527075813,0.6287169660840716,0.5728157332757624,0.004607223905622959,0.0063470895402133465,0.0017398656345903873,41
20,roberta-base,glue,rte,2,10,5,1.0,8,1,250,False,0.0,,SGD,0.9,1.0,SGD,0.001,21,0.6570397111913358,0.6165299960545131,0.617625551391393,0.00352140748873353,0.004674808122217655,0.0011534006334841251,32
21,roberta-base,glue,rte,2,10,5,1.0,8,1,250,False,0.0,,SGD,0.9,1.0,SGD,0.001,22,0.6750902527075813,0.6051035191331591,0.5295510946613986,0.00537405489012599,0.006928482558578253,0.001554427552036941,41
22,roberta-base,glue,rte,2,10,5,1.0,8,1,250,False,0.0,,SGD,0.9,1.0,SGD,0.001,23,0.6714801444043321,0.5866848724228996,0.5306765121294231,0.005282114259898663,0.0066597238183021545,0.0013776096748188138,41
23,roberta-base,glue,rte,2,10,5,1.0,8,1,250,False,0.0,,SGD,0.9,1.0,SGD,0.001,24,0.6642599277978339,0.6760079703160695,0.5632539797574282,0.005637169815599918,0.007753928657621145,0.0021167586091905832,32
24,roberta-base,glue,rte,2,10,5,1.0,8,1,250,False,0.0,,SGD,0.9,1.0,SGD,0.001,25,0.6606498194945848,0.6749048697096961,0.5215250357985497,0.008203569799661636,0.010608251206576824,0.0024046809412539005,41
25,roberta-base,glue,rte,2,10,5,1.0,8,1,250,False,0.0,,SGD,0.9,1.0,SGD,0.001,26,0.6787003610108303,0.6358783636774336,0.5270374718122184,0.006075408309698105,0.007969232276082039,0.0018938238499686122,32
26,roberta-base,glue,rte,2,10,5,1.0,8,1,250,False,0.0,,SGD,0.9,1.0,SGD,0.001,27,0.703971119133574,0.5618663247142519,0.5236345357284313,0.009217326529324055,0.011749363504350185,0.002532036742195487,41
27,roberta-base,glue,rte,2,10,5,1.0,8,1,250,False,0.0,,SGD,0.9,1.0,SGD,0.001,28,0.7328519855595668,0.5399590547595705,0.4756653507308262,0.01001225970685482,0.012959996238350868,0.0029477362986654043,41
28,roberta-base,glue,rte,2,10,5,1.0,8,1,250,False,0.0,,SGD,0.9,1.0,SGD,0.001,29,0.7003610108303249,0.6221575762544359,0.49610958882877904,0.010701589286327362,0.014304563403129578,0.0036029743496328592,31
29,roberta-base,glue,rte,2,10,5,1.0,8,1,250,False,0.0,,SGD,0.9,1.0,SGD,0.001,30,0.6714801444043321,0.6738618918827601,0.47976098024263614,0.013071584515273571,0.017011629417538643,0.003940044902265072,41
30,roberta-base,glue,rte,2,10,5,1.0,8,1,250,False,0.0,,SGD,0.9,1.0,SGD,0.001,31,0.7184115523465704,0.5514442448105131,0.4522532265542483,0.011620836332440376,0.015252761542797089,0.0036319249775260687,41
31,roberta-base,glue,rte,2,10,5,1.0,8,1,250,False,0.0,,SGD,0.9,1.0,SGD,0.001,32,0.7256317689530686,0.5925597195114408,0.4048175711457322,0.012238554656505585,0.01638876460492611,0.004150209482759237,41
32,roberta-base,glue,rte,2,10,5,1.0,8,1,250,False,0.0,,SGD,0.9,1.0,SGD,0.001,33,0.7003610108303249,0.6994447944419725,0.45739273726940155,0.015622839331626892,0.020384028553962708,0.004761189687997103,32
33,roberta-base,glue,rte,2,10,5,1.0,8,1,250,False,0.0,,SGD,0.9,1.0,SGD,0.001,34,0.7292418772563177,0.6220055201223919,0.38204617293142695,0.018792007118463516,0.02406497113406658,0.00527296494692564,41
34,roberta-base,glue,rte,2,10,5,1.0,8,1,250,False,0.0,,SGD,0.9,1.0,SGD,0.001,35,0.7328519855595668,0.6214636870792933,0.36733414759723154,0.022377118468284607,0.02894430235028267,0.0065671829506754875,41
35,roberta-base,glue,rte,2,10,5,1.0,8,1,250,False,0.0,,SGD,0.9,1.0,SGD,0.001,36,0.6967509025270758,0.6704174252493041,0.36281312623220247,0.019305696710944176,0.024912986904382706,0.00560729019343853,41
36,roberta-base,glue,rte,2,10,5,1.0,8,1,250,False,0.0,,SGD,0.9,1.0,SGD,0.001,37,0.6787003610108303,0.8318897077015468,0.31018245335577466,0.023544063791632652,0.030165648087859154,0.006621583830565214,41
37,roberta-base,glue,rte,2,10,5,1.0,8,1,250,False,0.0,,SGD,0.9,1.0,SGD,0.001,38,0.6606498194945848,1.0570207446281399,0.3294513472605769,0.02327992394566536,0.029603589326143265,0.006323664449155331,41
38,roberta-base,glue,rte,2,10,5,1.0,8,1,250,False,0.0,,SGD,0.9,1.0,SGD,0.001,39,0.6931407942238267,0.7321567199059895,0.3196271584437388,0.028876053169369698,0.037795718759298325,0.008919665589928627,41
39,roberta-base,glue,rte,2,10,5,1.0,8,1,250,False,0.0,,SGD,0.9,1.0,SGD,0.001,40,0.7436823104693141,0.6379635947091239,0.2972014226746268,0.020876780152320862,0.027491992339491844,0.006615213118493557,41
40,roberta-base,glue,rte,2,10,5,1.0,8,1,250,False,0.0,,SGD,0.9,1.0,SGD,0.001,41,0.7003610108303249,0.8070956775120326,0.2558569542791058,0.02179483324289322,0.029301747679710388,0.007506914436817169,41
41,roberta-base,glue,rte,2,10,5,1.0,8,1,250,False,0.0,,SGD,0.9,1.0,SGD,0.001,42,0.7075812274368231,0.992550710269383,0.28459582193413885,0.0366237610578537,0.04712386429309845,0.010500102303922176,41
42,roberta-base,glue,rte,2,10,5,1.0,8,1,250,False,0.0,,SGD,0.9,1.0,SGD,0.001,43,0.6570397111913358,1.506142599242074,0.24851450545247644,0.03395199403166771,0.043723028153181076,0.009771034121513367,32
43,roberta-base,glue,rte,2,10,5,1.0,8,1,250,False,0.0,,SGD,0.9,1.0,SGD,0.001,44,0.6642599277978339,1.153761897768293,0.28030288302135176,0.04531696438789368,0.05862140282988548,0.013304437510669231,41
44,roberta-base,glue,rte,2,10,5,1.0,8,1,250,False,0.0,,SGD,0.9,1.0,SGD,0.001,45,0.6931407942238267,0.8281354265553611,0.21438514576634254,0.02883487194776535,0.03729787468910217,0.008463002741336823,41
45,roberta-base,glue,rte,2,10,5,1.0,8,1,250,False,0.0,,SGD,0.9,1.0,SGD,0.001,46,0.7111913357400722,0.801613452391965,0.18875402166712574,0.024460013955831528,0.032610587775707245,0.008150572888553143,41
46,roberta-base,glue,rte,2,10,5,1.0,8,1,250,False,0.0,,SGD,0.9,1.0,SGD,0.001,47,0.7184115523465704,1.0126311231936727,0.1563353199628182,0.016190893948078156,0.021511558443307877,0.005320664960891008,32
47,roberta-base,glue,rte,2,10,5,1.0,8,1,250,False,0.0,,SGD,0.9,1.0,SGD,0.001,48,0.7581227436823105,0.8253131269876446,0.23306624000755752,0.0404178723692894,0.051828932017087936,0.011411058716475964,41
48,roberta-base,glue,rte,2,10,5,1.0,8,1,250,False,0.0,,SGD,0.9,1.0,SGD,0.001,49,0.740072202166065,0.8884403445890972,0.146315733431952,0.0319802351295948,0.041253261268138885,0.009273026138544083,41
49,roberta-base,glue,rte,2,10,5,1.0,8,1,250,False,0.0,,SGD,0.9,1.0,SGD,0.001,50,0.7256317689530686,0.9227018471275057,0.16431467323109689,0.03536347299814224,0.04474043846130371,0.009376964531838894,41
50,roberta-base,glue,rte,2,10,5,1.0,8,1,250,False,0.0,,SGD,0.9,1.0,SGD,0.001,51,0.7075812274368231,1.0475662531065089,0.13251710591565183,0.03550015389919281,0.045430369675159454,0.009930215775966644,41
51,roberta-base,glue,rte,2,10,5,1.0,8,1,250,False,0.0,,SGD,0.9,1.0,SGD,0.001,52,0.6787003610108303,1.2225962659077985,0.1330509621911205,0.03307248279452324,0.04276159033179283,0.009689106605947018,41
52,roberta-base,glue,rte,2,10,5,1.0,8,1,250,False,0.0,,SGD,0.9,1.0,SGD,0.001,53,0.6931407942238267,1.2383251380707536,0.12607696708141555,0.03672654181718826,0.046375028789043427,0.009648485109210014,31
53,roberta-base,glue,rte,2,10,5,1.0,8,1,250,False,0.0,,SGD,0.9,1.0,SGD,0.001,54,0.6967509025270758,1.042877855045455,0.16214427083344538,0.03943996876478195,0.050621647387742996,0.011181678622961044,41
54,roberta-base,glue,rte,2,10,5,1.0,8,1,250,False,0.0,,SGD,0.9,1.0,SGD,0.001,55,0.7111913357400722,0.931469964236021,0.11583234186216099,0.02425353229045868,0.03107706643640995,0.006823535077273846,41
55,roberta-base,glue,rte,2,10,5,1.0,8,1,250,False,0.0,,SGD,0.9,1.0,SGD,0.001,56,0.7184115523465704,0.9645750867468971,0.12219282577134435,0.02292890101671219,0.02999880723655224,0.007069907151162624,32
56,roberta-base,glue,rte,2,10,5,1.0,8,1,250,False,0.0,,SGD,0.9,1.0,SGD,0.001,57,0.6931407942238267,1.3483851179480553,0.08443238747124446,0.019045474007725716,0.02494414709508419,0.005898673087358475,41
57,roberta-base,glue,rte,2,10,5,1.0,8,1,250,False,0.0,,SGD,0.9,1.0,SGD,0.001,58,0.6967509025270758,1.373823798767158,0.12788172927287567,0.037052299827337265,0.04788593575358391,0.010833635926246643,41
58,roberta-base,glue,rte,2,10,5,1.0,8,1,250,False,0.0,,SGD,0.9,1.0,SGD,0.001,59,0.7003610108303249,1.2879427480910506,0.09891828702566272,0.024818165227770805,0.031939081847667694,0.007120916619896889,32
59,roberta-base,glue,rte,2,10,5,1.0,8,1,250,False,0.0,,SGD,0.9,1.0,SGD,0.001,60,0.7148014440433214,1.045970523783139,0.09231419749217243,0.026245862245559692,0.03372909501194954,0.007483231835067272,41
60,roberta-base,glue,rte,2,10,5,1.0,8,1,250,False,0.0,,SGD,0.9,1.0,SGD,0.001,61,0.6931407942238267,1.1715251233428716,0.07706615880597383,0.019429190084338188,0.02452707849442959,0.0050978884100914,41
61,roberta-base,glue,rte,2,10,5,1.0,8,1,250,False,0.0,,SGD,0.9,1.0,SGD,0.001,62,0.7111913357400722,1.2105583139562182,0.06681493747183272,0.01782117784023285,0.024368686601519585,0.00654750969260931,31
62,roberta-base,glue,rte,2,10,5,1.0,8,1,250,False,0.0,,SGD,0.9,1.0,SGD,0.001,63,0.6570397111913358,1.7958784700105233,0.058884508104813174,0.020998038351535797,0.02806609869003296,0.007068059407174587,41
63,roberta-base,glue,rte,2,10,5,1.0,8,1,250,False,0.0,,SGD,0.9,1.0,SGD,0.001,64,0.6606498194945848,1.9161615623826427,0.06253247840596908,0.014503986574709415,0.01984298601746559,0.005338999442756176,41
64,roberta-base,glue,rte,2,10,5,1.0,8,1,250,False,0.0,,SGD,0.9,1.0,SGD,0.001,65,0.7184115523465704,1.4474868484905787,0.07863025377339841,0.040121592581272125,0.051309533417224884,0.011187942698597908,41
65,roberta-base,glue,rte,2,10,5,1.0,8,1,250,False,0.0,,SGD,0.9,1.0,SGD,0.001,66,0.7364620938628159,1.1609528147881585,0.060023939812260604,0.022400638088583946,0.028481412678956985,0.0060807750560343266,41
66,roberta-base,glue,rte,2,10,5,1.0,8,1,250,False,0.0,,SGD,0.9,1.0,SGD,0.001,67,0.7184115523465704,1.1363895614099289,0.057728879880898344,0.029220037162303925,0.03709862381219864,0.007878586649894714,41
67,roberta-base,glue,rte,2,10,5,1.0,8,1,250,False,0.0,,SGD,0.9,1.0,SGD,0.001,68,0.703971119133574,1.4335668095520564,0.060925072894406185,0.019354570657014847,0.025984397158026695,0.006629826966673136,32
68,roberta-base,glue,rte,2,10,5,1.0,8,1,250,False,0.0,,SGD,0.9,1.0,SGD,0.001,69,0.6462093862815884,1.9728807086923292,0.05145446517981771,0.01727820374071598,0.02201223187148571,0.004734028596431017,41
69,roberta-base,glue,rte,2,10,5,1.0,8,1,250,False,0.0,,SGD,0.9,1.0,SGD,0.001,70,0.6714801444043321,1.8040193378925324,0.06130302604117499,0.012841857969760895,0.017452280968427658,0.004610422533005476,41
70,roberta-base,glue,rte,2,10,5,1.0,8,1,250,False,0.0,,SGD,0.9,1.0,SGD,0.001,71,0.6967509025270758,1.3181389442511968,0.05813060875175656,0.012748883105814457,0.016806067898869514,0.0040571847930550575,41
71,roberta-base,glue,rte,2,10,5,1.0,8,1,250,False,0.0,,SGD,0.9,1.0,SGD,0.001,72,0.7075812274368231,1.3314057701400348,0.04503242541672435,0.014810673892498016,0.019153770059347153,0.004343096166849136,41
72,roberta-base,glue,rte,2,10,5,1.0,8,1,250,False,0.0,,SGD,0.9,1.0,SGD,0.001,73,0.7003610108303249,1.5686200942311967,0.04482705658472075,0.024806251749396324,0.03196752816438675,0.007161276414990425,41
73,roberta-base,glue,rte,2,10,5,1.0,8,1,250,False,0.0,,SGD,0.9,1.0,SGD,0.001,74,0.6750902527075813,1.9076570821659906,0.04292319965585725,0.020559296011924744,0.026072075590491295,0.005512779112905264,41
74,roberta-base,glue,rte,2,10,5,1.0,8,1,250,False,0.0,,SGD,0.9,1.0,SGD,0.001,75,0.6678700361010831,1.7576962405549628,0.045639502531110605,0.017634443938732147,0.022797496989369392,0.0051630521193146706,41
75,roberta-base,glue,rte,2,10,5,1.0,8,1,250,False,0.0,,SGD,0.9,1.0,SGD,0.001,76,0.7148014440433214,1.4540286004543304,0.04185193135672307,0.014810781925916672,0.018814455717802048,0.004003673791885376,32
76,roberta-base,glue,rte,2,10,5,1.0,8,1,250,False,0.0,,SGD,0.9,1.0,SGD,0.001,77,0.740072202166065,1.3093118907085486,0.044590360624999624,0.02544696256518364,0.032111577689647675,0.00666461419314146,41
77,roberta-base,glue,rte,2,10,5,1.0,8,1,250,False,0.0,,SGD,0.9,1.0,SGD,0.001,78,0.7472924187725631,1.2858854883483477,0.03834240190520111,0.014690529555082321,0.019017016515135765,0.004326487425714731,41
78,roberta-base,glue,rte,2,10,5,1.0,8,1,250,False,0.0,,SGD,0.9,1.0,SGD,0.001,79,0.7472924187725631,1.3709563187190466,0.03701463060456374,0.020184382796287537,0.025402462109923363,0.005218079779297113,41
79,roberta-base,glue,rte,2,10,5,1.0,8,1,250,False,0.0,,SGD,0.9,1.0,SGD,0.001,80,0.703971119133574,1.5293725206383637,0.028373129929915614,0.00935001578181982,0.012041996233165264,0.0026919804513454437,41
80,roberta-base,glue,rte,2,10,5,1.0,8,1,250,False,0.0,,SGD,0.9,1.0,SGD,0.001,81,0.7003610108303249,1.521331760420331,0.02944819867389458,0.008648611605167389,0.010954623110592365,0.0023060119710862637,41
81,roberta-base,glue,rte,2,10,5,1.0,8,1,250,False,0.0,,SGD,0.9,1.0,SGD,0.001,82,0.7436823104693141,1.3215621640639645,0.03873709099673916,0.017118055373430252,0.022580912336707115,0.0054628560319542885,41
82,roberta-base,glue,rte,2,10,5,1.0,8,1,250,False,0.0,,SGD,0.9,1.0,SGD,0.001,83,0.7364620938628159,1.22030456459948,0.03582284546587844,0.017748046666383743,0.02268253080546856,0.004934485070407391,41
83,roberta-base,glue,rte,2,10,5,1.0,8,1,250,False,0.0,,SGD,0.9,1.0,SGD,0.001,84,0.740072202166065,1.2694644627826555,0.03495475122529059,0.017634615302085876,0.022918952628970146,0.00528433732688427,41
84,roberta-base,glue,rte,2,10,5,1.0,8,1,250,False,0.0,,SGD,0.9,1.0,SGD,0.001,85,0.7256317689530686,1.4096657765763148,0.032810170651078455,0.01436837948858738,0.018188653513789177,0.00382027355954051,41
85,roberta-base,glue,rte,2,10,5,1.0,8,1,250,False,0.0,,SGD,0.9,1.0,SGD,0.001,86,0.703971119133574,1.8020092199955668,0.031177836426650174,0.008189165033400059,0.010647022165358067,0.002457856899127364,32
86,roberta-base,glue,rte,2,10,5,1.0,8,1,250,False,0.0,,SGD,0.9,1.0,SGD,0.001,87,0.7003610108303249,1.8250223608421428,0.039046981429436994,0.015728089958429337,0.020632466301321983,0.004904377274215221,41
87,roberta-base,glue,rte,2,10,5,1.0,8,1,250,False,0.0,,SGD,0.9,1.0,SGD,0.001,88,0.7184115523465704,1.5587456173130445,0.0321074782436282,0.014636676758527756,0.01895844005048275,0.004321763291954994,41
88,roberta-base,glue,rte,2,10,5,1.0,8,1,250,False,0.0,,SGD,0.9,1.0,SGD,0.001,89,0.7256317689530686,1.5869097028459822,0.020118278436906015,0.004973793402314186,0.006416247691959143,0.0014424541732296348,30
89,roberta-base,glue,rte,2,10,5,1.0,8,1,250,False,0.0,,SGD,0.9,1.0,SGD,0.001,90,0.7220216606498195,1.490183879647936,0.02485958834082206,0.012872975319623947,0.016459640115499496,0.0035866652615368366,41
90,roberta-base,glue,rte,2,10,5,1.0,8,1,250,False,0.0,,SGD,0.9,1.0,SGD,0.001,91,0.7220216606498195,1.4954653484480722,0.029617240570525345,0.010247322730720043,0.013889006339013577,0.0036416833754628897,41
91,roberta-base,glue,rte,2,10,5,1.0,8,1,250,False,0.0,,SGD,0.9,1.0,SGD,0.001,92,0.7075812274368231,1.610023535894496,0.03134827344314899,0.015045435167849064,0.0191957950592041,0.004150359891355038,41
92,roberta-base,glue,rte,2,10,5,1.0,8,1,250,False,0.0,,SGD,0.9,1.0,SGD,0.001,93,0.6931407942238267,1.8895281970500946,0.02538584942503803,0.012225584127008915,0.01555150281637907,0.0033259184565395117,32
93,roberta-base,glue,rte,2,10,5,1.0,8,1,250,False,0.0,,SGD,0.9,1.0,SGD,0.001,94,0.7003610108303249,1.6340426323669297,0.04273712510490087,0.010150529444217682,0.013918901793658733,0.003768372815102339,41
94,roberta-base,glue,rte,2,10,5,1.0,8,1,250,False,0.0,,SGD,0.9,1.0,SGD,0.001,95,0.7075812274368231,1.4547011082193682,0.025802868755290097,0.011494196951389313,0.014585889875888824,0.0030916924588382244,41
95,roberta-base,glue,rte,2,10,5,1.0,8,1,250,False,0.0,,SGD,0.9,1.0,SGD,0.001,96,0.7292418772563177,1.4202093426005116,0.022438609738203857,0.007826078683137894,0.010151132009923458,0.0023250537924468517,41
96,roberta-base,glue,rte,2,10,5,1.0,8,1,250,False,0.0,,SGD,0.9,1.0,SGD,0.001,97,0.7003610108303249,1.6441233995769704,0.025675280609993932,0.00849909521639347,0.01174691691994667,0.003247822169214487,32
97,roberta-base,glue,rte,2,10,5,1.0,8,1,250,False,0.0,,SGD,0.9,1.0,SGD,0.001,98,0.7075812274368231,1.7170030575777804,0.021610960753055335,0.016541210934519768,0.020894678309559822,0.004353467375040054,41
98,roberta-base,glue,rte,2,10,5,1.0,8,1,250,False,0.0,,SGD,0.9,1.0,SGD,0.001,99,0.7148014440433214,1.5646631555631756,0.021186058660940744,0.014112960547208786,0.018216388300061226,0.004103428218513727,41
99,roberta-base,glue,rte,2,10,5,1.0,8,1,250,False,0.0,,SGD,0.9,1.0,SGD,0.001,100,0.7220216606498195,1.4764018375010761,0.027981062432773773,0.02220713347196579,0.02832162380218506,0.006114491261541843,41
100,roberta-base,glue,rte,2,10,5,1.0,8,1,250,False,0.0,,SGD,0.9,1.0,SGD,0.001,101,0.7111913357400722,1.5811792436854115,0.021034515790597653,0.006358559709042311,0.008819312788546085,0.0024607530795037746,32
101,roberta-base,glue,rte,2,10,5,1.0,8,1,250,False,0.0,,SGD,0.9,1.0,SGD,0.001,102,0.7111913357400722,1.7003470460219043,0.01756469166408884,0.008066467940807343,0.010025839321315289,0.0019593718461692333,41
102,roberta-base,glue,rte,2,10,5,1.0,8,1,250,False,0.0,,SGD,0.9,1.0,SGD,0.001,103,0.6750902527075813,2.078335817796843,0.02113908528453976,0.011864040978252888,0.015260870568454266,0.0033968298230320215,32
103,roberta-base,glue,rte,2,10,5,1.0,8,1,250,False,0.0,,SGD,0.9,1.0,SGD,0.001,104,0.703971119133574,1.9060736613614218,0.01723662634279363,0.0054733348079025745,0.007696289569139481,0.002222954761236906,41
104,roberta-base,glue,rte,2,10,5,1.0,8,1,250,False,0.0,,SGD,0.9,1.0,SGD,0.001,105,0.7220216606498195,1.490876643572535,0.03688086354544261,0.03281499072909355,0.04169066250324249,0.008875671774148941,41
105,roberta-base,glue,rte,2,10,5,1.0,8,1,250,False,0.0,,SGD,0.9,1.0,SGD,0.001,106,0.7256317689530686,1.530124121744718,0.026476469834233286,0.013704038225114346,0.018297899514436722,0.004593861289322376,32
106,roberta-base,glue,rte,2,10,5,1.0,8,1,250,False,0.0,,SGD,0.9,1.0,SGD,0.001,107,0.7111913357400722,1.7320354704345975,0.020177150429112882,0.011875467374920845,0.015347114764153957,0.003471646923571825,41
107,roberta-base,glue,rte,2,10,5,1.0,8,1,250,False,0.0,,SGD,0.9,1.0,SGD,0.001,108,0.6642599277978339,2.03910265820367,0.023116812834419624,0.014009851962327957,0.017167365178465843,0.0031575127504765987,41
108,roberta-base,glue,rte,2,10,5,1.0,8,1,250,False,0.0,,SGD,0.9,1.0,SGD,0.001,109,0.6823104693140795,1.7984482407569886,0.018655848843769578,0.013936052098870277,0.018226662650704384,0.0042906105518341064,41
109,roberta-base,glue,rte,2,10,5,1.0,8,1,250,False,0.0,,SGD,0.9,1.0,SGD,0.001,110,0.7220216606498195,1.4837230724947794,0.016432162940363038,0.006745436228811741,0.008680330589413643,0.0019348941277712584,41
110,roberta-base,glue,rte,2,10,5,1.0,8,1,250,False,0.0,,SGD,0.9,1.0,SGD,0.001,111,0.7003610108303249,1.4451490323192306,0.012563063769754612,0.004378088749945164,0.005567490588873625,0.0011894016060978174,41
111,roberta-base,glue,rte,2,10,5,1.0,8,1,250,False,0.0,,SGD,0.9,1.0,SGD,0.001,112,0.7184115523465704,1.4352114253411337,0.021323700223569532,0.011776883155107498,0.015186718665063381,0.0034098350442945957,41
112,roberta-base,glue,rte,2,10,5,1.0,8,1,250,False,0.0,,SGD,0.9,1.0,SGD,0.001,113,0.7148014440433214,1.6817915511982782,0.02809106760783257,0.014265944249927998,0.018247226253151894,0.003981282003223896,41
113,roberta-base,glue,rte,2,10,5,1.0,8,1,250,False,0.0,,SGD,0.9,1.0,SGD,0.001,114,0.6859205776173285,2.0242485206574203,0.023167044945805126,0.012340176850557327,0.0154552748426795,0.0031150984577834606,41
114,roberta-base,glue,rte,2,10,5,1.0,8,1,250,False,0.0,,SGD,0.9,1.0,SGD,0.001,115,0.7075812274368231,1.6907592264935374,0.025821667201582788,0.009757421910762787,0.01352649461477995,0.0037690727040171623,41
115,roberta-base,glue,rte,2,10,5,1.0,8,1,250,False,0.0,,SGD,0.9,1.0,SGD,0.001,116,0.7148014440433214,1.4357270812166723,0.013880879383123101,0.0038257979322224855,0.004848958924412727,0.0010231609921902418,32
116,roberta-base,glue,rte,2,10,5,1.0,8,1,250,False,0.0,,SGD,0.9,1.0,SGD,0.001,117,0.7328519855595668,1.400323153980675,0.019158246030991262,0.005504499189555645,0.007175598293542862,0.0016710988711565733,41
117,roberta-base,glue,rte,2,10,5,1.0,8,1,250,False,0.0,,SGD,0.9,1.0,SGD,0.001,118,0.7328519855595668,1.4849126388584928,0.02094452446276924,0.01021749246865511,0.013342983089387417,0.003125490853562951,41
118,roberta-base,glue,rte,2,10,5,1.0,8,1,250,False,0.0,,SGD,0.9,1.0,SGD,0.001,119,0.7220216606498195,1.7270537095709837,0.017609287706337212,0.007947583682835102,0.010108514688909054,0.002160930773243308,41
119,roberta-base,glue,rte,2,10,5,1.0,8,1,250,False,0.0,,SGD,0.9,1.0,SGD,0.001,120,0.7148014440433214,1.8992538120547708,0.008870735353358635,0.005092325154691935,0.006439981050789356,0.0013476558960974216,41
120,roberta-base,glue,rte,2,10,5,1.0,8,1,250,False,0.0,,SGD,0.9,1.0,SGD,0.001,121,0.7256317689530686,1.678858653569062,0.021325781153693865,0.020117398351430893,0.025986550375819206,0.005869152955710888,41
121,roberta-base,glue,rte,2,10,5,1.0,8,1,250,False,0.0,,SGD,0.9,1.0,SGD,0.001,122,0.7509025270758123,1.5765742591981378,0.011428869329321925,0.011882735416293144,0.015005351975560188,0.003122616559267044,41
122,roberta-base,glue,rte,2,10,5,1.0,8,1,250,False,0.0,,SGD,0.9,1.0,SGD,0.001,123,0.7472924187725631,1.5683519441102232,0.006165158068233723,0.0026926908176392317,0.0035239204298704863,0.0008312296122312546,32
123,roberta-base,glue,rte,2,10,5,1.0,8,1,250,False,0.0,,SGD,0.9,1.0,SGD,0.001,124,0.740072202166065,1.5705112240144186,0.006992922143985109,0.005105086602270603,0.006307381670922041,0.0012022951850667596,41
124,roberta-base,glue,rte,2,10,5,1.0,8,1,250,False,0.0,,SGD,0.9,1.0,SGD,0.001,125,0.740072202166065,1.5533199961164168,0.025399991992801407,0.015555654652416706,0.019674837589263916,0.00411918293684721,41
125,roberta-base,glue,rte,2,10,5,1.0,8,1,250,False,0.0,,SGD,0.9,1.0,SGD,0.001,126,0.7256317689530686,1.67190358874255,0.011171118213587761,0.002538729691877961,0.0037836022675037384,0.0012448725756257772,32
126,roberta-base,glue,rte,2,10,5,1.0,8,1,250,False,0.0,,SGD,0.9,1.0,SGD,0.001,127,0.7220216606498195,1.73287526653564,0.015494348732300284,0.006892031524330378,0.008721675723791122,0.001829644083045423,41
127,roberta-base,glue,rte,2,10,5,1.0,8,1,250,False,0.0,,SGD,0.9,1.0,SGD,0.001,128,0.7256317689530686,1.648733116720437,0.018145288062237898,0.013220585882663727,0.016694046556949615,0.0034734609071165323,41
128,roberta-base,glue,rte,2,10,5,1.0,8,1,250,False,0.0,,SGD,0.9,1.0,SGD,0.001,129,0.7328519855595668,1.6079340447355728,0.013447836114710298,0.014499945566058159,0.018195074051618576,0.003695128485560417,32
129,roberta-base,glue,rte,2,10,5,1.0,8,1,250,False,0.0,,SGD,0.9,1.0,SGD,0.001,130,0.7509025270758123,1.4555263599513897,0.014174950591404922,0.010337713174521923,0.013426546938717365,0.003088833764195442,41
130,roberta-base,glue,rte,2,10,5,1.0,8,1,250,False,0.0,,SGD,0.9,1.0,SGD,0.001,131,0.7364620938628159,1.4543657507215226,0.013252513813317709,0.010769447311758995,0.013250722549855709,0.0024812754709273577,41
131,roberta-base,glue,rte,2,10,5,1.0,8,1,250,False,0.0,,SGD,0.9,1.0,SGD,0.001,132,0.7509025270758123,1.4501251350023916,0.017609262192718234,0.01321747712790966,0.018409064039587975,0.005191586911678314,32
132,roberta-base,glue,rte,2,10,5,1.0,8,1,250,False,0.0,,SGD,0.9,1.0,SGD,0.001,133,0.7003610108303249,1.9310444190033844,0.005398925752069772,0.0012365905568003654,0.0017311606789007783,0.0004945701221004128,32
133,roberta-base,glue,rte,2,10,5,1.0,8,1,250,False,0.0,,SGD,0.9,1.0,SGD,0.001,134,0.6895306859205776,1.9773830068962914,0.014206655002848626,0.007547208573669195,0.010256084613502026,0.0027088760398328304,41
134,roberta-base,glue,rte,2,10,5,1.0,8,1,250,False,0.0,,SGD,0.9,1.0,SGD,0.001,135,0.7292418772563177,1.5328856205301626,0.014071931090793664,0.010813994333148003,0.014334696345031261,0.0035207022447139025,41
135,roberta-base,glue,rte,2,10,5,1.0,8,1,250,False,0.0,,SGD,0.9,1.0,SGD,0.001,136,0.7364620938628159,1.4560123002954892,0.013649918657122931,0.008068733848631382,0.010540119372308254,0.0024713852908462286,31
136,roberta-base,glue,rte,2,10,5,1.0,8,1,250,False,0.0,,SGD,0.9,1.0,SGD,0.001,137,0.740072202166065,1.5456658862531185,0.006087558506578716,0.002155558904632926,0.0031505306251347065,0.0009949717205017805,32
137,roberta-base,glue,rte,2,10,5,1.0,8,1,250,False,0.0,,SGD,0.9,1.0,SGD,0.001,138,0.7436823104693141,1.5961103579960763,0.00989661743628747,0.009402908384799957,0.011674446053802967,0.0022715372033417225,41
138,roberta-base,glue,rte,2,10,5,1.0,8,1,250,False,0.0,,SGD,0.9,1.0,SGD,0.001,139,0.7292418772563177,1.6343145065009594,0.010633647435617339,0.011658914387226105,0.014682612381875515,0.0030236977618187666,41
139,roberta-base,glue,rte,2,10,5,1.0,8,1,250,False,0.0,,SGD,0.9,1.0,SGD,0.001,140,0.7292418772563177,1.6752634532217467,0.011850450184940155,0.012800013646483421,0.015778779983520508,0.002978766802698374,41
140,roberta-base,glue,rte,2,10,5,1.0,8,1,250,False,0.0,,SGD,0.9,1.0,SGD,0.001,141,0.7292418772563177,1.6521376062184572,0.004562966408110053,0.0031839667353779078,0.003983264788985252,0.0007992979953996837,41
141,roberta-base,glue,rte,2,10,5,1.0,8,1,250,False,0.0,,SGD,0.9,1.0,SGD,0.001,142,0.7256317689530686,1.6936808642532144,0.010529802419762013,0.007386452052742243,0.009298992343246937,0.0019125401740893722,41
142,roberta-base,glue,rte,2,10,5,1.0,8,1,250,False,0.0,,SGD,0.9,1.0,SGD,0.001,143,0.7148014440433214,1.802694237445082,0.023001822672582734,0.011765706352889538,0.015041723847389221,0.0032760172616690397,41
143,roberta-base,glue,rte,2,10,5,1.0,8,1,250,False,0.0,,SGD,0.9,1.0,SGD,0.001,144,0.7148014440433214,1.7835318933374116,0.011658147426368953,0.00764002138748765,0.009487290866672993,0.0018472695956006646,41
144,roberta-base,glue,rte,2,10,5,1.0,8,1,250,False,0.0,,SGD,0.9,1.0,SGD,0.001,145,0.7292418772563177,1.6847194509846823,0.005280664181847852,0.005029568914324045,0.006295840721577406,0.0012662719236686826,41
145,roberta-base,glue,rte,2,10,5,1.0,8,1,250,False,0.0,,SGD,0.9,1.0,SGD,0.001,146,0.7292418772563177,1.730218802924667,0.01688627643796769,0.013202429749071598,0.016886848956346512,0.003684419207274914,41
146,roberta-base,glue,rte,2,10,5,1.0,8,1,250,False,0.0,,SGD,0.9,1.0,SGD,0.001,147,0.7111913357400722,1.8994739430291312,0.007277549781109683,0.007759528700262308,0.009688555262982845,0.0019290265627205372,41
147,roberta-base,glue,rte,2,10,5,1.0,8,1,250,False,0.0,,SGD,0.9,1.0,SGD,0.001,148,0.703971119133574,1.8356677883437702,0.011514137982761363,0.00726466765627265,0.009237540885806084,0.001972873229533434,41
148,roberta-base,glue,rte,2,10,5,1.0,8,1,250,False,0.0,,SGD,0.9,1.0,SGD,0.001,149,0.6967509025270758,1.7039250056126287,0.013704244406471843,0.007655657362192869,0.009591209702193737,0.001935552223585546,32
149,roberta-base,glue,rte,2,10,5,1.0,8,1,250,False,0.0,,SGD,0.9,1.0,SGD,0.001,150,0.7328519855595668,1.4817810357016112,0.010794586781767288,0.004919732455164194,0.0064831688068807125,0.0015634362353011966,41
150,roberta-base,glue,rte,2,10,5,1.0,8,1,250,False,0.0,,SGD,0.9,1.0,SGD,0.001,151,0.7472924187725631,1.4969915863392609,0.010027333210746291,0.0036155260168015957,0.0047156629152596,0.001100136898458004,41
151,roberta-base,glue,rte,2,10,5,1.0,8,1,250,False,0.0,,SGD,0.9,1.0,SGD,0.001,152,0.703971119133574,1.5720156308296802,0.01498730108170293,0.004340658895671368,0.005988125689327717,0.0016474670264869928,41
152,roberta-base,glue,rte,2,10,5,1.0,8,1,250,False,0.0,,SGD,0.9,1.0,SGD,0.001,153,0.7075812274368231,1.7353028079760926,0.00951728879736038,0.005497767589986324,0.00670597655698657,0.001208208967000246,41
153,roberta-base,glue,rte,2,10,5,1.0,8,1,250,False,0.0,,SGD,0.9,1.0,SGD,0.001,154,0.6859205776173285,1.9986433576260294,0.010680630705337535,0.004955753684043884,0.006228630430996418,0.00127287651412189,32
154,roberta-base,glue,rte,2,10,5,1.0,8,1,250,False,0.0,,SGD,0.9,1.0,SGD,0.001,155,0.6823104693140795,1.963603225989001,0.009092360552508248,0.0036811186000704765,0.004674305208027363,0.0009931867243722081,41
155,roberta-base,glue,rte,2,10,5,1.0,8,1,250,False,0.0,,SGD,0.9,1.0,SGD,0.001,156,0.7184115523465704,1.6883498934895864,0.017613060395311415,0.024263903498649597,0.030471360310912132,0.006207456812262535,41
156,roberta-base,glue,rte,2,10,5,1.0,8,1,250,False,0.0,,SGD,0.9,1.0,SGD,0.001,157,0.7509025270758123,1.5253604444209485,0.008814771387728907,0.0034781105350703,0.004540097434073687,0.0010619868990033865,41
157,roberta-base,glue,rte,2,10,5,1.0,8,1,250,False,0.0,,SGD,0.9,1.0,SGD,0.001,158,0.7364620938628159,1.5502363211940975,0.02141822384282932,0.01007938478142023,0.014232347719371319,0.004152962937951088,32
158,roberta-base,glue,rte,2,10,5,1.0,8,1,250,False,0.0,,SGD,0.9,1.0,SGD,0.001,159,0.7148014440433214,1.8228199269622565,0.009921723032221053,0.004285146482288837,0.005706851836293936,0.0014217051211744547,32
159,roberta-base,glue,rte,2,10,5,1.0,8,1,250,False,0.0,,SGD,0.9,1.0,SGD,0.001,160,0.6859205776173285,2.0136678620108537,0.00958031865643201,0.006184937432408333,0.007819237187504768,0.0016342997550964355,41
160,roberta-base,glue,rte,2,10,5,1.0,8,1,250,False,0.0,,SGD,0.9,1.0,SGD,0.001,161,0.7148014440433214,1.8068699051226889,0.0169305119370664,0.002479931339621544,0.003488101065158844,0.0010081696091219783,41
161,roberta-base,glue,rte,2,10,5,1.0,8,1,250,False,0.0,,SGD,0.9,1.0,SGD,0.001,162,0.7364620938628159,1.515661043088351,0.012879498043947954,0.0064088269136846066,0.007980676367878914,0.0015718493377789855,41
162,roberta-base,glue,rte,2,10,5,1.0,8,1,250,False,0.0,,SGD,0.9,1.0,SGD,0.001,163,0.7292418772563177,1.4509349684896213,0.014398919347433725,0.0065566678531467915,0.0085041718557477,0.00194750411901623,41
163,roberta-base,glue,rte,2,10,5,1.0,8,1,250,False,0.0,,SGD,0.9,1.0,SGD,0.001,164,0.7364620938628159,1.445717644119369,0.02591350951530863,0.01031915657222271,0.012894432060420513,0.002575275721028447,41
164,roberta-base,glue,rte,2,10,5,1.0,8,1,250,False,0.0,,SGD,0.9,1.0,SGD,0.001,165,0.7256317689530686,1.5926725120749325,0.01008919055805053,0.0026502488180994987,0.0034409065265208483,0.0007906577084213495,41
165,roberta-base,glue,rte,2,10,5,1.0,8,1,250,False,0.0,,SGD,0.9,1.0,SGD,0.001,166,0.7292418772563177,1.8097403800447605,0.005851605384420353,0.002082386054098606,0.002500455593690276,0.0004180694231763482,41
166,roberta-base,glue,rte,2,10,5,1.0,8,1,250,False,0.0,,SGD,0.9,1.0,SGD,0.001,167,0.7364620938628159,1.7516163401921014,0.008965324712903011,0.005291133653372526,0.006828625686466694,0.0015374921495094895,41
167,roberta-base,glue,rte,2,10,5,1.0,8,1,250,False,0.0,,SGD,0.9,1.0,SGD,0.001,168,0.7292418772563177,1.7250665218810484,0.0038410239170843853,0.0009504921035841107,0.0012091126991435885,0.00025862056645564735,32
168,roberta-base,glue,rte,2,10,5,1.0,8,1,250,False,0.0,,SGD,0.9,1.0,SGD,0.001,169,0.7075812274368231,1.587788731920799,0.008783292599276514,0.003476424841210246,0.004383799619972706,0.0009073747787624598,41
169,roberta-base,glue,rte,2,10,5,1.0,8,1,250,False,0.0,,SGD,0.9,1.0,SGD,0.001,170,0.7220216606498195,1.6143042332226676,0.007308399243856911,0.003307119244709611,0.004437663592398167,0.0011305443476885557,32
170,roberta-base,glue,rte,2,10,5,1.0,8,1,250,False,0.0,,SGD,0.9,1.0,SGD,0.001,171,0.7111913357400722,1.7666654836452966,0.008650187891304617,0.004002790432423353,0.00503536919131875,0.0010325787588953972,41
171,roberta-base,glue,rte,2,10,5,1.0,8,1,250,False,0.0,,SGD,0.9,1.0,SGD,0.001,172,0.6967509025270758,1.9960158645840629,0.002883013133396162,0.0015638985205441713,0.0019334700191393495,0.00036957155680283904,41
172,roberta-base,glue,rte,2,10,5,1.0,8,1,250,False,0.0,,SGD,0.9,1.0,SGD,0.001,173,0.6895306859205776,2.046040686007057,0.009893412039566946,0.0055584367364645,0.006973550654947758,0.0014151139184832573,41
173,roberta-base,glue,rte,2,10,5,1.0,8,1,250,False,0.0,,SGD,0.9,1.0,SGD,0.001,174,0.7111913357400722,1.8573614989340836,0.004339180894802245,0.003514409065246582,0.004621237516403198,0.0011068283347412944,41
174,roberta-base,glue,rte,2,10,5,1.0,8,1,250,False,0.0,,SGD,0.9,1.0,SGD,0.001,175,0.7436823104693141,1.6653992569872311,0.008270407109854957,0.006467609200626612,0.008058366365730762,0.0015907571651041508,41
175,roberta-base,glue,rte,2,10,5,1.0,8,1,250,False,0.0,,SGD,0.9,1.0,SGD,0.001,176,0.7256317689530686,1.6699559433119637,0.01570561857679422,0.005876525305211544,0.007933489978313446,0.0020569649059325457,32
176,roberta-base,glue,rte,2,10,5,1.0,8,1,250,False,0.0,,SGD,0.9,1.0,SGD,0.001,177,0.6931407942238267,1.9559295277044708,0.019208131445479774,0.005914027336984873,0.008174249902367592,0.002260222565382719,31
177,roberta-base,glue,rte,2,10,5,1.0,8,1,250,False,0.0,,SGD,0.9,1.0,SGD,0.001,178,0.6750902527075813,2.216462736797985,0.00582445660132557,0.003847069339826703,0.004932588431984186,0.001085519092157483,41
178,roberta-base,glue,rte,2,10,5,1.0,8,1,250,False,0.0,,SGD,0.9,1.0,SGD,0.001,179,0.6859205776173285,2.3009944674642093,0.0025982647691762395,0.0010045862291008234,0.001309901592321694,0.0003053153050132096,32
179,roberta-base,glue,rte,2,10,5,1.0,8,1,250,False,0.0,,SGD,0.9,1.0,SGD,0.001,180,0.703971119133574,1.8875274938664266,0.0059226764673395525,0.0030650109983980656,0.0044248150661587715,0.0013598039513453841,41
180,roberta-base,glue,rte,2,10,5,1.0,8,1,250,False,0.0,,SGD,0.9,1.0,SGD,0.001,181,0.740072202166065,1.6693960846002613,0.008885114745055211,0.0062578232027590275,0.008017032407224178,0.001759209088049829,41
181,roberta-base,glue,rte,2,10,5,1.0,8,1,250,False,0.0,,SGD,0.9,1.0,SGD,0.001,182,0.7436823104693141,1.7140510420181923,0.00933962943208826,0.005294544622302055,0.0072104716673493385,0.0019159270450472832,32
182,roberta-base,glue,rte,2,10,5,1.0,8,1,250,False,0.0,,SGD,0.9,1.0,SGD,0.001,183,0.7184115523465704,1.76529452587877,0.00847771189086105,0.00600099004805088,0.00828471127897501,0.002283721463754773,41
183,roberta-base,glue,rte,2,10,5,1.0,8,1,250,False,0.0,,SGD,0.9,1.0,SGD,0.001,184,0.7003610108303249,2.1675289999810046,0.004161418660504107,0.0022019792813807726,0.0027847213204950094,0.0005827420391142368,41
184,roberta-base,glue,rte,2,10,5,1.0,8,1,250,False,0.0,,SGD,0.9,1.0,SGD,0.001,185,0.6967509025270758,2.2089287773265305,0.00540766946587388,0.0061785331927239895,0.008081003092229366,0.0019024700159206986,41
185,roberta-base,glue,rte,2,10,5,1.0,8,1,250,False,0.0,,SGD,0.9,1.0,SGD,0.001,186,0.703971119133574,2.1131008316829267,0.005993114569446334,0.0021712458692491055,0.002743968041613698,0.0005727221723645926,32
186,roberta-base,glue,rte,2,10,5,1.0,8,1,250,False,0.0,,SGD,0.9,1.0,SGD,0.001,187,0.7256317689530686,1.8560113459576055,0.005308801581424366,0.003586213570088148,0.004674886353313923,0.0010886728996410966,41
187,roberta-base,glue,rte,2,10,5,1.0,8,1,250,False,0.0,,SGD,0.9,1.0,SGD,0.001,188,0.7148014440433214,1.7555336556979455,0.005141688536332368,0.004895094782114029,0.00618045125156641,0.0012853564694523811,32
188,roberta-base,glue,rte,2,10,5,1.0,8,1,250,False,0.0,,SGD,0.9,1.0,SGD,0.001,189,0.7184115523465704,1.7886759558093868,0.012099840384553317,0.00469106575474143,0.006581211928278208,0.0018901460571214557,32
189,roberta-base,glue,rte,2,10,5,1.0,8,1,250,False,0.0,,SGD,0.9,1.0,SGD,0.001,190,0.6967509025270758,1.81637625661346,0.014176631648421412,0.014641368761658669,0.018443724140524864,0.0038023553788661957,41
190,roberta-base,glue,rte,2,10,5,1.0,8,1,250,False,0.0,,SGD,0.9,1.0,SGD,0.001,191,0.703971119133574,1.9434154825018986,0.0012342189916037774,0.00019119249191135168,0.0002484191791154444,5.722667992813513e-05,31
191,roberta-base,glue,rte,2,10,5,1.0,8,1,250,False,0.0,,SGD,0.9,1.0,SGD,0.001,192,0.6931407942238267,1.9455392045434565,0.006955311769635909,0.006207779981195927,0.007979580201208591,0.001771800103597343,41
192,roberta-base,glue,rte,2,10,5,1.0,8,1,250,False,0.0,,SGD,0.9,1.0,SGD,0.001,193,0.6750902527075813,1.9009069421428388,0.004331408645183972,0.002239350462332368,0.00286230375058949,0.0006229532300494611,41
193,roberta-base,glue,rte,2,10,5,1.0,8,1,250,False,0.0,,SGD,0.9,1.0,SGD,0.001,194,0.6714801444043321,1.9062989891307163,0.0026373347641164132,0.001320268027484417,0.00173883733805269,0.0004185693396721035,31
194,roberta-base,glue,rte,2,10,5,1.0,8,1,250,False,0.0,,SGD,0.9,1.0,SGD,0.001,195,0.6714801444043321,1.9449092483946255,0.007617978022017269,0.0030257757753133774,0.003975580912083387,0.0009498052531853318,32
195,roberta-base,glue,rte,2,10,5,1.0,8,1,250,False,0.0,,SGD,0.9,1.0,SGD,0.001,196,0.6750902527075813,1.8927644627434868,0.006836287299825572,0.003776109078899026,0.004692945163697004,0.0009168360265903175,41
196,roberta-base,glue,rte,2,10,5,1.0,8,1,250,False,0.0,,SGD,0.9,1.0,SGD,0.001,197,0.6750902527075813,1.8831945840801512,0.002117157514749124,0.000918409728910774,0.0011560581624507904,0.0002376484335400164,32
197,roberta-base,glue,rte,2,10,5,1.0,8,1,250,False,0.0,,SGD,0.9,1.0,SGD,0.001,198,0.7111913357400722,1.8520411380699702,0.005698459470046899,0.0037892786785960197,0.00472926115617156,0.0009399824775755405,41
198,roberta-base,glue,rte,2,10,5,1.0,8,1,250,False,0.0,,SGD,0.9,1.0,SGD,0.001,199,0.7292418772563177,1.8731692999601364,0.003336783641205374,0.0014625712065026164,0.001768583431839943,0.0003060122253373265,41
199,roberta-base,glue,rte,2,10,5,1.0,8,1,250,False,0.0,,SGD,0.9,1.0,SGD,0.001,200,0.7256317689530686,1.9229858370763915,0.00429703602987901,0.003358041401952505,0.0041924165561795235,0.0008343750378116965,41
200,roberta-base,glue,rte,2,10,5,1.0,8,1,250,False,0.0,,SGD,0.9,1.0,SGD,0.001,201,0.7256317689530686,1.997211902588606,0.005536766500012075,0.004605821333825588,0.005741026718169451,0.0011352051515132189,41
201,roberta-base,glue,rte,2,10,5,1.0,8,1,250,False,0.0,,SGD,0.9,1.0,SGD,0.001,202,0.7075812274368231,2.090414793230593,0.014895942884588917,0.014789475128054619,0.018745049834251404,0.003955574706196785,41
202,roberta-base,glue,rte,2,10,5,1.0,8,1,250,False,0.0,,SGD,0.9,1.0,SGD,0.001,203,0.6859205776173285,2.272685132282121,0.005047084283364711,0.0038057409692555666,0.0050181858241558075,0.001212444854900241,32
203,roberta-base,glue,rte,2,10,5,1.0,8,1,250,False,0.0,,SGD,0.9,1.0,SGD,0.001,204,0.6895306859205776,2.3222550543025138,0.006057715995582217,0.005633773747831583,0.0071841999888420105,0.0015504261245951056,41
204,roberta-base,glue,rte,2,10,5,1.0,8,1,250,False,0.0,,SGD,0.9,1.0,SGD,0.001,205,0.6895306859205776,2.3673424408904142,0.00041953713268867433,4.610304313246161e-05,6.0065125580877066e-05,1.3962080629426055e-05,32
205,roberta-base,glue,rte,2,10,5,1.0,8,1,250,False,0.0,,SGD,0.9,1.0,SGD,0.001,206,0.6859205776173285,2.3423955510636527,0.003242112623517708,0.004180661402642727,0.00524998689070344,0.0010693254880607128,41
206,roberta-base,glue,rte,2,10,5,1.0,8,1,250,False,0.0,,SGD,0.9,1.0,SGD,0.001,207,0.6823104693140795,2.3275021916920586,0.00806635738440491,0.008060929365456104,0.010194835253059864,0.0021339061204344034,32
207,roberta-base,glue,rte,2,10,5,1.0,8,1,250,False,0.0,,SGD,0.9,1.0,SGD,0.001,208,0.6823104693140795,2.213544540197056,0.00500745069897143,0.00665651960298419,0.008306470699608326,0.0016499509802088141,41
208,roberta-base,glue,rte,2,10,5,1.0,8,1,250,False,0.0,,SGD,0.9,1.0,SGD,0.001,209,0.7003610108303249,2.132107099385134,0.005081321284062763,0.0034887283109128475,0.004399906378239393,0.0009111780673265457,41
209,roberta-base,glue,rte,2,10,5,1.0,8,1,250,False,0.0,,SGD,0.9,1.0,SGD,0.001,210,0.7111913357400722,2.0573071674576826,0.012063029300983678,0.002938513644039631,0.003652268787845969,0.0007137550273910165,41
210,roberta-base,glue,rte,2,10,5,1.0,8,1,250,False,0.0,,SGD,0.9,1.0,SGD,0.001,211,0.7111913357400722,1.9818608191329985,0.003925645653575107,0.0017982563003897667,0.002239417051896453,0.00044116072240285575,41
211,roberta-base,glue,rte,2,10,5,1.0,8,1,250,False,0.0,,SGD,0.9,1.0,SGD,0.001,212,0.703971119133574,1.9216098547181382,0.0032759260210540805,0.0037709244061261415,0.004741996061056852,0.0009710716549307108,41
212,roberta-base,glue,rte,2,10,5,1.0,8,1,250,False,0.0,,SGD,0.9,1.0,SGD,0.001,213,0.7111913357400722,1.8719425677987083,0.004684865981356025,0.004485097713768482,0.005637103691697121,0.0011520062107592821,41
213,roberta-base,glue,rte,2,10,5,1.0,8,1,250,False,0.0,,SGD,0.9,1.0,SGD,0.001,214,0.7111913357400722,1.8357271396688053,0.0058163921435174775,0.01510334387421608,0.018753131851553917,0.00364978751167655,41
214,roberta-base,glue,rte,2,10,5,1.0,8,1,250,False,0.0,,SGD,0.9,1.0,SGD,0.001,215,0.703971119133574,1.8344372474987591,0.0037636227382591174,0.0018083949107676744,0.0022914281580597162,0.0004830332181882113,41
215,roberta-base,glue,rte,2,10,5,1.0,8,1,250,False,0.0,,SGD,0.9,1.0,SGD,0.001,216,0.6967509025270758,1.8269136811207447,0.003870287848169427,0.0035427974071353674,0.004364451859146357,0.0008216545102186501,41
216,roberta-base,glue,rte,2,10,5,1.0,8,1,250,False,0.0,,SGD,0.9,1.0,SGD,0.001,217,0.703971119133574,1.862703393306583,0.002070725900149427,0.0013133310712873936,0.0016485083615407348,0.0003351772320456803,41
217,roberta-base,glue,rte,2,10,5,1.0,8,1,250,False,0.0,,SGD,0.9,1.0,SGD,0.001,218,0.7148014440433214,1.8584933373411852,0.006257302112410287,0.003625241806730628,0.004528791643679142,0.0009035497787408531,41
218,roberta-base,glue,rte,2,10,5,1.0,8,1,250,False,0.0,,SGD,0.9,1.0,SGD,0.001,219,0.7075812274368231,1.867182844198708,0.0048109821230421556,0.0020790514536201954,0.0025577046908438206,0.00047865317901596427,41
219,roberta-base,glue,rte,2,10,5,1.0,8,1,250,False,0.0,,SGD,0.9,1.0,SGD,0.001,220,0.7111913357400722,1.9058869785629213,0.004214453773156199,0.002192765474319458,0.002872663317248225,0.000679897959344089,31
220,roberta-base,glue,rte,2,10,5,1.0,8,1,250,False,0.0,,SGD,0.9,1.0,SGD,0.001,221,0.7003610108303249,1.970506591456277,0.00349240714447039,0.0036693960428237915,0.0045572626404464245,0.0008878666558302939,41
221,roberta-base,glue,rte,2,10,5,1.0,8,1,250,False,0.0,,SGD,0.9,1.0,SGD,0.001,222,0.7003610108303249,2.0251269642795835,0.0018494417302796005,0.0006938085425645113,0.0008606294286437333,0.0001668209006311372,41
222,roberta-base,glue,rte,2,10,5,1.0,8,1,250,False,0.0,,SGD,0.9,1.0,SGD,0.001,223,0.6967509025270758,2.0381547902311596,0.008728823969076763,0.0037736736703664064,0.004710444249212742,0.0009367705788463354,41
223,roberta-base,glue,rte,2,10,5,1.0,8,1,250,False,0.0,,SGD,0.9,1.0,SGD,0.001,224,0.6967509025270758,2.1019633476223265,0.002540249914046598,0.002452234039083123,0.0030874600633978844,0.0006352260243147612,41
224,roberta-base,glue,rte,2,10,5,1.0,8,1,250,False,0.0,,SGD,0.9,1.0,SGD,0.001,225,0.7111913357400722,2.039059059534754,0.004463547391681392,0.0056905802339315414,0.007265518885105848,0.001574938534758985,41
225,roberta-base,glue,rte,2,10,5,1.0,8,1,250,False,0.0,,SGD,0.9,1.0,SGD,0.001,226,0.7148014440433214,2.000600895405348,0.003884378978634742,0.0034361782018095255,0.004235210362821817,0.0007990321610122919,41
226,roberta-base,glue,rte,2,10,5,1.0,8,1,250,False,0.0,,SGD,0.9,1.0,SGD,0.001,227,0.7184115523465704,2.0007571036528264,0.0025157349286462523,0.002390525536611676,0.003038240596652031,0.0006477151182480156,41
227,roberta-base,glue,rte,2,10,5,1.0,8,1,250,False,0.0,,SGD,0.9,1.0,SGD,0.001,228,0.6967509025270758,2.0900581181049347,0.005900302837498446,0.0030071893706917763,0.0038853853475302458,0.0008781958604231477,41
228,roberta-base,glue,rte,2,10,5,1.0,8,1,250,False,0.0,,SGD,0.9,1.0,SGD,0.001,229,0.6967509025270758,2.109479506952422,0.007247990495165052,0.005193003918975592,0.006536726839840412,0.0013437229208648205,41
229,roberta-base,glue,rte,2,10,5,1.0,8,1,250,False,0.0,,SGD,0.9,1.0,SGD,0.001,230,0.6931407942238267,2.1376867064407894,0.0006503573432382837,0.0002483628340996802,0.0003088012745138258,6.043845496606082e-05,32
230,roberta-base,glue,rte,2,10,5,1.0,8,1,250,False,0.0,,SGD,0.9,1.0,SGD,0.001,231,0.6967509025270758,2.116205069848469,0.0026570795539577726,0.002251705853268504,0.002818878972902894,0.000567173061426729,41
231,roberta-base,glue,rte,2,10,5,1.0,8,1,250,False,0.0,,SGD,0.9,1.0,SGD,0.001,232,0.7075812274368231,2.0754403488976614,0.006083209449739448,0.0029669874347746372,0.0036673210561275482,0.0007003337377682328,41
232,roberta-base,glue,rte,2,10,5,1.0,8,1,250,False,0.0,,SGD,0.9,1.0,SGD,0.001,233,0.7075812274368231,1.9552333953125136,0.0076790940057147,0.005539132747799158,0.00696028396487236,0.0014211512170732021,41
233,roberta-base,glue,rte,2,10,5,1.0,8,1,250,False,0.0,,SGD,0.9,1.0,SGD,0.001,234,0.6931407942238267,2.0296346936907086,0.008950617261734805,0.009943472221493721,0.01285844948142767,0.002914977027103305,32
234,roberta-base,glue,rte,2,10,5,1.0,8,1,250,False,0.0,,SGD,0.9,1.0,SGD,0.001,235,0.703971119133574,2.1860487597329277,0.005688234156741601,0.0050311461091041565,0.0063683995977044106,0.001337253488600254,32
235,roberta-base,glue,rte,2,10,5,1.0,8,1,250,False,0.0,,SGD,0.9,1.0,SGD,0.001,236,0.7003610108303249,2.2500409534999304,0.003744948132278784,0.0028316436801105738,0.0035420029889792204,0.0007103593088686466,41
236,roberta-base,glue,rte,2,10,5,1.0,8,1,250,False,0.0,,SGD,0.9,1.0,SGD,0.001,237,0.6823104693140795,2.1169232726097107,0.004967827532776183,0.0034485950600355864,0.004410914145410061,0.0009623190853744745,41
237,roberta-base,glue,rte,2,10,5,1.0,8,1,250,False,0.0,,SGD,0.9,1.0,SGD,0.001,238,0.6931407942238267,2.0247725503785268,0.0035454531212829954,0.002689919201657176,0.0033443842548877,0.0006544650532305241,41
238,roberta-base,glue,rte,2,10,5,1.0,8,1,250,False,0.0,,SGD,0.9,1.0,SGD,0.001,239,0.6895306859205776,2.0252113435949597,0.0038138404306487135,0.0031620741356164217,0.003975076600909233,0.0008130024070851505,41
239,roberta-base,glue,rte,2,10,5,1.0,8,1,250,False,0.0,,SGD,0.9,1.0,SGD,0.001,240,0.6967509025270758,2.0929138575281416,0.0033626305640365632,0.0024912524968385696,0.003211608622223139,0.0007203561835922301,41
240,roberta-base,glue,rte,2,10,5,1.0,8,1,250,False,0.0,,SGD,0.9,1.0,SGD,0.001,241,0.6895306859205776,2.2884853141648427,0.006507550762989922,0.003726906143128872,0.004813136998564005,0.0010862307390198112,32
241,roberta-base,glue,rte,2,10,5,1.0,8,1,250,False,0.0,,SGD,0.9,1.0,SGD,0.001,242,0.6895306859205776,2.3073632759707317,0.003708234575943363,0.0018113224068656564,0.0024943884927779436,0.0006830660859122872,41
242,roberta-base,glue,rte,2,10,5,1.0,8,1,250,False,0.0,,SGD,0.9,1.0,SGD,0.001,243,0.6931407942238267,2.181885288442884,0.006754101048828466,0.0036365047562867403,0.00469927815720439,0.0010627734009176493,41
243,roberta-base,glue,rte,2,10,5,1.0,8,1,250,False,0.0,,SGD,0.9,1.0,SGD,0.001,244,0.6967509025270758,2.117007693222591,0.001642803174178059,0.0008335855673067272,0.0010184143902733922,0.00018482882296666503,41
244,roberta-base,glue,rte,2,10,5,1.0,8,1,250,False,0.0,,SGD,0.9,1.0,SGD,0.001,245,0.6931407942238267,2.0954295430864605,0.009390975111703639,0.00619968306273222,0.0077582187950611115,0.0015585358487442136,41
245,roberta-base,glue,rte,2,10,5,1.0,8,1,250,False,0.0,,SGD,0.9,1.0,SGD,0.001,246,0.703971119133574,2.212684553010123,0.00765946003486988,0.004905785899609327,0.006735899485647678,0.0018301137024536729,32
246,roberta-base,glue,rte,2,10,5,1.0,8,1,250,False,0.0,,SGD,0.9,1.0,SGD,0.001,247,0.6931407942238267,2.2763207699571337,0.004463208064496541,0.0034072299022227526,0.0043187509290874004,0.0009115210268646479,41
247,roberta-base,glue,rte,2,10,5,1.0,8,1,250,False,0.0,,SGD,0.9,1.0,SGD,0.001,248,0.6931407942238267,2.3312988008771622,0.0023004019617318835,0.0024511776864528656,0.0030586146749556065,0.0006074369885027409,41
248,roberta-base,glue,rte,2,10,5,1.0,8,1,250,False,0.0,,SGD,0.9,1.0,SGD,0.001,249,0.7075812274368231,2.2434060301099503,0.004768577728890061,0.004538280423730612,0.005785193759948015,0.0012469134526327252,41
249,roberta-base,glue,rte,2,10,5,1.0,8,1,250,False,0.0,,SGD,0.9,1.0,SGD,0.001,250,0.6859205776173285,2.330957385471889,0.009059827780174601,0.010085131973028183,0.013130314648151398,0.0030451826751232147,32
