,checkpoint,ds_path,ds_name,num_labels,num_clients,clients_per_round,alpha,batch_size,local_epochs,total_rounds,fda,theta,extras,server_opt_name,server_opt_lr,client_opt_name,client_opt_lr,round,accuracy,testing_loss,training_loss,variance,avg_norm_sq_drifts,norm_sq_avg_drift,round_steps
0,roberta-base,glue,sst2,2,100,10,1.0,8,5,200,False,0.0,,SGD,1.0,SGD,0.001,1,0.4908256880733945,0.6951395377106623,0.4289492714395536,0.019246350973844528,0.025222525000572205,0.005976174026727676,440
1,roberta-base,glue,sst2,2,100,10,1.0,8,5,200,False,0.0,,SGD,1.0,SGD,0.001,2,0.643348623853211,0.5644546178502774,0.27483232290536924,0.05892850458621979,0.08609958738088608,0.02717108465731144,440
2,roberta-base,glue,sst2,2,100,10,1.0,8,5,200,False,0.0,,SGD,1.0,SGD,0.001,3,0.8967889908256881,0.27016305014354375,0.3104244861842811,0.12278559058904648,0.16417361795902252,0.041388027369976044,440
3,roberta-base,glue,sst2,2,100,10,1.0,8,5,200,False,0.0,,SGD,1.0,SGD,0.001,4,0.9105504587155964,0.23415336017966817,0.23547217109568672,0.1574564278125763,0.19144578278064728,0.033989351242780685,440
4,roberta-base,glue,sst2,2,100,10,1.0,8,5,200,False,0.0,,SGD,1.0,SGD,0.001,5,0.9094036697247706,0.24904335469622677,0.11900853756561199,0.10056061297655106,0.11554763466119766,0.014987023547291756,440
5,roberta-base,glue,sst2,2,100,10,1.0,8,5,200,False,0.0,,SGD,1.0,SGD,0.001,6,0.8325688073394495,0.511873932281902,0.12234722423234912,0.11890297383069992,0.13745617866516113,0.018553202971816063,440
6,roberta-base,glue,sst2,2,100,10,1.0,8,5,200,False,0.0,,SGD,1.0,SGD,0.001,7,0.9197247706422018,0.21867543757987132,0.20159305006969425,0.18891604244709015,0.21837539970874786,0.029459355399012566,440
7,roberta-base,glue,sst2,2,100,10,1.0,8,5,200,False,0.0,,SGD,1.0,SGD,0.001,8,0.9254587155963303,0.21882588331749953,0.21715527130042162,0.19133266806602478,0.21732917428016663,0.025996513664722443,440
8,roberta-base,glue,sst2,2,100,10,1.0,8,5,200,False,0.0,,SGD,1.0,SGD,0.001,9,0.9105504587155964,0.3035575254828832,0.19220649825348202,0.18639765679836273,0.2115548700094223,0.02515721693634987,440
9,roberta-base,glue,sst2,2,100,10,1.0,8,5,200,False,0.0,,SGD,1.0,SGD,0.001,10,0.9197247706422018,0.2615884692779819,0.13892862708965287,0.14950712025165558,0.1687978357076645,0.019290709868073463,440
10,roberta-base,glue,sst2,2,100,10,1.0,8,5,200,False,0.0,,SGD,1.0,SGD,0.001,11,0.911697247706422,0.299963266255522,0.13249942184892874,0.1565067172050476,0.17642877995967865,0.01992206461727619,440
11,roberta-base,glue,sst2,2,100,10,1.0,8,5,200,False,0.0,,SGD,1.0,SGD,0.001,12,0.926605504587156,0.22417591089476754,0.13655819702066682,0.1428484171628952,0.16275820136070251,0.01990978606045246,440
12,roberta-base,glue,sst2,2,100,10,1.0,8,5,200,False,0.0,,SGD,1.0,SGD,0.001,13,0.9128440366972477,0.28250549480622345,0.07637551527416112,0.09937794506549835,0.11197391897439957,0.012595975771546364,440
13,roberta-base,glue,sst2,2,100,10,1.0,8,5,200,False,0.0,,SGD,1.0,SGD,0.001,14,0.9197247706422018,0.2854575057056895,0.11503153371407693,0.14541462063789368,0.16275478899478912,0.017340168356895447,440
14,roberta-base,glue,sst2,2,100,10,1.0,8,5,200,False,0.0,,SGD,1.0,SGD,0.001,15,0.9357798165137615,0.2177323127878881,0.10371112834351318,0.13735589385032654,0.15412656962871552,0.016770683228969574,440
15,roberta-base,glue,sst2,2,100,10,1.0,8,5,200,False,0.0,,SGD,1.0,SGD,0.001,16,0.9071100917431193,0.3278625564181904,0.09785687712320149,0.11528018862009048,0.13009963929653168,0.014819453470408916,440
16,roberta-base,glue,sst2,2,100,10,1.0,8,5,200,False,0.0,,SGD,1.0,SGD,0.001,17,0.9311926605504587,0.22205896984567916,0.11926661512141105,0.15463614463806152,0.1740664839744568,0.01943034492433071,440
17,roberta-base,glue,sst2,2,100,10,1.0,8,5,200,False,0.0,,SGD,1.0,SGD,0.001,18,0.930045871559633,0.22799558537038161,0.10524685514793171,0.13097074627876282,0.14689163863658905,0.015920886769890785,440
18,roberta-base,glue,sst2,2,100,10,1.0,8,5,200,False,0.0,,SGD,1.0,SGD,0.001,19,0.9288990825688074,0.2095276650571085,0.12641782532885287,0.16883185505867004,0.19030603766441345,0.021474182605743408,440
19,roberta-base,glue,sst2,2,100,10,1.0,8,5,200,False,0.0,,SGD,1.0,SGD,0.001,20,0.9220183486238532,0.25685153412098627,0.08492439556917816,0.10224863886833191,0.11462754011154175,0.012378903105854988,440
20,roberta-base,glue,sst2,2,100,10,1.0,8,5,200,False,0.0,,SGD,1.0,SGD,0.001,21,0.9357798165137615,0.21966465374822258,0.09222955906948217,0.13061277568340302,0.14587390422821045,0.015261122956871986,440
21,roberta-base,glue,sst2,2,100,10,1.0,8,5,200,False,0.0,,SGD,1.0,SGD,0.001,22,0.9254587155963303,0.2600675873627134,0.10345294671020713,0.14454232156276703,0.16155342757701874,0.01701110601425171,440
22,roberta-base,glue,sst2,2,100,10,1.0,8,5,200,False,0.0,,SGD,1.0,SGD,0.001,23,0.9323394495412844,0.21213611203925087,0.10757092134341788,0.1758783608675003,0.1970030814409256,0.021124716848134995,440
23,roberta-base,glue,sst2,2,100,10,1.0,8,5,200,False,0.0,,SGD,1.0,SGD,0.001,24,0.9369266055045872,0.2305329239114461,0.07066717699246841,0.10000033676624298,0.11275086551904678,0.012750525958836079,440
24,roberta-base,glue,sst2,2,100,10,1.0,8,5,200,False,0.0,,SGD,1.0,SGD,0.001,25,0.9288990825688074,0.27108966596979955,0.07505117758605839,0.1145586371421814,0.12916170060634613,0.01460306253284216,440
25,roberta-base,glue,sst2,2,100,10,1.0,8,5,200,False,0.0,,SGD,1.0,SGD,0.001,26,0.9277522935779816,0.2537996412282639,0.10135252972712228,0.15888585150241852,0.1775408834218979,0.018655037507414818,440
26,roberta-base,glue,sst2,2,100,10,1.0,8,5,200,False,0.0,,SGD,1.0,SGD,0.001,27,0.9346330275229358,0.21196777416487148,0.11750669581013921,0.16388475894927979,0.18410848081111908,0.020223723724484444,440
27,roberta-base,glue,sst2,2,100,10,1.0,8,5,200,False,0.0,,SGD,1.0,SGD,0.001,28,0.908256880733945,0.3101656736556116,0.07270365640925858,0.11018773913383484,0.12347840517759323,0.013290665112435818,440
28,roberta-base,glue,sst2,2,100,10,1.0,8,5,200,False,0.0,,SGD,1.0,SGD,0.001,29,0.9346330275229358,0.22688151422328393,0.071021583176513,0.10332366079092026,0.11532147228717804,0.011997812427580357,440
29,roberta-base,glue,sst2,2,100,10,1.0,8,5,200,False,0.0,,SGD,1.0,SGD,0.001,30,0.9231651376146789,0.28563390414811535,0.09560210199759406,0.13729152083396912,0.15370438992977142,0.016412870958447456,440
30,roberta-base,glue,sst2,2,100,10,1.0,8,5,200,False,0.0,,SGD,1.0,SGD,0.001,31,0.9105504587155964,0.331104116089249,0.061779093030008045,0.08967265486717224,0.0996863842010498,0.010013731196522713,440
31,roberta-base,glue,sst2,2,100,10,1.0,8,5,200,False,0.0,,SGD,1.0,SGD,0.001,32,0.9277522935779816,0.2555300944752846,0.07839869510737614,0.11680423468351364,0.12996703386306763,0.013162799179553986,440
32,roberta-base,glue,sst2,2,100,10,1.0,8,5,200,False,0.0,,SGD,1.0,SGD,0.001,33,0.9323394495412844,0.24383398636891465,0.07706347223559781,0.13227447867393494,0.14785562455654144,0.015581142157316208,440
33,roberta-base,glue,sst2,2,100,10,1.0,8,5,200,False,0.0,,SGD,1.0,SGD,0.001,34,0.9277522935779816,0.2519825061141308,0.059773170662791184,0.09668990969657898,0.1074657216668129,0.010775812901556492,440
34,roberta-base,glue,sst2,2,100,10,1.0,8,5,200,False,0.0,,SGD,1.0,SGD,0.001,35,0.9323394495412844,0.2474058765486532,0.0871611940700148,0.12764905393123627,0.14216415584087372,0.014515100978314877,440
35,roberta-base,glue,sst2,2,100,10,1.0,8,5,200,False,0.0,,SGD,1.0,SGD,0.001,36,0.9369266055045872,0.23118247295443584,0.08185877486133408,0.12982508540153503,0.14504560828208923,0.015220526605844498,440
36,roberta-base,glue,sst2,2,100,10,1.0,8,5,200,False,0.0,,SGD,1.0,SGD,0.001,37,0.9369266055045872,0.23711665649257532,0.08111068722550539,0.1235101968050003,0.13823437690734863,0.014724181964993477,440
37,roberta-base,glue,sst2,2,100,10,1.0,8,5,200,False,0.0,,SGD,1.0,SGD,0.001,38,0.9323394495412844,0.25033786394013896,0.07033724983214183,0.10884662717580795,0.12198370695114136,0.01313708070665598,440
38,roberta-base,glue,sst2,2,100,10,1.0,8,5,200,False,0.0,,SGD,1.0,SGD,0.001,39,0.9461009174311926,0.20361321738765173,0.08308726991686192,0.13909052312374115,0.15596196055412292,0.016871433705091476,440
39,roberta-base,glue,sst2,2,100,10,1.0,8,5,200,False,0.0,,SGD,1.0,SGD,0.001,40,0.9357798165137615,0.2426277856468522,0.06500479143876543,0.10601069778203964,0.11835330724716187,0.012342612259089947,440
40,roberta-base,glue,sst2,2,100,10,1.0,8,5,200,False,0.0,,SGD,1.0,SGD,0.001,41,0.9346330275229358,0.22686071308017836,0.07891373778068968,0.1383160948753357,0.15534929931163788,0.017033210024237633,440
41,roberta-base,glue,sst2,2,100,10,1.0,8,5,200,False,0.0,,SGD,1.0,SGD,0.001,42,0.9426605504587156,0.21234197363389845,0.07528950598887273,0.12355803698301315,0.1379092037677765,0.01435116771608591,440
42,roberta-base,glue,sst2,2,100,10,1.0,8,5,200,False,0.0,,SGD,1.0,SGD,0.001,43,0.9392201834862385,0.23732185556949542,0.05055397795492106,0.09053284674882889,0.1007535383105278,0.01022068876773119,440
43,roberta-base,glue,sst2,2,100,10,1.0,8,5,200,False,0.0,,SGD,1.0,SGD,0.001,44,0.9403669724770642,0.21318149024171013,0.07258481623308563,0.13088737428188324,0.14582596719264984,0.014938589185476303,440
44,roberta-base,glue,sst2,2,100,10,1.0,8,5,200,False,0.0,,SGD,1.0,SGD,0.001,45,0.9311926605504587,0.255433757509609,0.03406364121902616,0.06411677598953247,0.07083109766244888,0.006714321207255125,440
45,roberta-base,glue,sst2,2,100,10,1.0,8,5,200,False,0.0,,SGD,1.0,SGD,0.001,46,0.9334862385321101,0.2252039053485891,0.08561025577891004,0.157143235206604,0.17662538588047028,0.01948215253651142,440
46,roberta-base,glue,sst2,2,100,10,1.0,8,5,200,False,0.0,,SGD,1.0,SGD,0.001,47,0.9243119266055045,0.27940368612639715,0.06348791164293455,0.12199955433607101,0.13690237700939178,0.014902820810675621,440
47,roberta-base,glue,sst2,2,100,10,1.0,8,5,200,False,0.0,,SGD,1.0,SGD,0.001,48,0.9415137614678899,0.22635221995179405,0.07033179407552698,0.1207381933927536,0.13545942306518555,0.01472123246639967,440
48,roberta-base,glue,sst2,2,100,10,1.0,8,5,200,False,0.0,,SGD,1.0,SGD,0.001,49,0.9346330275229358,0.22942530329781372,0.07642017909083239,0.12267378717660904,0.1367013305425644,0.014027543365955353,440
49,roberta-base,glue,sst2,2,100,10,1.0,8,5,200,False,0.0,,SGD,1.0,SGD,0.001,50,0.9071100917431193,0.37231661351461715,0.0524404335676412,0.0878404900431633,0.0983092337846756,0.010468742810189724,440
50,roberta-base,glue,sst2,2,100,10,1.0,8,5,200,False,0.0,,SGD,1.0,SGD,0.001,51,0.9346330275229358,0.2635757900216967,0.05925651806521439,0.10363709926605225,0.11545177549123764,0.01181467343121767,440
51,roberta-base,glue,sst2,2,100,10,1.0,8,5,200,False,0.0,,SGD,1.0,SGD,0.001,52,0.9277522935779816,0.30135565995929736,0.046044770108541834,0.09256239235401154,0.10318552702665329,0.01062313374131918,440
52,roberta-base,glue,sst2,2,100,10,1.0,8,5,200,False,0.0,,SGD,1.0,SGD,0.001,53,0.9369266055045872,0.24295905918425478,0.08082506900264311,0.13764405250549316,0.15437105298042297,0.01672700047492981,440
53,roberta-base,glue,sst2,2,100,10,1.0,8,5,200,False,0.0,,SGD,1.0,SGD,0.001,54,0.9369266055045872,0.2310315874993156,0.06980722942770543,0.1477411389350891,0.1650404930114746,0.01729934848845005,440
54,roberta-base,glue,sst2,2,100,10,1.0,8,5,200,False,0.0,,SGD,1.0,SGD,0.001,55,0.9323394495412844,0.25747741248465034,0.07458411642402511,0.14194855093955994,0.15992552042007446,0.017976975068449974,440
55,roberta-base,glue,sst2,2,100,10,1.0,8,5,200,False,0.0,,SGD,1.0,SGD,0.001,56,0.9392201834862385,0.21864940172462904,0.05166073845453535,0.08510159701108932,0.09501785039901733,0.009916250593960285,440
56,roberta-base,glue,sst2,2,100,10,1.0,8,5,200,False,0.0,,SGD,1.0,SGD,0.001,57,0.9403669724770642,0.2345644422265308,0.056707450946007806,0.100804902613163,0.11262976378202438,0.011824863031506538,440
57,roberta-base,glue,sst2,2,100,10,1.0,8,5,200,False,0.0,,SGD,1.0,SGD,0.001,58,0.9220183486238532,0.31274197027653267,0.04992038985172753,0.09362970292568207,0.1044694110751152,0.010839710012078285,440
58,roberta-base,glue,sst2,2,100,10,1.0,8,5,200,False,0.0,,SGD,1.0,SGD,0.001,59,0.9357798165137615,0.24088120043738062,0.046569142171402664,0.07885197550058365,0.08775676041841507,0.008904784917831421,440
59,roberta-base,glue,sst2,2,100,10,1.0,8,5,200,False,0.0,,SGD,1.0,SGD,0.001,60,0.9323394495412844,0.2698729866314594,0.060278240052013474,0.10625217109918594,0.11809118092060089,0.011839011684060097,440
60,roberta-base,glue,sst2,2,100,10,1.0,8,5,200,False,0.0,,SGD,1.0,SGD,0.001,61,0.9346330275229358,0.25234069442670204,0.05427762241179814,0.10904543101787567,0.12238285690546036,0.013337425887584686,440
61,roberta-base,glue,sst2,2,100,10,1.0,8,5,200,False,0.0,,SGD,1.0,SGD,0.001,62,0.9426605504587156,0.22778041196512827,0.05379520131005185,0.10237322747707367,0.11382623016834259,0.011453000828623772,440
62,roberta-base,glue,sst2,2,100,10,1.0,8,5,200,False,0.0,,SGD,1.0,SGD,0.001,63,0.9461009174311926,0.2263025629837194,0.054562488734005786,0.10823045670986176,0.12086191028356552,0.012631451711058617,440
63,roberta-base,glue,sst2,2,100,10,1.0,8,5,200,False,0.0,,SGD,1.0,SGD,0.001,64,0.9392201834862385,0.2549314989658701,0.05346783871749886,0.09520390629768372,0.10599400103092194,0.010790092870593071,440
64,roberta-base,glue,sst2,2,100,10,1.0,8,5,200,False,0.0,,SGD,1.0,SGD,0.001,65,0.9403669724770642,0.23923306208284925,0.0597719597432859,0.12878981232643127,0.14462825655937195,0.01583845168352127,440
65,roberta-base,glue,sst2,2,100,10,1.0,8,5,200,False,0.0,,SGD,1.0,SGD,0.001,66,0.9323394495412844,0.271810898019552,0.05357900585181513,0.09612537175416946,0.10829778760671616,0.012172413058578968,440
66,roberta-base,glue,sst2,2,100,10,1.0,8,5,200,False,0.0,,SGD,1.0,SGD,0.001,67,0.9426605504587156,0.21966217552368325,0.053789375016941365,0.10543159395456314,0.11802294105291367,0.012591344304382801,440
67,roberta-base,glue,sst2,2,100,10,1.0,8,5,200,False,0.0,,SGD,1.0,SGD,0.001,68,0.9426605504587156,0.24916999613750862,0.05597714127859118,0.11824852973222733,0.1315753310918808,0.013326804153621197,440
68,roberta-base,glue,sst2,2,100,10,1.0,8,5,200,False,0.0,,SGD,1.0,SGD,0.001,69,0.9380733944954128,0.2445691998885387,0.05411617767938217,0.10099370777606964,0.1131289005279541,0.012135193683207035,440
69,roberta-base,glue,sst2,2,100,10,1.0,8,5,200,False,0.0,,SGD,1.0,SGD,0.001,70,0.9392201834862385,0.24654154887077412,0.04827563033048633,0.08875333517789841,0.09911268204450607,0.010359346866607666,440
70,roberta-base,glue,sst2,2,100,10,1.0,8,5,200,False,0.0,,SGD,1.0,SGD,0.001,71,0.9334862385321101,0.26437336275804735,0.06544206369668906,0.15691907703876495,0.1759834736585617,0.0190644022077322,440
71,roberta-base,glue,sst2,2,100,10,1.0,8,5,200,False,0.0,,SGD,1.0,SGD,0.001,72,0.9426605504587156,0.23472108601655495,0.05185943947525877,0.10556702315807343,0.11788906157016754,0.012322034686803818,440
72,roberta-base,glue,sst2,2,100,10,1.0,8,5,200,False,0.0,,SGD,1.0,SGD,0.001,73,0.9392201834862385,0.24985170795570485,0.05192511977294667,0.11614211648702621,0.1295861154794693,0.013443997129797935,440
73,roberta-base,glue,sst2,2,100,10,1.0,8,5,200,False,0.0,,SGD,1.0,SGD,0.001,74,0.9369266055045872,0.25164077792919043,0.03853567607259471,0.09340770542621613,0.10391012579202652,0.01050241757184267,440
74,roberta-base,glue,sst2,2,100,10,1.0,8,5,200,False,0.0,,SGD,1.0,SGD,0.001,75,0.9231651376146789,0.31926040190345195,0.04649022490072226,0.09382752329111099,0.10457378625869751,0.010746264830231667,440
75,roberta-base,glue,sst2,2,100,10,1.0,8,5,200,False,0.0,,SGD,1.0,SGD,0.001,76,0.948394495412844,0.22423651895724522,0.054377069094394256,0.1184292808175087,0.13242673873901367,0.013997456058859825,440
76,roberta-base,glue,sst2,2,100,10,1.0,8,5,200,False,0.0,,SGD,1.0,SGD,0.001,77,0.9380733944954128,0.26304761547162175,0.04735020941728098,0.09984095394611359,0.11141859740018845,0.01157764345407486,440
77,roberta-base,glue,sst2,2,100,10,1.0,8,5,200,False,0.0,,SGD,1.0,SGD,0.001,78,0.944954128440367,0.22804450093412884,0.049327105332183485,0.1117950901389122,0.12482760101556778,0.013032511807978153,440
78,roberta-base,glue,sst2,2,100,10,1.0,8,5,200,False,0.0,,SGD,1.0,SGD,0.001,79,0.9461009174311926,0.22519478744906246,0.041696912298899734,0.08896438032388687,0.09892695397138596,0.009962576441466808,440
79,roberta-base,glue,sst2,2,100,10,1.0,8,5,200,False,0.0,,SGD,1.0,SGD,0.001,80,0.944954128440367,0.22378547516237055,0.04460546408079112,0.0915774405002594,0.10141471773386002,0.009837274439632893,440
80,roberta-base,glue,sst2,2,100,10,1.0,8,5,200,False,0.0,,SGD,1.0,SGD,0.001,81,0.9426605504587156,0.22520060920281498,0.052504918078677965,0.10627138614654541,0.11837124824523926,0.012099865823984146,440
81,roberta-base,glue,sst2,2,100,10,1.0,8,5,200,False,0.0,,SGD,1.0,SGD,0.001,82,0.9392201834862385,0.2487151724479424,0.04554324546415459,0.09971237182617188,0.11100196093320847,0.011289588175714016,440
82,roberta-base,glue,sst2,2,100,10,1.0,8,5,200,False,0.0,,SGD,1.0,SGD,0.001,83,0.9392201834862385,0.23677449027736405,0.04601250497665123,0.10349583625793457,0.11524198204278946,0.011746146716177464,440
83,roberta-base,glue,sst2,2,100,10,1.0,8,5,200,False,0.0,,SGD,1.0,SGD,0.001,84,0.930045871559633,0.25309896169880775,0.05598763698074353,0.1305575668811798,0.14595173299312592,0.015394160524010658,440
84,roberta-base,glue,sst2,2,100,10,1.0,8,5,200,False,0.0,,SGD,1.0,SGD,0.001,85,0.9380733944954128,0.2577508433146291,0.048645154634334845,0.10308673977851868,0.11498454958200455,0.011897807940840721,440
85,roberta-base,glue,sst2,2,100,10,1.0,8,5,200,False,0.0,,SGD,1.0,SGD,0.001,86,0.9323394495412844,0.27807207977337284,0.03839775271028967,0.08772199600934982,0.09769675135612488,0.00997475627809763,440
86,roberta-base,glue,sst2,2,100,10,1.0,8,5,200,False,0.0,,SGD,1.0,SGD,0.001,87,0.9403669724770642,0.2563526108835604,0.043983189498505285,0.10075942426919937,0.1122816950082779,0.011522270739078522,440
87,roberta-base,glue,sst2,2,100,10,1.0,8,5,200,False,0.0,,SGD,1.0,SGD,0.001,88,0.9334862385321101,0.28390211341534144,0.04236192154629944,0.09589289873838425,0.10651438683271408,0.010621490888297558,440
88,roberta-base,glue,sst2,2,100,10,1.0,8,5,200,False,0.0,,SGD,1.0,SGD,0.001,89,0.9438073394495413,0.23403423881719482,0.04641981907576172,0.10255792737007141,0.11430183798074722,0.011743906885385513,440
89,roberta-base,glue,sst2,2,100,10,1.0,8,5,200,False,0.0,,SGD,1.0,SGD,0.001,90,0.9472477064220184,0.23734707433923677,0.037973753037341254,0.09457369893789291,0.1049199253320694,0.010346224531531334,440
90,roberta-base,glue,sst2,2,100,10,1.0,8,5,200,False,0.0,,SGD,1.0,SGD,0.001,91,0.9438073394495413,0.2392029242105184,0.03831311307187207,0.08647213876247406,0.09579525887966156,0.009323116391897202,440
91,roberta-base,glue,sst2,2,100,10,1.0,8,5,200,False,0.0,,SGD,1.0,SGD,0.001,92,0.9438073394495413,0.25090894172632416,0.04366680842488098,0.1028425395488739,0.11490786075592041,0.012065324001014233,440
92,roberta-base,glue,sst2,2,100,10,1.0,8,5,200,False,0.0,,SGD,1.0,SGD,0.001,93,0.9506880733944955,0.2227667963754123,0.03738262174331381,0.08368663489818573,0.0932978168129921,0.00961118284612894,440
93,roberta-base,glue,sst2,2,100,10,1.0,8,5,200,False,0.0,,SGD,1.0,SGD,0.001,94,0.930045871559633,0.29880686658632155,0.040464087696894815,0.08431573212146759,0.09437438100576401,0.010058651678264141,440
94,roberta-base,glue,sst2,2,100,10,1.0,8,5,200,False,0.0,,SGD,1.0,SGD,0.001,95,0.9346330275229358,0.26593077217814526,0.048075828390031924,0.11166931688785553,0.12467560917139053,0.013006296008825302,440
95,roberta-base,glue,sst2,2,100,10,1.0,8,5,200,False,0.0,,SGD,1.0,SGD,0.001,96,0.9392201834862385,0.25838617983003415,0.034950258091759515,0.08661162108182907,0.09641680866479874,0.00980519037693739,440
96,roberta-base,glue,sst2,2,100,10,1.0,8,5,200,False,0.0,,SGD,1.0,SGD,0.001,97,0.944954128440367,0.24142049754854428,0.03959628080075907,0.09144466370344162,0.10160879045724869,0.010164123959839344,440
97,roberta-base,glue,sst2,2,100,10,1.0,8,5,200,False,0.0,,SGD,1.0,SGD,0.001,98,0.9415137614678899,0.23068308502082166,0.048189384908064306,0.08814936876296997,0.09805446118116379,0.009905090555548668,440
98,roberta-base,glue,sst2,2,100,10,1.0,8,5,200,False,0.0,,SGD,1.0,SGD,0.001,99,0.944954128440367,0.2328811888103726,0.04299165900556214,0.10353150963783264,0.1156463548541069,0.012114844284951687,440
99,roberta-base,glue,sst2,2,100,10,1.0,8,5,200,False,0.0,,SGD,1.0,SGD,0.001,100,0.944954128440367,0.24797536433036782,0.04470363853263817,0.0978127047419548,0.1088329553604126,0.011020251549780369,440
100,roberta-base,glue,sst2,2,100,10,1.0,8,5,200,False,0.0,,SGD,1.0,SGD,0.001,101,0.9208715596330275,0.34026567741505986,0.032577501737449145,0.07150749862194061,0.0797586664557457,0.008251167833805084,440
101,roberta-base,glue,sst2,2,100,10,1.0,8,5,200,False,0.0,,SGD,1.0,SGD,0.001,102,0.9380733944954128,0.25792917163846074,0.04551994091395582,0.10274691879749298,0.11584692448377609,0.013100008480250835,440
102,roberta-base,glue,sst2,2,100,10,1.0,8,5,200,False,0.0,,SGD,1.0,SGD,0.001,103,0.9323394495412844,0.2632683408689587,0.04464037009536696,0.10723303258419037,0.11949951946735382,0.012266483157873154,440
103,roberta-base,glue,sst2,2,100,10,1.0,8,5,200,False,0.0,,SGD,1.0,SGD,0.001,104,0.9392201834862385,0.24967447015520403,0.03637074554340043,0.08515210449695587,0.09502654522657394,0.009874437004327774,440
104,roberta-base,glue,sst2,2,100,10,1.0,8,5,200,False,0.0,,SGD,1.0,SGD,0.001,105,0.9380733944954128,0.2728480739515529,0.044950424103305776,0.10144338011741638,0.11342360079288483,0.011980216950178146,440
105,roberta-base,glue,sst2,2,100,10,1.0,8,5,200,False,0.0,,SGD,1.0,SGD,0.001,106,0.9380733944954128,0.27730867643042256,0.04274511192780086,0.09797809273004532,0.10927186161279678,0.011293768882751465,440
106,roberta-base,glue,sst2,2,100,10,1.0,8,5,200,False,0.0,,SGD,1.0,SGD,0.001,107,0.9426605504587156,0.2355496020112646,0.03435234166942212,0.07580247521400452,0.0845162495970726,0.008713778108358383,440
107,roberta-base,glue,sst2,2,100,10,1.0,8,5,200,False,0.0,,SGD,1.0,SGD,0.001,108,0.9392201834862385,0.2731805212814158,0.04483889351052726,0.109242744743824,0.12219332903623581,0.012950585223734379,440
108,roberta-base,glue,sst2,2,100,10,1.0,8,5,200,False,0.0,,SGD,1.0,SGD,0.001,109,0.9323394495412844,0.2978062190003576,0.034882583013581596,0.09047253429889679,0.10080309957265854,0.01033056154847145,440
109,roberta-base,glue,sst2,2,100,10,1.0,8,5,200,False,0.0,,SGD,1.0,SGD,0.001,110,0.9380733944954128,0.24699024030716593,0.03335553888065409,0.07769665867090225,0.08661232888698578,0.00891567301005125,440
110,roberta-base,glue,sst2,2,100,10,1.0,8,5,200,False,0.0,,SGD,1.0,SGD,0.001,111,0.9357798165137615,0.2980891223696494,0.03622212883473449,0.09013185650110245,0.10103346407413483,0.010901608504354954,440
111,roberta-base,glue,sst2,2,100,10,1.0,8,5,200,False,0.0,,SGD,1.0,SGD,0.001,112,0.9392201834862385,0.24288510230002464,0.030305966956372932,0.07973888516426086,0.08923623710870743,0.009497355669736862,440
112,roberta-base,glue,sst2,2,100,10,1.0,8,5,200,False,0.0,,SGD,1.0,SGD,0.001,113,0.9380733944954128,0.2616492696754595,0.03768871846643709,0.08990555256605148,0.10042085498571396,0.010515301488339901,440
113,roberta-base,glue,sst2,2,100,10,1.0,8,5,200,False,0.0,,SGD,1.0,SGD,0.001,114,0.9461009174311926,0.24242756220003708,0.03715657925180825,0.1072804257273674,0.11967162042856216,0.012391192838549614,440
114,roberta-base,glue,sst2,2,100,10,1.0,8,5,200,False,0.0,,SGD,1.0,SGD,0.001,115,0.944954128440367,0.24125665671694352,0.04087281282317318,0.0924220010638237,0.10289217531681061,0.010470172390341759,440
115,roberta-base,glue,sst2,2,100,10,1.0,8,5,200,False,0.0,,SGD,1.0,SGD,0.001,116,0.9426605504587156,0.25515293796256255,0.03708927230792638,0.09528470039367676,0.10589059442281723,0.010605897754430771,440
116,roberta-base,glue,sst2,2,100,10,1.0,8,5,200,False,0.0,,SGD,1.0,SGD,0.001,117,0.9461009174311926,0.2594826483775017,0.032542953655869164,0.08313828706741333,0.09241802990436554,0.00927974283695221,440
117,roberta-base,glue,sst2,2,100,10,1.0,8,5,200,False,0.0,,SGD,1.0,SGD,0.001,118,0.9403669724770642,0.2728547612673746,0.036757360295308565,0.08655571937561035,0.096535824239254,0.009980108588933945,440
118,roberta-base,glue,sst2,2,100,10,1.0,8,5,200,False,0.0,,SGD,1.0,SGD,0.001,119,0.9231651376146789,0.32287204022457344,0.03842239785445434,0.09618426859378815,0.10691829025745392,0.010734020732343197,440
119,roberta-base,glue,sst2,2,100,10,1.0,8,5,200,False,0.0,,SGD,1.0,SGD,0.001,120,0.9415137614678899,0.2529125761433233,0.037651288472913866,0.08717663586139679,0.09709294885396957,0.009916315786540508,440
120,roberta-base,glue,sst2,2,100,10,1.0,8,5,200,False,0.0,,SGD,1.0,SGD,0.001,121,0.9392201834862385,0.27154042155204455,0.041061558968902484,0.10314613580703735,0.11520099639892578,0.012054859660565853,440
121,roberta-base,glue,sst2,2,100,10,1.0,8,5,200,False,0.0,,SGD,1.0,SGD,0.001,122,0.9461009174311926,0.2572241796236944,0.035643753687649715,0.09763584285974503,0.1084522008895874,0.010816355235874653,440
122,roberta-base,glue,sst2,2,100,10,1.0,8,5,200,False,0.0,,SGD,1.0,SGD,0.001,123,0.9403669724770642,0.26116280600973546,0.037882549291132155,0.11816664040088654,0.13054218888282776,0.012375552207231522,440
123,roberta-base,glue,sst2,2,100,10,1.0,8,5,200,False,0.0,,SGD,1.0,SGD,0.001,124,0.9151376146788991,0.35066965310230913,0.030614193913589504,0.08495523780584335,0.09522945433855057,0.010274214670062065,440
124,roberta-base,glue,sst2,2,100,10,1.0,8,5,200,False,0.0,,SGD,1.0,SGD,0.001,125,0.9346330275229358,0.2887855626205746,0.03446813151378509,0.08705826103687286,0.09661223739385605,0.009553978219628334,440
125,roberta-base,glue,sst2,2,100,10,1.0,8,5,200,False,0.0,,SGD,1.0,SGD,0.001,126,0.9380733944954128,0.26937636176364255,0.03735586459493375,0.09425057470798492,0.1057625338435173,0.01151195727288723,440
126,roberta-base,glue,sst2,2,100,10,1.0,8,5,200,False,0.0,,SGD,1.0,SGD,0.001,127,0.9380733944954128,0.2835937723651055,0.023400108025970524,0.0702582448720932,0.0780392438173294,0.0077810026705265045,440
127,roberta-base,glue,sst2,2,100,10,1.0,8,5,200,False,0.0,,SGD,1.0,SGD,0.001,128,0.9426605504587156,0.25704707665803606,0.029624124680690745,0.07061895728111267,0.07811341434717178,0.007494459394365549,440
128,roberta-base,glue,sst2,2,100,10,1.0,8,5,200,False,0.0,,SGD,1.0,SGD,0.001,129,0.9403669724770642,0.25309240021613383,0.03647295019072027,0.08241230994462967,0.09183298796415329,0.009420675225555897,440
129,roberta-base,glue,sst2,2,100,10,1.0,8,5,200,False,0.0,,SGD,1.0,SGD,0.001,130,0.9392201834862385,0.24462865853695243,0.037304959372704616,0.08929634094238281,0.09961780905723572,0.010321466252207756,440
130,roberta-base,glue,sst2,2,100,10,1.0,8,5,200,False,0.0,,SGD,1.0,SGD,0.001,131,0.9415137614678899,0.26936554588543554,0.0326859648309528,0.08749636262655258,0.09735800325870514,0.009861642494797707,440
131,roberta-base,glue,sst2,2,100,10,1.0,8,5,200,False,0.0,,SGD,1.0,SGD,0.001,132,0.9426605504587156,0.2749325388159636,0.029518903729331213,0.09419392794370651,0.10438843071460724,0.01019450556486845,440
132,roberta-base,glue,sst2,2,100,10,1.0,8,5,200,False,0.0,,SGD,1.0,SGD,0.001,133,0.9438073394495413,0.24501597767945704,0.03385260951651286,0.08976908028125763,0.09975817054510117,0.009989093989133835,440
133,roberta-base,glue,sst2,2,100,10,1.0,8,5,200,False,0.0,,SGD,1.0,SGD,0.001,134,0.9369266055045872,0.25791977996200455,0.032984640043468974,0.07971026748418808,0.08896534889936447,0.009255084209144115,440
134,roberta-base,glue,sst2,2,100,10,1.0,8,5,200,False,0.0,,SGD,1.0,SGD,0.001,135,0.9277522935779816,0.3106966058925486,0.031894406274413166,0.08751820772886276,0.09816590696573257,0.010647696442902088,440
135,roberta-base,glue,sst2,2,100,10,1.0,8,5,200,False,0.0,,SGD,1.0,SGD,0.001,136,0.9426605504587156,0.25030509610771184,0.03576191355513815,0.08405666053295135,0.09375589340925217,0.009699234738945961,440
136,roberta-base,glue,sst2,2,100,10,1.0,8,5,200,False,0.0,,SGD,1.0,SGD,0.001,137,0.9357798165137615,0.2522280239652967,0.03304932590405522,0.08865097910165787,0.09894062578678131,0.010289644822478294,440
137,roberta-base,glue,sst2,2,100,10,1.0,8,5,200,False,0.0,,SGD,1.0,SGD,0.001,138,0.9438073394495413,0.266270124717333,0.033655650760651544,0.09065526723861694,0.1012570783495903,0.010601813904941082,440
138,roberta-base,glue,sst2,2,100,10,1.0,8,5,200,False,0.0,,SGD,1.0,SGD,0.001,139,0.9415137614678899,0.2589056724988174,0.03818591469224471,0.12011654675006866,0.13411439955234528,0.01399785466492176,440
139,roberta-base,glue,sst2,2,100,10,1.0,8,5,200,False,0.0,,SGD,1.0,SGD,0.001,140,0.9346330275229358,0.28659689843394565,0.03006607609647951,0.09332583099603653,0.10358426719903946,0.010258433409035206,440
140,roberta-base,glue,sst2,2,100,10,1.0,8,5,200,False,0.0,,SGD,1.0,SGD,0.001,141,0.9392201834862385,0.2922091862609196,0.037912667136614064,0.10383285582065582,0.11598896235227585,0.012156106531620026,440
141,roberta-base,glue,sst2,2,100,10,1.0,8,5,200,False,0.0,,SGD,1.0,SGD,0.001,142,0.944954128440367,0.25757377817233545,0.027573030347832834,0.0732124000787735,0.08173703402280807,0.008524637669324875,440
142,roberta-base,glue,sst2,2,100,10,1.0,8,5,200,False,0.0,,SGD,1.0,SGD,0.001,143,0.9438073394495413,0.2582476509945524,0.028329293520310706,0.08282093703746796,0.09194766730070114,0.009126728400588036,440
143,roberta-base,glue,sst2,2,100,10,1.0,8,5,200,False,0.0,,SGD,1.0,SGD,0.001,144,0.9415137614678899,0.2825355102028938,0.036113678594460505,0.10322738438844681,0.11554477363824844,0.012317389249801636,440
144,roberta-base,glue,sst2,2,100,10,1.0,8,5,200,False,0.0,,SGD,1.0,SGD,0.001,145,0.9495412844036697,0.23789760533490895,0.02738563735122873,0.07793354243040085,0.08705814927816391,0.009124606847763062,440
145,roberta-base,glue,sst2,2,100,10,1.0,8,5,200,False,0.0,,SGD,1.0,SGD,0.001,146,0.9461009174311926,0.23894627767604606,0.02991123395768889,0.08170555531978607,0.0908922329545021,0.00918667670339346,440
146,roberta-base,glue,sst2,2,100,10,1.0,8,5,200,False,0.0,,SGD,1.0,SGD,0.001,147,0.9346330275229358,0.2854080750985304,0.026652557406097743,0.07913794368505478,0.08858495950698853,0.009447017684578896,440
147,roberta-base,glue,sst2,2,100,10,1.0,8,5,200,False,0.0,,SGD,1.0,SGD,0.001,148,0.948394495412844,0.24418229394760024,0.02912654980856793,0.0775638222694397,0.08693421632051468,0.009370394051074982,440
148,roberta-base,glue,sst2,2,100,10,1.0,8,5,200,False,0.0,,SGD,1.0,SGD,0.001,149,0.9392201834862385,0.27366256076099466,0.0311431093175832,0.08497009426355362,0.09416970610618591,0.00919960904866457,440
149,roberta-base,glue,sst2,2,100,10,1.0,8,5,200,False,0.0,,SGD,1.0,SGD,0.001,150,0.9311926605504587,0.30528076241044394,0.03275056325962562,0.09541057050228119,0.10797189921140671,0.01256132684648037,440
150,roberta-base,glue,sst2,2,100,10,1.0,8,5,200,False,0.0,,SGD,1.0,SGD,0.001,151,0.9415137614678899,0.2511586760201263,0.03393216395332026,0.08971831202507019,0.1002148762345314,0.010496566072106361,440
151,roberta-base,glue,sst2,2,100,10,1.0,8,5,200,False,0.0,,SGD,1.0,SGD,0.001,152,0.9231651376146789,0.3465438033048936,0.03167234438745502,0.0960848480463028,0.10771506279706955,0.011630211025476456,440
152,roberta-base,glue,sst2,2,100,10,1.0,8,5,200,False,0.0,,SGD,1.0,SGD,0.001,153,0.9311926605504587,0.27918767474530054,0.019691194446918005,0.06624456495046616,0.07340880483388901,0.007164240814745426,440
153,roberta-base,glue,sst2,2,100,10,1.0,8,5,200,False,0.0,,SGD,1.0,SGD,0.001,154,0.948394495412844,0.24144545347999072,0.028257321064779305,0.09086428582668304,0.10129445046186447,0.010430161841213703,440
154,roberta-base,glue,sst2,2,100,10,1.0,8,5,200,False,0.0,,SGD,1.0,SGD,0.001,155,0.9461009174311926,0.2427836226456539,0.028004512280680172,0.07075681537389755,0.0784226581454277,0.007665845565497875,440
155,roberta-base,glue,sst2,2,100,10,1.0,8,5,200,False,0.0,,SGD,1.0,SGD,0.001,156,0.9426605504587156,0.25990807593162246,0.02683820453887578,0.08072447031736374,0.09009529650211334,0.009370827116072178,440
156,roberta-base,glue,sst2,2,100,10,1.0,8,5,200,False,0.0,,SGD,1.0,SGD,0.001,157,0.9369266055045872,0.2540404420343886,0.032036882514153556,0.09365103393793106,0.10423610359430313,0.010585067793726921,440
157,roberta-base,glue,sst2,2,100,10,1.0,8,5,200,False,0.0,,SGD,1.0,SGD,0.001,158,0.9426605504587156,0.25158952507817206,0.028612870904321012,0.08100158721208572,0.09038978070020676,0.009388192556798458,440
158,roberta-base,glue,sst2,2,100,10,1.0,8,5,200,False,0.0,,SGD,1.0,SGD,0.001,159,0.9438073394495413,0.2564693738786112,0.02977041139806219,0.08608585596084595,0.09580659121274948,0.009720738977193832,440
159,roberta-base,glue,sst2,2,100,10,1.0,8,5,200,False,0.0,,SGD,1.0,SGD,0.001,160,0.9403669724770642,0.2793603060707512,0.032110493460352454,0.0944574773311615,0.10530151426792145,0.010844037868082523,440
160,roberta-base,glue,sst2,2,100,10,1.0,8,5,200,False,0.0,,SGD,1.0,SGD,0.001,161,0.9392201834862385,0.26252619980215236,0.03134098295027467,0.10551227629184723,0.11808972805738449,0.012577453628182411,440
161,roberta-base,glue,sst2,2,100,10,1.0,8,5,200,False,0.0,,SGD,1.0,SGD,0.001,162,0.9392201834862385,0.25824525088956685,0.03212867259951881,0.10680889338254929,0.11924860626459122,0.012439710088074207,440
162,roberta-base,glue,sst2,2,100,10,1.0,8,5,200,False,0.0,,SGD,1.0,SGD,0.001,163,0.9392201834862385,0.2619445197432878,0.0276524650785392,0.07621442526578903,0.0849374383687973,0.00872301310300827,440
163,roberta-base,glue,sst2,2,100,10,1.0,8,5,200,False,0.0,,SGD,1.0,SGD,0.001,164,0.9277522935779816,0.3268035619921898,0.027248100692629375,0.08072603493928909,0.0910002738237381,0.010274237021803856,440
164,roberta-base,glue,sst2,2,100,10,1.0,8,5,200,False,0.0,,SGD,1.0,SGD,0.001,165,0.9380733944954128,0.2558143503761422,0.02728976301599026,0.0757683515548706,0.08555416017770767,0.009785810485482216,440
165,roberta-base,glue,sst2,2,100,10,1.0,8,5,200,False,0.0,,SGD,1.0,SGD,0.001,166,0.926605504587156,0.3164214256171905,0.02329215289067385,0.07924521714448929,0.08875984698534012,0.00951462797820568,440
166,roberta-base,glue,sst2,2,100,10,1.0,8,5,200,False,0.0,,SGD,1.0,SGD,0.001,167,0.944954128440367,0.2525469382980933,0.022281607724730333,0.0686858743429184,0.07704923301935196,0.008363356813788414,440
167,roberta-base,glue,sst2,2,100,10,1.0,8,5,200,False,0.0,,SGD,1.0,SGD,0.001,168,0.9472477064220184,0.24230250056059774,0.02206867072278576,0.06613562256097794,0.07320059090852737,0.007064970675855875,440
168,roberta-base,glue,sst2,2,100,10,1.0,8,5,200,False,0.0,,SGD,1.0,SGD,0.001,169,0.9323394495412844,0.31378978499146754,0.029750434688978866,0.07846400141716003,0.08767841756343842,0.009214412420988083,440
169,roberta-base,glue,sst2,2,100,10,1.0,8,5,200,False,0.0,,SGD,1.0,SGD,0.001,170,0.944954128440367,0.24805064217628428,0.03202879893057632,0.08491670340299606,0.0952906385064125,0.010373937897384167,440
170,roberta-base,glue,sst2,2,100,10,1.0,8,5,200,False,0.0,,SGD,1.0,SGD,0.001,171,0.9392201834862385,0.26625939551533956,0.031028333061252522,0.09075184166431427,0.10104761272668839,0.010295767337083817,440
171,roberta-base,glue,sst2,2,100,10,1.0,8,5,200,False,0.0,,SGD,1.0,SGD,0.001,172,0.9380733944954128,0.25529843117442186,0.02751239703662494,0.08907941728830338,0.09945293515920639,0.010373519733548164,440
172,roberta-base,glue,sst2,2,100,10,1.0,8,5,200,False,0.0,,SGD,1.0,SGD,0.001,173,0.9197247706422018,0.3512047942394846,0.022232892240427564,0.0766044333577156,0.08690479397773743,0.010300357826054096,440
173,roberta-base,glue,sst2,2,100,10,1.0,8,5,200,False,0.0,,SGD,1.0,SGD,0.001,174,0.9380733944954128,0.2878721069184494,0.02749957291305443,0.08553619682788849,0.09796634316444397,0.012430147267878056,440
174,roberta-base,glue,sst2,2,100,10,1.0,8,5,200,False,0.0,,SGD,1.0,SGD,0.001,175,0.9426605504587156,0.2586640517548495,0.029384697860196783,0.08511260896921158,0.09498810023069382,0.009875492192804813,440
175,roberta-base,glue,sst2,2,100,10,1.0,8,5,200,False,0.0,,SGD,1.0,SGD,0.001,176,0.9334862385321101,0.31472655702176733,0.027174372115728974,0.08890992403030396,0.09895443916320801,0.010044513270258904,440
176,roberta-base,glue,sst2,2,100,10,1.0,8,5,200,False,0.0,,SGD,1.0,SGD,0.001,177,0.9426605504587156,0.2459275228621672,0.021661916877446445,0.06365221738815308,0.07071205973625183,0.007059839554131031,440
177,roberta-base,glue,sst2,2,100,10,1.0,8,5,200,False,0.0,,SGD,1.0,SGD,0.001,178,0.9415137614678899,0.24935885668313557,0.02751533886823753,0.07801681756973267,0.08704626560211182,0.00902944803237915,440
178,roberta-base,glue,sst2,2,100,10,1.0,8,5,200,False,0.0,,SGD,1.0,SGD,0.001,179,0.930045871559633,0.3123323776760676,0.014415129113000478,0.04518887400627136,0.04999719187617302,0.004808316007256508,440
179,roberta-base,glue,sst2,2,100,10,1.0,8,5,200,False,0.0,,SGD,1.0,SGD,0.001,180,0.9369266055045872,0.27881908370916186,0.029143149944168067,0.07294745743274689,0.08170455694198608,0.008757096715271473,440
180,roberta-base,glue,sst2,2,100,10,1.0,8,5,200,False,0.0,,SGD,1.0,SGD,0.001,181,0.9461009174311926,0.2609971946567885,0.02118243795820035,0.07205215096473694,0.080500029027462,0.008447878062725067,440
181,roberta-base,glue,sst2,2,100,10,1.0,8,5,200,False,0.0,,SGD,1.0,SGD,0.001,182,0.9415137614678899,0.27280476914582974,0.028598470517763413,0.0966615155339241,0.10762765258550644,0.010966137051582336,440
182,roberta-base,glue,sst2,2,100,10,1.0,8,5,200,False,0.0,,SGD,1.0,SGD,0.001,183,0.948394495412844,0.25492262118295744,0.021851194121078894,0.07025286555290222,0.07847917079925537,0.008226307108998299,440
183,roberta-base,glue,sst2,2,100,10,1.0,8,5,200,False,0.0,,SGD,1.0,SGD,0.001,184,0.9438073394495413,0.2593321784790883,0.02719896225554211,0.08846675604581833,0.09811999648809433,0.009653238579630852,440
184,roberta-base,glue,sst2,2,100,10,1.0,8,5,200,False,0.0,,SGD,1.0,SGD,0.001,185,0.9369266055045872,0.2912567853856188,0.02341451194456154,0.08286654204130173,0.09250336140394211,0.009636818431317806,440
185,roberta-base,glue,sst2,2,100,10,1.0,8,5,200,False,0.0,,SGD,1.0,SGD,0.001,186,0.9461009174311926,0.2623627397358319,0.03138404482371202,0.0935072973370552,0.10423146933317184,0.010724170133471489,440
186,roberta-base,glue,sst2,2,100,10,1.0,8,5,200,False,0.0,,SGD,1.0,SGD,0.001,187,0.930045871559633,0.3206261468625632,0.02884554492902556,0.08294469118118286,0.09252077341079712,0.009576083160936832,440
187,roberta-base,glue,sst2,2,100,10,1.0,8,5,200,False,0.0,,SGD,1.0,SGD,0.001,188,0.9094036697247706,0.4316651625754317,0.017522241391582365,0.05737520381808281,0.06363855302333832,0.006263348273932934,440
188,roberta-base,glue,sst2,2,100,10,1.0,8,5,200,False,0.0,,SGD,1.0,SGD,0.001,189,0.944954128440367,0.26585172742739116,0.030962169410634656,0.0920879989862442,0.10473369807004929,0.012645695358514786,440
189,roberta-base,glue,sst2,2,100,10,1.0,8,5,200,False,0.0,,SGD,1.0,SGD,0.001,190,0.9438073394495413,0.26241102500860325,0.020751478544083178,0.059520430862903595,0.06628242135047913,0.00676199235022068,440
190,roberta-base,glue,sst2,2,100,10,1.0,8,5,200,False,0.0,,SGD,1.0,SGD,0.001,191,0.944954128440367,0.26226305578182607,0.026383995693919464,0.08208586275577545,0.0910739079117775,0.008988048881292343,440
191,roberta-base,glue,sst2,2,100,10,1.0,8,5,200,False,0.0,,SGD,1.0,SGD,0.001,192,0.9288990825688074,0.33666235850945037,0.020619250189030356,0.06792251765727997,0.07622679322957993,0.008304273709654808,440
192,roberta-base,glue,sst2,2,100,10,1.0,8,5,200,False,0.0,,SGD,1.0,SGD,0.001,193,0.9346330275229358,0.30762354070832043,0.02098463498326344,0.06720032542943954,0.07457893341779709,0.00737860519438982,440
193,roberta-base,glue,sst2,2,100,10,1.0,8,5,200,False,0.0,,SGD,1.0,SGD,0.001,194,0.9392201834862385,0.2713306277800499,0.02807488684889863,0.08404245972633362,0.09469296783208847,0.010650508105754852,440
194,roberta-base,glue,sst2,2,100,10,1.0,8,5,200,False,0.0,,SGD,1.0,SGD,0.001,195,0.9426605504587156,0.3023601879677874,0.0288647539737787,0.09180095791816711,0.10341339558362961,0.011612441390752792,440
195,roberta-base,glue,sst2,2,100,10,1.0,8,5,200,False,0.0,,SGD,1.0,SGD,0.001,196,0.9346330275229358,0.31668316830183113,0.03051213204106799,0.0969884991645813,0.11033815145492554,0.013349652290344238,440
196,roberta-base,glue,sst2,2,100,10,1.0,8,5,200,False,0.0,,SGD,1.0,SGD,0.001,197,0.9403669724770642,0.2821442026267396,0.014798587153082654,0.04948529601097107,0.05630023032426834,0.0068149324506521225,440
197,roberta-base,glue,sst2,2,100,10,1.0,8,5,200,False,0.0,,SGD,1.0,SGD,0.001,198,0.9220183486238532,0.37987421537386873,0.018268974794400494,0.05929242819547653,0.06606337428092957,0.006770947482436895,440
198,roberta-base,glue,sst2,2,100,10,1.0,8,5,200,False,0.0,,SGD,1.0,SGD,0.001,199,0.9415137614678899,0.2562823887475058,0.022682237143347016,0.07221785187721252,0.08106980472803116,0.008851950988173485,440
199,roberta-base,glue,sst2,2,100,10,1.0,8,5,200,False,0.0,,SGD,1.0,SGD,0.001,200,0.9369266055045872,0.2798365966943301,0.028607494274302463,0.09380394965410233,0.10528282076120377,0.011478868313133717,440
