,checkpoint,ds_path,ds_name,num_labels,num_clients,clients_per_round,alpha,batch_size,local_epochs,total_rounds,fda,theta,extras,server_opt_name,server_opt_momentum,server_opt_lr,client_opt_name,client_opt_lr,round,accuracy,testing_loss,training_loss,variance,avg_norm_sq_drifts,norm_sq_avg_drift,round_steps,max_epochs
0,roberta-base,glue,rte,2,10,5,1.0,8,1,250,False,0.0,,SGD,0.9,0.01,SGD,1e-05,1,0.5270758122743683,0.6936803885868618,0.7196497326943933,1.2555697139760014e-06,1.92749894267763e-06,6.719292855450476e-07,41,-1
1,roberta-base,glue,rte,2,10,5,1.0,8,1,250,False,0.0,,SGD,0.9,0.01,SGD,1e-05,2,0.5270758122743683,0.693678070817675,0.6740855801850557,5.4937562055101814e-08,1.0640703607123215e-07,5.1469474016130334e-08,32,-1
2,roberta-base,glue,rte,2,10,5,1.0,8,1,250,False,0.0,,SGD,0.9,0.01,SGD,1e-05,3,0.5270758122743683,0.6936744298253741,0.6990086953814437,1.1826580248452956e-06,1.3107855920679867e-06,1.2812756722269114e-07,41,-1
3,roberta-base,glue,rte,2,10,5,1.0,8,1,250,False,0.0,,SGD,0.9,0.01,SGD,1e-05,4,0.5270758122743683,0.6936706849506923,0.6882140229387981,6.639073149017349e-07,6.778838610443927e-07,1.3976555912620371e-08,41,-1
4,roberta-base,glue,rte,2,10,5,1.0,8,1,250,False,0.0,,SGD,0.9,0.01,SGD,1e-05,5,0.5270758122743683,0.6936640296663557,0.7159949032271781,1.4530028238368686e-06,2.00997487809218e-06,5.569720542553114e-07,41,-1
5,roberta-base,glue,rte,2,10,5,1.0,8,1,250,False,0.0,,SGD,0.9,0.01,SGD,1e-05,6,0.5270758122743683,0.6936590007373264,0.6735269255936146,6.848848954632558e-08,1.1975809854902766e-07,5.1269605449988376e-08,32,-1
6,roberta-base,glue,rte,2,10,5,1.0,8,1,250,False,0.0,,SGD,0.9,0.01,SGD,1e-05,7,0.5270758122743683,0.6936527865273612,0.6999414304407632,1.1382155662431614e-06,1.2931216133438284e-06,1.549060471006669e-07,41,-1
7,roberta-base,glue,rte,2,10,5,1.0,8,1,250,False,0.0,,SGD,0.9,0.01,SGD,1e-05,8,0.5270758122743683,0.6936464241572788,0.6925561096610092,7.296703756765055e-07,7.637616477040865e-07,3.4091257816726284e-08,41,-1
8,roberta-base,glue,rte,2,10,5,1.0,8,1,250,False,0.0,,SGD,0.9,0.01,SGD,1e-05,9,0.5270758122743683,0.6936394112450736,0.6939821853870299,1.4960490943849436e-06,1.5900541256996803e-06,9.400504552559141e-08,41,-1
9,roberta-base,glue,rte,2,10,5,1.0,8,1,250,False,0.0,,SGD,0.9,0.01,SGD,1e-05,10,0.5270758122743683,0.693631819316319,0.6958999657049412,5.722016567233368e-07,6.586715812773036e-07,8.646989613225743e-08,41,-1
10,roberta-base,glue,rte,2,10,5,1.0,8,1,250,False,0.0,,SGD,0.9,0.01,SGD,1e-05,11,0.5270758122743683,0.6936233861105783,0.6995541165514689,1.2853058706241427e-06,1.4307578339867175e-06,1.4545194915172033e-07,41,-1
11,roberta-base,glue,rte,2,10,5,1.0,8,1,250,False,0.0,,SGD,0.9,0.01,SGD,1e-05,12,0.5270758122743683,0.6936153650283814,0.688324517447774,7.093323119988781e-07,7.234295367197774e-07,1.4097200740081917e-08,41,-1
12,roberta-base,glue,rte,2,10,5,1.0,8,1,250,False,0.0,,SGD,0.9,0.01,SGD,1e-05,13,0.5270758122743683,0.6936089141028268,0.6731117852032185,3.4989277253316686e-08,6.871207602898721e-08,3.3722798775670526e-08,32,-1
13,roberta-base,glue,rte,2,10,5,1.0,8,1,250,False,0.0,,SGD,0.9,0.01,SGD,1e-05,14,0.5270758122743683,0.6936000909124101,0.7133615223372856,1.4292284049588488e-06,1.9225299183744937e-06,4.933015134156449e-07,41,-1
14,roberta-base,glue,rte,2,10,5,1.0,8,1,250,False,0.0,,SGD,0.9,0.01,SGD,1e-05,15,0.5270758122743683,0.6935930865151542,0.6724369369447232,2.0944391110333527e-08,6.987950484926841e-08,4.8935113738934894e-08,32,-1
15,roberta-base,glue,rte,2,10,5,1.0,8,1,250,False,0.0,,SGD,0.9,0.01,SGD,1e-05,16,0.5270758122743683,0.6935834033148629,0.7169865111025369,1.2956171531186556e-06,1.920848490044591e-06,6.252313369259355e-07,41,-1
16,roberta-base,glue,rte,2,10,5,1.0,8,1,250,False,0.0,,SGD,0.9,0.01,SGD,1e-05,17,0.5270758122743683,0.6935734510421753,0.6954190260026513,1.2266355042811483e-06,1.324427444160392e-06,9.779197540638053e-08,41,-1
17,roberta-base,glue,rte,2,10,5,1.0,8,1,250,False,0.0,,SGD,0.9,0.01,SGD,1e-05,18,0.5270758122743683,0.6935635685920716,0.6941678332119453,7.424336558869982e-07,7.920793905213941e-07,4.9645755950678e-08,41,-1
18,roberta-base,glue,rte,2,10,5,1.0,8,1,250,False,0.0,,SGD,0.9,0.01,SGD,1e-05,19,0.5270758122743683,0.6935552069119044,0.67635486908257,3.5604308834535914e-08,5.137519565323601e-08,1.5770886818700092e-08,32,-1
19,roberta-base,glue,rte,2,10,5,1.0,8,1,250,False,0.0,,SGD,0.9,0.01,SGD,1e-05,20,0.5270758122743683,0.693544432095119,0.7163256380616165,1.4161754506858415e-06,2.008140199905029e-06,5.919647492191871e-07,41,-1
20,roberta-base,glue,rte,2,10,5,1.0,8,1,250,False,0.0,,SGD,0.9,0.01,SGD,1e-05,21,0.5270758122743683,0.6935352155140468,0.6798056241124868,6.088565385198308e-08,7.569391868855746e-08,1.480826306021754e-08,32,-1
21,roberta-base,glue,rte,2,10,5,1.0,8,1,250,False,0.0,,SGD,0.9,0.01,SGD,1e-05,22,0.5270758122743683,0.693524626323155,0.705441494976602,1.7019023061948246e-06,2.0060158476553624e-06,3.0411356988224725e-07,41,-1
22,roberta-base,glue,rte,2,10,5,1.0,8,1,250,False,0.0,,SGD,0.9,0.01,SGD,1e-05,23,0.5270758122743683,0.693512157031468,0.7137053963614673,1.3945407317805802e-06,1.887591906779562e-06,4.93051118155563e-07,41,-1
23,roberta-base,glue,rte,2,10,5,1.0,8,1,250,False,0.0,,SGD,0.9,0.01,SGD,1e-05,24,0.5270758122743683,0.6935016206332616,0.6765873063355684,5.5828103029398335e-08,8.373388027393959e-08,2.7905779020898084e-08,32,-1
24,roberta-base,glue,rte,2,10,5,1.0,8,1,250,False,0.0,,SGD,0.9,0.01,SGD,1e-05,25,0.5270758122743683,0.6934889435768128,0.7166342712030178,1.25199858302949e-06,1.8255086615681648e-06,5.73510021695256e-07,41,-1
25,roberta-base,glue,rte,2,10,5,1.0,8,1,250,False,0.0,,SGD,0.9,0.01,SGD,1e-05,26,0.5270758122743683,0.693478730746678,0.6700152691453696,3.342429266695035e-08,1.0947635331604033e-07,7.605206064908998e-08,32,-1
26,roberta-base,glue,rte,2,10,5,1.0,8,1,250,False,0.0,,SGD,0.9,0.01,SGD,1e-05,27,0.5270758122743683,0.6934681943484715,0.6984498968938502,1.3090484571876004e-06,1.4164810409056372e-06,1.0743264056145565e-07,41,-1
27,roberta-base,glue,rte,2,10,5,1.0,8,1,250,False,0.0,,SGD,0.9,0.01,SGD,1e-05,28,0.5270758122743683,0.6934582080159869,0.688150841143073,8.014258696675824e-07,8.210747068915225e-07,1.9648854987508457e-08,41,-1
28,roberta-base,glue,rte,2,10,5,1.0,8,1,250,False,0.0,,SGD,0.9,0.01,SGD,1e-05,29,0.5270758122743683,0.6934500268527439,0.6761161035107028,3.1763391916683765e-08,7.032190296740738e-08,3.8558511050723616e-08,31,-1
29,roberta-base,glue,rte,2,10,5,1.0,8,1,250,False,0.0,,SGD,0.9,0.01,SGD,1e-05,30,0.5270758122743683,0.6934391515595573,0.7219963995421805,1.1570467677302076e-06,1.8848962781703449e-06,7.278495104401372e-07,41,-1
30,roberta-base,glue,rte,2,10,5,1.0,8,1,250,False,0.0,,SGD,0.9,0.01,SGD,1e-05,31,0.5270758122743683,0.6934277704783849,0.703174388408661,1.105709429793933e-06,1.2590858204930555e-06,1.5337639069912257e-07,41,-1
31,roberta-base,glue,rte,2,10,5,1.0,8,1,250,False,0.0,,SGD,0.9,0.01,SGD,1e-05,32,0.5270758122743683,0.6934174639838082,0.68619661680082,7.238391503960884e-07,7.347717883021687e-07,1.0932628136117728e-08,41,-1
32,roberta-base,glue,rte,2,10,5,1.0,8,1,250,False,0.0,,SGD,0.9,0.01,SGD,1e-05,33,0.5270758122743683,0.6934089456285749,0.6745021197944879,3.904654377606676e-08,7.232537058143863e-08,3.3278826805371864e-08,32,-1
33,roberta-base,glue,rte,2,10,5,1.0,8,1,250,False,0.0,,SGD,0.9,0.01,SGD,1e-05,34,0.5270758122743683,0.6933984364782061,0.7103565070687271,1.457050530007109e-06,1.939465391842532e-06,4.824148618354229e-07,41,-1
34,roberta-base,glue,rte,2,10,5,1.0,8,1,250,False,0.0,,SGD,0.9,0.01,SGD,1e-05,35,0.5270758122743683,0.6933884382247925,0.6927067855509317,7.33431363642012e-07,7.572334084215981e-07,2.3802048332299822e-08,41,-1
35,roberta-base,glue,rte,2,10,5,1.0,8,1,250,False,0.0,,SGD,0.9,0.01,SGD,1e-05,36,0.5270758122743683,0.6933780227388654,0.7001852233235428,1.1987891639364534e-06,1.321264903708652e-06,1.224756971396346e-07,41,-1
36,roberta-base,glue,rte,2,10,5,1.0,8,1,250,False,0.0,,SGD,0.9,0.01,SGD,1e-05,37,0.5270758122743683,0.6933672921998161,0.6985034512310493,1.324317736361991e-06,1.4453634094024892e-06,1.210456588296438e-07,41,-1
37,roberta-base,glue,rte,2,10,5,1.0,8,1,250,False,0.0,,SGD,0.9,0.01,SGD,1e-05,38,0.5270758122743683,0.6933569158826556,0.6947593549402749,6.172700750539661e-07,6.523785600620613e-07,3.5108456586385734e-08,41,-1
38,roberta-base,glue,rte,2,10,5,1.0,8,1,250,False,0.0,,SGD,0.9,0.01,SGD,1e-05,39,0.5270758122743683,0.6933457953589303,0.7048207951755059,1.0256987934553765e-06,1.229925146617461e-06,2.0422636737293945e-07,41,-1
39,roberta-base,glue,rte,2,10,5,1.0,8,1,250,False,0.0,,SGD,0.9,0.01,SGD,1e-05,40,0.5270758122743683,0.6933350733348301,0.6927111771048569,7.169246600824408e-07,7.54138341108046e-07,3.721367392017783e-08,41,-1
40,roberta-base,glue,rte,2,10,5,1.0,8,1,250,False,0.0,,SGD,0.9,0.01,SGD,1e-05,41,0.5270758122743683,0.6933247804641723,0.6910971394399317,7.071072332109907e-07,7.370986736532359e-07,2.9991426231390506e-08,41,-1
41,roberta-base,glue,rte,2,10,5,1.0,8,1,250,False,0.0,,SGD,0.9,0.01,SGD,1e-05,42,0.5270758122743683,0.6933144365038191,0.6958642110591982,1.2140100125179742e-06,1.2898930208393722e-06,7.588299411054322e-08,41,-1
42,roberta-base,glue,rte,2,10,5,1.0,8,1,250,False,0.0,,SGD,0.9,0.01,SGD,1e-05,43,0.5270758122743683,0.693305938584464,0.6766933541744947,3.7744666059325034e-08,7.884017350079375e-08,4.1095507441468726e-08,32,-1
43,roberta-base,glue,rte,2,10,5,1.0,8,1,250,False,0.0,,SGD,0.9,0.01,SGD,1e-05,44,0.5270758122743683,0.6932954175131661,0.7147162882293143,1.48115520914871e-06,2.004449925152585e-06,5.232947160038748e-07,41,-1
44,roberta-base,glue,rte,2,10,5,1.0,8,1,250,False,0.0,,SGD,0.9,0.01,SGD,1e-05,45,0.5270758122743683,0.6932844638824462,0.7007784663177119,1.045655267262191e-06,1.1905603969353251e-06,1.4490510125142464e-07,41,-1
45,roberta-base,glue,rte,2,10,5,1.0,8,1,250,False,0.0,,SGD,0.9,0.01,SGD,1e-05,46,0.5270758122743683,0.6932744673320226,0.6862211826370983,7.45541512969794e-07,7.517600124629098e-07,6.218510151256851e-09,41,-1
46,roberta-base,glue,rte,2,10,5,1.0,8,1,250,False,0.0,,SGD,0.9,0.01,SGD,1e-05,47,0.5270758122743683,0.6932664717946734,0.6718343783169984,6.434626698137437e-08,1.2787310765816073e-07,6.352684067678639e-08,32,-1
47,roberta-base,glue,rte,2,10,5,1.0,8,1,250,False,0.0,,SGD,0.9,0.01,SGD,1e-05,48,0.5270758122743683,0.6932561363492693,0.7158689312818574,1.3782166661258088e-06,2.011960759773501e-06,6.337441504911112e-07,41,-1
48,roberta-base,glue,rte,2,10,5,1.0,8,1,250,False,0.0,,SGD,0.9,0.01,SGD,1e-05,49,0.5270758122743683,0.6932455488613674,0.6996137796378716,1.0440223832119957e-06,1.1597877573876758e-06,1.1576531733226149e-07,41,-1
49,roberta-base,glue,rte,2,10,5,1.0,8,1,250,False,0.0,,SGD,0.9,0.01,SGD,1e-05,50,0.5270758122743683,0.6932355420930045,0.6884966350183255,6.961358849366661e-07,7.128252264010371e-07,1.6689343240727794e-08,41,-1
50,roberta-base,glue,rte,2,10,5,1.0,8,1,250,False,0.0,,SGD,0.9,0.01,SGD,1e-05,51,0.5270758122743683,0.6932255438395909,0.6959257477667273,1.3409598977887072e-06,1.4168307416184689e-06,7.587084382976172e-08,41,-1
51,roberta-base,glue,rte,2,10,5,1.0,8,1,250,False,0.0,,SGD,0.9,0.01,SGD,1e-05,52,0.5270758122743683,0.6932155694280352,0.696003797868403,6.422458795896091e-07,7.098295213836536e-07,6.758362047776245e-08,41,-1
52,roberta-base,glue,rte,2,10,5,1.0,8,1,250,False,0.0,,SGD,0.9,0.01,SGD,1e-05,53,0.5270758122743683,0.693207665852138,0.6705133184309929,5.54049748302532e-08,1.3125507791755808e-07,7.58501030873049e-08,31,-1
53,roberta-base,glue,rte,2,10,5,1.0,8,1,250,False,0.0,,SGD,0.9,0.01,SGD,1e-05,54,0.5270758122743683,0.6931973883083888,0.7177741547910179,1.1536351394170197e-06,1.8213962675872608e-06,6.6776118501366e-07,41,-1
54,roberta-base,glue,rte,2,10,5,1.0,8,1,250,False,0.0,,SGD,0.9,0.01,SGD,1e-05,55,0.5270758122743683,0.6931854724884033,0.7135877405724873,1.4039696907275356e-06,1.886154564090248e-06,4.82184930206131e-07,41,-1
55,roberta-base,glue,rte,2,10,5,1.0,8,1,250,False,0.0,,SGD,0.9,0.01,SGD,1e-05,56,0.5270758122743683,0.693175482749939,0.6748035389930009,4.999801106464474e-08,8.647023008734324e-08,3.647221902269848e-08,32,-1
56,roberta-base,glue,rte,2,10,5,1.0,8,1,250,False,0.0,,SGD,0.9,0.01,SGD,1e-05,57,0.5270758122743683,0.6931656122207641,0.6954592690235231,1.307998559241241e-06,1.3651567769557005e-06,5.715818218732238e-08,41,-1
57,roberta-base,glue,rte,2,10,5,1.0,8,1,250,False,0.0,,SGD,0.9,0.01,SGD,1e-05,58,0.5270758122743683,0.6931557365826198,0.6978494795357308,7.269998718584247e-07,8.016784818209999e-07,7.467860996257515e-08,41,-1
58,roberta-base,glue,rte,2,10,5,1.0,8,1,250,False,0.0,,SGD,0.9,0.01,SGD,1e-05,59,0.5270758122743683,0.6931475860731943,0.6770930044353008,6.69436559519454e-08,1.0634067137971217e-07,3.9397011875053074e-08,32,-1
59,roberta-base,glue,rte,2,10,5,1.0,8,1,250,False,0.0,,SGD,0.9,0.01,SGD,1e-05,60,0.5270758122743683,0.6931379556655883,0.7078446626663208,1.6215301457123132e-06,1.9911262825189624e-06,3.695960799632303e-07,41,-1
60,roberta-base,glue,rte,2,10,5,1.0,8,1,250,False,0.0,,SGD,0.9,0.01,SGD,1e-05,61,0.5270758122743683,0.6931261011532375,0.7211966534940208,9.883451639325358e-07,1.6822671113914112e-06,6.939220043022942e-07,41,-1
61,roberta-base,glue,rte,2,10,5,1.0,8,1,250,False,0.0,,SGD,0.9,0.01,SGD,1e-05,62,0.5270758122743683,0.6931164707456317,0.6718516169055816,3.156674210913479e-08,1.0059901711656495e-07,6.903227500743014e-08,31,-1
62,roberta-base,glue,rte,2,10,5,1.0,8,1,250,False,0.0,,SGD,0.9,0.01,SGD,1e-05,63,0.5270758122743683,0.6931078451020377,0.6846761581374377,8.999348892757553e-07,9.02751992271078e-07,2.817082789263736e-09,41,-1
63,roberta-base,glue,rte,2,10,5,1.0,8,1,250,False,0.0,,SGD,0.9,0.01,SGD,1e-05,64,0.5270758122743683,0.6930988430976868,0.697319985889807,1.1519673535076436e-06,1.2623065686057089e-06,1.1033926483605685e-07,41,-1
64,roberta-base,glue,rte,2,10,5,1.0,8,1,250,False,0.0,,SGD,0.9,0.01,SGD,1e-05,65,0.5270758122743683,0.6930903145245143,0.6910896737401078,7.400298613902123e-07,7.593063173771952e-07,1.927645243426923e-08,41,-1
65,roberta-base,glue,rte,2,10,5,1.0,8,1,250,False,0.0,,SGD,0.9,0.01,SGD,1e-05,66,0.5270758122743683,0.6930813959666661,0.6977666311147736,1.1674561619656745e-06,1.2811262877221452e-06,1.1367009733476154e-07,41,-1
66,roberta-base,glue,rte,2,10,5,1.0,8,1,250,False,0.0,,SGD,0.9,0.01,SGD,1e-05,67,0.5270758122743683,0.6930705291884286,0.7148925205556358,1.3703387367058897e-06,1.955635070771677e-06,5.85296334065788e-07,41,-1
67,roberta-base,glue,rte,2,10,5,1.0,8,1,250,False,0.0,,SGD,0.9,0.01,SGD,1e-05,68,0.5270758122743683,0.6930613909448896,0.676123808324337,6.946935116047825e-08,9.781564358490868e-08,2.834628887171675e-08,32,-1
68,roberta-base,glue,rte,2,10,5,1.0,8,1,250,False,0.0,,SGD,0.9,0.01,SGD,1e-05,69,0.5270758122743683,0.6930525950023106,0.6898265806640067,6.323890033854696e-07,6.633306952608109e-07,3.094167766448663e-08,41,-1
69,roberta-base,glue,rte,2,10,5,1.0,8,1,250,False,0.0,,SGD,0.9,0.01,SGD,1e-05,70,0.5270758122743683,0.6930436287607465,0.6941300075228621,1.1413575293772735e-06,1.228031919708883e-06,8.66744045424639e-08,41,-1
70,roberta-base,glue,rte,2,10,5,1.0,8,1,250,False,0.0,,SGD,0.9,0.01,SGD,1e-05,71,0.5270758122743683,0.6930340256009783,0.7002724188130076,1.01816101505392e-06,1.2089193432984755e-06,1.9075834245541048e-07,41,-1
71,roberta-base,glue,rte,2,10,5,1.0,8,1,250,False,0.0,,SGD,0.9,0.01,SGD,1e-05,72,0.5270758122743683,0.6930254186902728,0.6858784277264665,8.326183547069377e-07,8.357699812222563e-07,3.151652272492811e-09,41,-1
72,roberta-base,glue,rte,2,10,5,1.0,8,1,250,False,0.0,,SGD,0.9,0.01,SGD,1e-05,73,0.5270758122743683,0.693016403062003,0.6989005269073859,1.1537329100974605e-06,1.2788099184035673e-06,1.250769940952523e-07,41,-1
73,roberta-base,glue,rte,2,10,5,1.0,8,1,250,False,0.0,,SGD,0.9,0.01,SGD,1e-05,74,0.5270758122743683,0.6930081146103996,0.6896890047119884,5.948776902187092e-07,5.995752871967852e-07,4.6975836553997405e-09,41,-1
74,roberta-base,glue,rte,2,10,5,1.0,8,1,250,False,0.0,,SGD,0.9,0.01,SGD,1e-05,75,0.5270758122743683,0.6929986817496163,0.704841784151589,1.6178137229871936e-06,1.9160754618496867e-06,2.982616820190742e-07,41,-1
75,roberta-base,glue,rte,2,10,5,1.0,8,1,250,False,0.0,,SGD,0.9,0.01,SGD,1e-05,76,0.5270758122743683,0.692990756034851,0.6796978861093521,1.0731255883911217e-07,1.390697406122854e-07,3.1757181773173215e-08,32,-1
76,roberta-base,glue,rte,2,10,5,1.0,8,1,250,False,0.0,,SGD,0.9,0.01,SGD,1e-05,77,0.5270758122743683,0.6929823875427246,0.6985564304561149,5.674230578733841e-07,6.902088784954685e-07,1.2278582062208446e-07,41,-1
77,roberta-base,glue,rte,2,10,5,1.0,8,1,250,False,0.0,,SGD,0.9,0.01,SGD,1e-05,78,0.5270758122743683,0.6929741178240095,0.6938939039300128,1.3029781484874547e-06,1.3468743418343363e-06,4.389619689959545e-08,41,-1
78,roberta-base,glue,rte,2,10,5,1.0,8,1,250,False,0.0,,SGD,0.9,0.01,SGD,1e-05,79,0.5270758122743683,0.692965737410954,0.6962156915083165,1.1308311513857916e-06,1.2067379202562734e-06,7.59067972921912e-08,41,-1
79,roberta-base,glue,rte,2,10,5,1.0,8,1,250,False,0.0,,SGD,0.9,0.01,SGD,1e-05,80,0.5270758122743683,0.6929582033838545,0.6831862528149675,8.564737754568341e-07,8.602298180448997e-07,3.756055910741907e-09,41,-1
80,roberta-base,glue,rte,2,10,5,1.0,8,1,250,False,0.0,,SGD,0.9,0.01,SGD,1e-05,81,0.5270758122743683,0.6929504360471453,0.6967862399612985,1.157006636276492e-06,1.2380444331938634e-06,8.103780402279882e-08,41,-1
81,roberta-base,glue,rte,2,10,5,1.0,8,1,250,False,0.0,,SGD,0.9,0.01,SGD,1e-05,82,0.5270758122743683,0.6929424456187657,0.6946166686895416,6.866625312795804e-07,7.706871087975742e-07,8.402457751799376e-08,41,-1
82,roberta-base,glue,rte,2,10,5,1.0,8,1,250,False,0.0,,SGD,0.9,0.01,SGD,1e-05,83,0.5270758122743683,0.6929339613233294,0.6995968940781384,1.1380640216884783e-06,1.2776104085787663e-06,1.3954642952285212e-07,41,-1
83,roberta-base,glue,rte,2,10,5,1.0,8,1,250,False,0.0,,SGD,0.9,0.01,SGD,1e-05,84,0.5270758122743683,0.6929262348583767,0.688969398417124,7.199286073955591e-07,7.257522156578489e-07,5.823625581768965e-09,41,-1
84,roberta-base,glue,rte,2,10,5,1.0,8,1,250,False,0.0,,SGD,0.9,0.01,SGD,1e-05,85,0.5270758122743683,0.6929168088095529,0.7111671569870739,1.533239810669329e-06,2.011999640672002e-06,4.787598868460918e-07,41,-1
85,roberta-base,glue,rte,2,10,5,1.0,8,1,250,False,0.0,,SGD,0.9,0.01,SGD,1e-05,86,0.5270758122743683,0.6929088950157165,0.6793737798929215,8.631539571979374e-08,1.1778083575109123e-07,3.14654364785838e-08,32,-1
86,roberta-base,glue,rte,2,10,5,1.0,8,1,250,False,0.0,,SGD,0.9,0.01,SGD,1e-05,87,0.5270758122743683,0.6929005043847221,0.6997079602101954,5.460981356009142e-07,6.856649292785733e-07,1.3956682209936846e-07,41,-1
87,roberta-base,glue,rte,2,10,5,1.0,8,1,250,False,0.0,,SGD,0.9,0.01,SGD,1e-05,88,0.5270758122743683,0.6928926723343986,0.6904458266932789,1.4745004364158376e-06,1.48824972256989e-06,1.3749340332935844e-08,41,-1
88,roberta-base,glue,rte,2,10,5,1.0,8,1,250,False,0.0,,SGD,0.9,0.01,SGD,1e-05,89,0.5270758122743683,0.6928866539682661,0.6683035306135813,8.044366950343829e-09,9.29968919649582e-08,8.495252501461438e-08,30,-1
89,roberta-base,glue,rte,2,10,5,1.0,8,1,250,False,0.0,,SGD,0.9,0.01,SGD,1e-05,90,0.5270758122743683,0.6928781935146877,0.7193485411202036,9.93108415059396e-07,1.7427242937628762e-06,7.49615935546899e-07,41,-1
90,roberta-base,glue,rte,2,10,5,1.0,8,1,250,False,0.0,,SGD,0.9,0.01,SGD,1e-05,91,0.5270758122743683,0.6928702388490949,0.6881564951524501,7.286534469130856e-07,7.412564286823908e-07,1.2602994203803064e-08,41,-1
91,roberta-base,glue,rte,2,10,5,1.0,8,1,250,False,0.0,,SGD,0.9,0.01,SGD,1e-05,92,0.5270758122743683,0.69286219562803,0.695007687661706,1.1500553682708414e-06,1.2187982747491333e-06,6.87429633217107e-08,41,-1
92,roberta-base,glue,rte,2,10,5,1.0,8,1,250,False,0.0,,SGD,0.9,0.01,SGD,1e-05,93,0.5270758122743683,0.6928555624825614,0.6770239066332578,5.15086284735844e-08,8.080333202542533e-08,2.9294705328197782e-08,32,-1
93,roberta-base,glue,rte,2,10,5,1.0,8,1,250,False,0.0,,SGD,0.9,0.01,SGD,1e-05,94,0.5270758122743683,0.6928473745073591,0.7117070006161201,1.373888608213747e-06,1.795705770746281e-06,4.218171341108246e-07,41,-1
94,roberta-base,glue,rte,2,10,5,1.0,8,1,250,False,0.0,,SGD,0.9,0.01,SGD,1e-05,95,0.5270758122743683,0.6928397570337568,0.6861985151360674,8.2716388760673e-07,8.381961720260733e-07,1.1032271096667046e-08,41,-1
95,roberta-base,glue,rte,2,10,5,1.0,8,1,250,False,0.0,,SGD,0.9,0.01,SGD,1e-05,96,0.5270758122743683,0.6928318568638393,0.6970826387405396,1.194209289678838e-06,1.2938838835907518e-06,9.967463654447785e-08,41,-1
96,roberta-base,glue,rte,2,10,5,1.0,8,1,250,False,0.0,,SGD,0.9,0.01,SGD,1e-05,97,0.5270758122743683,0.6928249938147408,0.681805007904768,7.338533691836346e-08,8.11506239983828e-08,7.765283527305655e-09,32,-1
97,roberta-base,glue,rte,2,10,5,1.0,8,1,250,False,0.0,,SGD,0.9,0.01,SGD,1e-05,98,0.5270758122743683,0.6928168978009905,0.7063096703552618,1.446188548470673e-06,1.762748070177622e-06,3.1655952170694945e-07,41,-1
98,roberta-base,glue,rte,2,10,5,1.0,8,1,250,False,0.0,,SGD,0.9,0.01,SGD,1e-05,99,0.5270758122743683,0.6928088426589966,0.6954270612902758,6.133407737252128e-07,6.679425723632448e-07,5.4601812848886766e-08,41,-1
99,roberta-base,glue,rte,2,10,5,1.0,8,1,250,False,0.0,,SGD,0.9,0.01,SGD,1e-05,100,0.5270758122743683,0.6928012354033334,0.6888308551253343,1.3289708249430987e-06,1.3452785196932382e-06,1.6307716066421566e-08,41,-1
100,roberta-base,glue,rte,2,10,5,1.0,8,1,250,False,0.0,,SGD,0.9,0.01,SGD,1e-05,101,0.5270758122743683,0.6927950467382159,0.6775074280798435,6.114345296737156e-08,9.843216020044565e-08,3.728870368036041e-08,32,-1
101,roberta-base,glue,rte,2,10,5,1.0,8,1,250,False,0.0,,SGD,0.9,0.01,SGD,1e-05,102,0.5270758122743683,0.6927873543330602,0.7090342399550646,1.3144602917236623e-06,1.7113833337134563e-06,3.96923041989794e-07,41,-1
102,roberta-base,glue,rte,2,10,5,1.0,8,1,250,False,0.0,,SGD,0.9,0.01,SGD,1e-05,103,0.5270758122743683,0.6927808557237898,0.6810585804283619,3.9891816072668014e-08,5.673230063507617e-08,1.6840484562408164e-08,32,-1
103,roberta-base,glue,rte,2,10,5,1.0,8,1,250,False,0.0,,SGD,0.9,0.01,SGD,1e-05,104,0.5270758122743683,0.6927728891372681,0.7104831387357015,1.4333053286463835e-06,1.8368886003372609e-06,4.035832716908772e-07,41,-1
104,roberta-base,glue,rte,2,10,5,1.0,8,1,250,False,0.0,,SGD,0.9,0.01,SGD,1e-05,105,0.5270758122743683,0.6927636861801147,0.7093867450225644,1.4747912473467295e-06,1.844092707870004e-06,3.693014321015653e-07,41,-1
105,roberta-base,glue,rte,2,10,5,1.0,8,1,250,False,0.0,,SGD,0.9,0.01,SGD,1e-05,106,0.5270758122743683,0.6927563292639596,0.6705844938755036,7.810174196265508e-08,1.5089896976405728e-07,7.27972278014022e-08,32,-1
106,roberta-base,glue,rte,2,10,5,1.0,8,1,250,False,0.0,,SGD,0.9,0.01,SGD,1e-05,107,0.5270758122743683,0.6927494151251656,0.6898672167847797,7.824897352293192e-07,7.934328323244699e-07,1.0943117523254386e-08,41,-1
107,roberta-base,glue,rte,2,10,5,1.0,8,1,250,False,0.0,,SGD,0.9,0.01,SGD,1e-05,108,0.5270758122743683,0.6927418027605329,0.701256641818256,1.1775973689509556e-06,1.3572160924013588e-06,1.796187234504032e-07,41,-1
108,roberta-base,glue,rte,2,10,5,1.0,8,1,250,False,0.0,,SGD,0.9,0.01,SGD,1e-05,109,0.5270758122743683,0.692734728540693,0.6885792162360215,6.964406225051789e-07,7.04303545262519e-07,7.862923645518549e-09,41,-1
109,roberta-base,glue,rte,2,10,5,1.0,8,1,250,False,0.0,,SGD,0.9,0.01,SGD,1e-05,110,0.5270758122743683,0.6927275810922895,0.6963125147470615,1.2512955436250197e-06,1.3119492905389052e-06,6.06536971758942e-08,41,-1
110,roberta-base,glue,rte,2,10,5,1.0,8,1,250,False,0.0,,SGD,0.9,0.01,SGD,1e-05,111,0.5270758122743683,0.6927208083016532,0.6906949450330037,6.53859899557574e-07,6.687804443572531e-07,1.4920523483397122e-08,41,-1
111,roberta-base,glue,rte,2,10,5,1.0,8,1,250,False,0.0,,SGD,0.9,0.01,SGD,1e-05,112,0.5270758122743683,0.6927137562206813,0.6969589143264584,1.1620429631875595e-06,1.254771859748871e-06,9.2728924983021e-08,41,-1
112,roberta-base,glue,rte,2,10,5,1.0,8,1,250,False,0.0,,SGD,0.9,0.01,SGD,1e-05,113,0.5270758122743683,0.6927066496440343,0.6963898193545457,1.2905917401440092e-06,1.3477432503350428e-06,5.7151563481738776e-08,41,-1
113,roberta-base,glue,rte,2,10,5,1.0,8,1,250,False,0.0,,SGD,0.9,0.01,SGD,1e-05,114,0.5270758122743683,0.6926995430673871,0.6943616250666176,7.084626076903078e-07,7.608722967233916e-07,5.240970679665225e-08,41,-1
114,roberta-base,glue,rte,2,10,5,1.0,8,1,250,False,0.0,,SGD,0.9,0.01,SGD,1e-05,115,0.5270758122743683,0.69269072668893,0.7129502930292269,1.408303660355159e-06,1.961208909051493e-06,5.529053055397526e-07,41,-1
115,roberta-base,glue,rte,2,10,5,1.0,8,1,250,False,0.0,,SGD,0.9,0.01,SGD,1e-05,116,0.5270758122743683,0.692683356148856,0.6790271598845721,4.6423011212937126e-08,7.477091656937773e-08,2.834790535644061e-08,32,-1
116,roberta-base,glue,rte,2,10,5,1.0,8,1,250,False,0.0,,SGD,0.9,0.01,SGD,1e-05,117,0.5270758122743683,0.6926758800234113,0.6974122556244453,5.71389307424397e-07,6.421518605748133e-07,7.0762546044989e-08,41,-1
117,roberta-base,glue,rte,2,10,5,1.0,8,1,250,False,0.0,,SGD,0.9,0.01,SGD,1e-05,118,0.5270758122743683,0.6926683987889971,0.6951487128327531,1.254011522178189e-06,1.3160873777451345e-06,6.207585556694539e-08,41,-1
118,roberta-base,glue,rte,2,10,5,1.0,8,1,250,False,0.0,,SGD,0.9,0.01,SGD,1e-05,119,0.5270758122743683,0.6926610742296492,0.6940615604563456,1.3966658798381104e-06,1.4335385003505507e-06,3.687260630158562e-08,41,-1
119,roberta-base,glue,rte,2,10,5,1.0,8,1,250,False,0.0,,SGD,0.9,0.01,SGD,1e-05,120,0.5270758122743683,0.6926538501467023,0.6938312641004236,6.848494535915961e-07,7.299054800569138e-07,4.5056044228886094e-08,41,-1
120,roberta-base,glue,rte,2,10,5,1.0,8,1,250,False,0.0,,SGD,0.9,0.01,SGD,1e-05,121,0.5270758122743683,0.6926460061754499,0.7028110358773209,9.133436265074124e-07,1.0971139090543147e-06,1.837702683360476e-07,41,-1
121,roberta-base,glue,rte,2,10,5,1.0,8,1,250,False,0.0,,SGD,0.9,0.01,SGD,1e-05,122,0.5270758122743683,0.6926393798419408,0.6817403557823924,8.61199225710152e-07,8.807180051917385e-07,1.951877948158653e-08,41,-1
122,roberta-base,glue,rte,2,10,5,1.0,8,1,250,False,0.0,,SGD,0.9,0.01,SGD,1e-05,123,0.5270758122743683,0.6926339881760734,0.6768561508506536,3.7575922817723046e-08,6.984378586594175e-08,3.2267863048218715e-08,32,-1
123,roberta-base,glue,rte,2,10,5,1.0,8,1,250,False,0.0,,SGD,0.9,0.01,SGD,1e-05,124,0.5270758122743683,0.692627283505031,0.7074923558932978,1.467409560973465e-06,1.8228649878437864e-06,3.554554268703214e-07,41,-1
124,roberta-base,glue,rte,2,10,5,1.0,8,1,250,False,0.0,,SGD,0.9,0.01,SGD,1e-05,125,0.5270758122743683,0.6926188996859959,0.7123362250444365,1.2184009392512962e-06,1.7899432123158476e-06,5.715423299079703e-07,41,-1
125,roberta-base,glue,rte,2,10,5,1.0,8,1,250,False,0.0,,SGD,0.9,0.01,SGD,1e-05,126,0.5270758122743683,0.6926122801644462,0.6735451791435481,3.5044244839355094e-08,1.2317677544615438e-07,8.813253060679926e-08,32,-1
126,roberta-base,glue,rte,2,10,5,1.0,8,1,250,False,0.0,,SGD,0.9,0.01,SGD,1e-05,127,0.5270758122743683,0.6926055840083531,0.6945925552670549,1.234475348610431e-06,1.2985293551537325e-06,6.405405628129301e-08,41,-1
127,roberta-base,glue,rte,2,10,5,1.0,8,1,250,False,0.0,,SGD,0.9,0.01,SGD,1e-05,128,0.5270758122743683,0.6925992948668344,0.6884333947809731,6.964549470467318e-07,7.071466825436801e-07,1.0691710627952489e-08,41,-1
128,roberta-base,glue,rte,2,10,5,1.0,8,1,250,False,0.0,,SGD,0.9,0.01,SGD,1e-05,129,0.5270758122743683,0.6925940138953073,0.6795745994895697,7.528210232976562e-08,8.988567401502223e-08,1.4603568132542932e-08,32,-1
129,roberta-base,glue,rte,2,10,5,1.0,8,1,250,False,0.0,,SGD,0.9,0.01,SGD,1e-05,130,0.5270758122743683,0.6925871218953814,0.7131197903214431,1.3534256595448824e-06,1.8221019217889989e-06,4.686762622441165e-07,41,-1
130,roberta-base,glue,rte,2,10,5,1.0,8,1,250,False,0.0,,SGD,0.9,0.01,SGD,1e-05,131,0.5270758122743683,0.6925790837832859,0.7079465633485376,1.486685505369678e-06,1.8543405531090684e-06,3.676550761610997e-07,41,-1
131,roberta-base,glue,rte,2,10,5,1.0,8,1,250,False,0.0,,SGD,0.9,0.01,SGD,1e-05,132,0.5270758122743683,0.6925723654883248,0.6795152597129345,6.682651587652799e-08,9.511938259265663e-08,2.8292863163414953e-08,32,-1
132,roberta-base,glue,rte,2,10,5,1.0,8,1,250,False,0.0,,SGD,0.9,0.01,SGD,1e-05,133,0.5270758122743683,0.6925669704164777,0.6774021606892348,3.7034144639847e-08,7.745369146050508e-08,4.0419546820658077e-08,32,-1
133,roberta-base,glue,rte,2,10,5,1.0,8,1,250,False,0.0,,SGD,0.9,0.01,SGD,1e-05,134,0.5270758122743683,0.6925599830491203,0.7094649649247889,1.4385634585778462e-06,1.917592953759595e-06,4.790294383383298e-07,41,-1
134,roberta-base,glue,rte,2,10,5,1.0,8,1,250,False,0.0,,SGD,0.9,0.01,SGD,1e-05,135,0.5270758122743683,0.692551485129765,0.7115792951932768,1.2976787502338991e-06,1.8284744101038088e-06,5.307956598699093e-07,41,-1
135,roberta-base,glue,rte,2,10,5,1.0,8,1,250,False,0.0,,SGD,0.9,0.01,SGD,1e-05,136,0.5270758122743683,0.692544778755733,0.6732277254904471,2.5010564286276352e-08,1.1768759122787743e-07,9.267702694160108e-08,31,-1
136,roberta-base,glue,rte,2,10,5,1.0,8,1,250,False,0.0,,SGD,0.9,0.01,SGD,1e-05,137,0.5270758122743683,0.6925390260560172,0.685483855381608,3.301706286151784e-08,4.610785353520441e-08,1.3090789785508152e-08,32,-1
137,roberta-base,glue,rte,2,10,5,1.0,8,1,250,False,0.0,,SGD,0.9,0.01,SGD,1e-05,138,0.5270758122743683,0.6925322532653808,0.705680069400043,1.6159247024916112e-06,1.8998052837559955e-06,2.838805244209653e-07,41,-1
138,roberta-base,glue,rte,2,10,5,1.0,8,1,250,False,0.0,,SGD,0.9,0.01,SGD,1e-05,139,0.5270758122743683,0.6925260407584054,0.6874982031380259,7.131855568331957e-07,7.174148777266964e-07,4.229304906289144e-09,41,-1
139,roberta-base,glue,rte,2,10,5,1.0,8,1,250,False,0.0,,SGD,0.9,0.01,SGD,1e-05,140,0.5270758122743683,0.6925199099949428,0.69350298497735,1.32977811517776e-06,1.3652315828949213e-06,3.54534854807298e-08,41,-1
140,roberta-base,glue,rte,2,10,5,1.0,8,1,250,False,0.0,,SGD,0.9,0.01,SGD,1e-05,141,0.5270758122743683,0.6925131150654384,0.7034605337352288,9.426253768651804e-07,1.1307278100503029e-06,1.881024189742675e-07,41,-1
141,roberta-base,glue,rte,2,10,5,1.0,8,1,250,False,0.0,,SGD,0.9,0.01,SGD,1e-05,142,0.5270758122743683,0.6925068242209298,0.6918294982212346,8.234117672145658e-07,8.310325938509777e-07,7.6208515054077e-09,41,-1
142,roberta-base,glue,rte,2,10,5,1.0,8,1,250,False,0.0,,SGD,0.9,0.01,SGD,1e-05,143,0.5270758122743683,0.6925010647092547,0.6869095392343475,7.454086130564974e-07,7.495684144487313e-07,4.159788513646845e-09,41,-1
143,roberta-base,glue,rte,2,10,5,1.0,8,1,250,False,0.0,,SGD,0.9,0.01,SGD,1e-05,144,0.5270758122743683,0.692495025907244,0.6964235044107205,1.1331045470797108e-06,1.221657839778345e-06,8.85533140149164e-08,41,-1
144,roberta-base,glue,rte,2,10,5,1.0,8,1,250,False,0.0,,SGD,0.9,0.01,SGD,1e-05,145,0.5270758122743683,0.6924889530454363,0.6961232019633783,6.090917281653674e-07,6.59419981730025e-07,5.032823224837558e-08,41,-1
145,roberta-base,glue,rte,2,10,5,1.0,8,1,250,False,0.0,,SGD,0.9,0.01,SGD,1e-05,146,0.5270758122743683,0.6924830692155021,0.691989238087724,1.456452309867018e-06,1.4816985185461815e-06,2.524618736288176e-08,41,-1
146,roberta-base,glue,rte,2,10,5,1.0,8,1,250,False,0.0,,SGD,0.9,0.01,SGD,1e-05,147,0.5270758122743683,0.6924769912447248,0.6962548270458129,5.235431217442965e-07,6.006170565342472e-07,7.707394189537808e-08,41,-1
147,roberta-base,glue,rte,2,10,5,1.0,8,1,250,False,0.0,,SGD,0.9,0.01,SGD,1e-05,148,0.5270758122743683,0.6924712198121207,0.6903352182085921,1.2683328804996563e-06,1.2812291743102833e-06,1.2896304468767994e-08,41,-1
148,roberta-base,glue,rte,2,10,5,1.0,8,1,250,False,0.0,,SGD,0.9,0.01,SGD,1e-05,149,0.5270758122743683,0.692466846534184,0.6745987642556429,6.770203242467687e-08,1.499607407140502e-07,8.225870828937333e-08,32,-1
149,roberta-base,glue,rte,2,10,5,1.0,8,1,250,False,0.0,,SGD,0.9,0.01,SGD,1e-05,150,0.5270758122743683,0.6924608332770211,0.7136417743636341,1.5007508409325965e-06,2.0058103018527618e-06,5.050594040767464e-07,41,-1
150,roberta-base,glue,rte,2,10,5,1.0,8,1,250,False,0.0,,SGD,0.9,0.01,SGD,1e-05,151,0.5270758122743683,0.6924549528530666,0.6935640727601401,6.725129537699104e-07,7.038893272692803e-07,3.137636639394259e-08,41,-1
151,roberta-base,glue,rte,2,10,5,1.0,8,1,250,False,0.0,,SGD,0.9,0.01,SGD,1e-05,152,0.5270758122743683,0.6924491354397365,0.6929675593608763,9.80830463959137e-07,1.018973307509441e-06,3.8142882630154424e-08,41,-1
152,roberta-base,glue,rte,2,10,5,1.0,8,1,250,False,0.0,,SGD,0.9,0.01,SGD,1e-05,153,0.5270758122743683,0.6924422178949629,0.7087030986460244,1.4673469195258804e-06,1.806687464522838e-06,3.393405734186672e-07,41,-1
153,roberta-base,glue,rte,2,10,5,1.0,8,1,250,False,0.0,,SGD,0.9,0.01,SGD,1e-05,154,0.5270758122743683,0.692436671257019,0.6766486916691065,5.130583957679846e-08,1.0724600230105352e-07,5.594016272425507e-08,32,-1
154,roberta-base,glue,rte,2,10,5,1.0,8,1,250,False,0.0,,SGD,0.9,0.01,SGD,1e-05,155,0.5270758122743683,0.6924312847001212,0.6904875836721281,1.336311356681108e-06,1.3605211961476016e-06,2.4209841242850416e-08,41,-1
155,roberta-base,glue,rte,2,10,5,1.0,8,1,250,False,0.0,,SGD,0.9,0.01,SGD,1e-05,156,0.5270758122743683,0.692425651209695,0.6987257896400079,5.710908226319589e-07,6.469311415457923e-07,7.584032601926084e-08,41,-1
156,roberta-base,glue,rte,2,10,5,1.0,8,1,250,False,0.0,,SGD,0.9,0.01,SGD,1e-05,157,0.5270758122743683,0.6924183198383876,0.7165563406013861,1.1414833807066316e-06,1.7671742398306378e-06,6.256909159674251e-07,41,-1
157,roberta-base,glue,rte,2,10,5,1.0,8,1,250,False,0.0,,SGD,0.9,0.01,SGD,1e-05,158,0.5270758122743683,0.6924126352582659,0.6738950259983539,5.09013347027576e-08,1.5175966439073818e-07,1.0085832968798061e-07,32,-1
158,roberta-base,glue,rte,2,10,5,1.0,8,1,250,False,0.0,,SGD,0.9,0.01,SGD,1e-05,159,0.5270758122743683,0.6924082687922887,0.6747014656662941,5.7531352126716235e-08,1.2611054955868894e-07,6.857919743197273e-08,32,-1
159,roberta-base,glue,rte,2,10,5,1.0,8,1,250,False,0.0,,SGD,0.9,0.01,SGD,1e-05,160,0.5270758122743683,0.6924026591437203,0.7073071157060019,1.3556165185946156e-06,1.703968564470415e-06,3.4835201745409e-07,41,-1
160,roberta-base,glue,rte,2,10,5,1.0,8,1,250,False,0.0,,SGD,0.9,0.01,SGD,1e-05,161,0.5270758122743683,0.6923975075994219,0.6896001641343279,7.277317308762576e-07,7.378069426522416e-07,1.0075214440519176e-08,41,-1
161,roberta-base,glue,rte,2,10,5,1.0,8,1,250,False,0.0,,SGD,0.9,0.01,SGD,1e-05,162,0.5270758122743683,0.6923919728824071,0.6983365983497807,1.1470714298411622e-06,1.2477112250053324e-06,1.006397454261787e-07,41,-1
162,roberta-base,glue,rte,2,10,5,1.0,8,1,250,False,0.0,,SGD,0.9,0.01,SGD,1e-05,163,0.5270758122743683,0.6923869473593576,0.6874643863701239,6.924663580321067e-07,6.967666195123456e-07,4.3002663652202955e-09,41,-1
163,roberta-base,glue,rte,2,10,5,1.0,8,1,250,False,0.0,,SGD,0.9,0.01,SGD,1e-05,164,0.5270758122743683,0.6923815727233886,0.6963001614663659,1.170521954918513e-06,1.2718126072286395e-06,1.0129070204811796e-07,41,-1
164,roberta-base,glue,rte,2,10,5,1.0,8,1,250,False,0.0,,SGD,0.9,0.01,SGD,1e-05,165,0.5270758122743683,0.6923759528568812,0.6971557907941865,6.293690830716514e-07,7.137791726563592e-07,8.441011800641719e-08,41,-1
165,roberta-base,glue,rte,2,10,5,1.0,8,1,250,False,0.0,,SGD,0.9,0.01,SGD,1e-05,166,0.5270758122743683,0.6923703346933637,0.694472240238655,1.191280830425967e-06,1.234050614584703e-06,4.27697344207445e-08,41,-1
166,roberta-base,glue,rte,2,10,5,1.0,8,1,250,False,0.0,,SGD,0.9,0.01,SGD,1e-05,167,0.5270758122743683,0.6923638854707991,0.7030887833455715,1.45236106163793e-06,1.7132548464360298e-06,2.608937847980997e-07,41,-1
167,roberta-base,glue,rte,2,10,5,1.0,8,1,250,False,0.0,,SGD,0.9,0.01,SGD,1e-05,168,0.5270758122743683,0.6923586606979371,0.678110346570611,4.896666894183e-08,9.100843811893357e-08,4.204176917710356e-08,32,-1
168,roberta-base,glue,rte,2,10,5,1.0,8,1,250,False,0.0,,SGD,0.9,0.01,SGD,1e-05,169,0.5270758122743683,0.6923524141311646,0.7063057358671979,1.4830874306426267e-06,1.7964072185350233e-06,3.133197594706872e-07,41,-1
169,roberta-base,glue,rte,2,10,5,1.0,8,1,250,False,0.0,,SGD,0.9,0.01,SGD,1e-05,170,0.5270758122743683,0.6923472540719169,0.6829056654125452,6.060714952127455e-08,9.710233683790649e-08,3.6495183763918255e-08,32,-1
170,roberta-base,glue,rte,2,10,5,1.0,8,1,250,False,0.0,,SGD,0.9,0.01,SGD,1e-05,171,0.5270758122743683,0.6923420565468924,0.6939632677450414,1.229543272529554e-06,1.2757094509652234e-06,4.61661748829556e-08,41,-1
171,roberta-base,glue,rte,2,10,5,1.0,8,1,250,False,0.0,,SGD,0.9,0.01,SGD,1e-05,172,0.5270758122743683,0.6923369288444519,0.6936822112013654,6.075329110899474e-07,6.379667070177675e-07,3.0433806585961065e-08,41,-1
172,roberta-base,glue,rte,2,10,5,1.0,8,1,250,False,0.0,,SGD,0.9,0.01,SGD,1e-05,173,0.5270758122743683,0.6923321979386466,0.6892539684365435,7.359671485573926e-07,7.41054634545435e-07,5.0875033075215015e-09,41,-1
173,roberta-base,glue,rte,2,10,5,1.0,8,1,250,False,0.0,,SGD,0.9,0.01,SGD,1e-05,174,0.5270758122743683,0.6923270140375409,0.6992279433622592,1.1032221891582594e-06,1.225143023475539e-06,1.2192087694984366e-07,41,-1
174,roberta-base,glue,rte,2,10,5,1.0,8,1,250,False,0.0,,SGD,0.9,0.01,SGD,1e-05,175,0.5270758122743683,0.6923204166548592,0.7129265401421525,1.2423167845554417e-06,1.7573859167896444e-06,5.150690753907838e-07,41,-1
175,roberta-base,glue,rte,2,10,5,1.0,8,1,250,False,0.0,,SGD,0.9,0.01,SGD,1e-05,176,0.5270758122743683,0.6923154541424342,0.6733181905001402,5.483373399783886e-08,1.8413228985991736e-07,1.292985558620785e-07,32,-1
176,roberta-base,glue,rte,2,10,5,1.0,8,1,250,False,0.0,,SGD,0.9,0.01,SGD,1e-05,177,0.5270758122743683,0.6923119289534433,0.6714811682701111,1.7847796129899507e-08,1.339475943495927e-07,1.1609979821969318e-07,31,-1
177,roberta-base,glue,rte,2,10,5,1.0,8,1,250,False,0.0,,SGD,0.9,0.01,SGD,1e-05,178,0.5270758122743683,0.6923065066337586,0.7161949244941154,9.880686775431968e-07,1.6927709793890244e-06,7.047023586892465e-07,41,-1
178,roberta-base,glue,rte,2,10,5,1.0,8,1,250,False,0.0,,SGD,0.9,0.01,SGD,1e-05,179,0.5270758122743683,0.6923022542681013,0.6762676283717155,7.222178055599215e-08,1.262643678501263e-07,5.4042587294134143e-08,32,-1
179,roberta-base,glue,rte,2,10,5,1.0,8,1,250,False,0.0,,SGD,0.9,0.01,SGD,1e-05,180,0.5270758122743683,0.6922968694141933,0.7075425281757262,1.4947042927815346e-06,1.8315062106921689e-06,3.3680188948892464e-07,41,-1
180,roberta-base,glue,rte,2,10,5,1.0,8,1,250,False,0.0,,SGD,0.9,0.01,SGD,1e-05,181,0.5270758122743683,0.6922903554780143,0.7082544826879735,1.4879924492561258e-06,1.897311449283734e-06,4.093190284493176e-07,41,-1
181,roberta-base,glue,rte,2,10,5,1.0,8,1,250,False,0.0,,SGD,0.9,0.01,SGD,1e-05,182,0.5270758122743683,0.692285202230726,0.6758584558963776,2.1415495154997192e-08,9.032856240764887e-08,6.891306725265167e-08,32,-1
182,roberta-base,glue,rte,2,10,5,1.0,8,1,250,False,0.0,,SGD,0.9,0.01,SGD,1e-05,183,0.5270758122743683,0.6922802056585039,0.6903635030839501,1.2586191360242085e-06,1.281086383642105e-06,2.2467219196187216e-08,41,-1
183,roberta-base,glue,rte,2,10,5,1.0,8,1,250,False,0.0,,SGD,0.9,0.01,SGD,1e-05,184,0.5270758122743683,0.6922750013215201,0.6980615551878767,6.632374152104603e-07,7.469149636563088e-07,8.367756265670323e-08,41,-1
184,roberta-base,glue,rte,2,10,5,1.0,8,1,250,False,0.0,,SGD,0.9,0.01,SGD,1e-05,185,0.5270758122743683,0.6922686321394784,0.7081057673547326,1.4564965340468916e-06,1.875030989140214e-06,4.185344550933223e-07,41,-1
185,roberta-base,glue,rte,2,10,5,1.0,8,1,250,False,0.0,,SGD,0.9,0.01,SGD,1e-05,186,0.5270758122743683,0.692263628755297,0.6741549398750066,5.561032878631522e-08,1.248301941814134e-07,6.921986539509818e-08,32,-1
186,roberta-base,glue,rte,2,10,5,1.0,8,1,250,False,0.0,,SGD,0.9,0.01,SGD,1e-05,187,0.5270758122743683,0.6922577006476266,0.7036318145147185,1.7042718809534565e-06,1.998321295104688e-06,2.9404941415123176e-07,41,-1
187,roberta-base,glue,rte,2,10,5,1.0,8,1,250,False,0.0,,SGD,0.9,0.01,SGD,1e-05,188,0.5270758122743683,0.6922526972634452,0.6815641447901726,4.0960621561225714e-08,5.557312121595714e-08,1.4612497878374596e-08,32,-1
188,roberta-base,glue,rte,2,10,5,1.0,8,1,250,False,0.0,,SGD,0.9,0.01,SGD,1e-05,189,0.5270758122743683,0.6922488348824637,0.6778185334056616,5.492783117233557e-08,1.2004549887478788e-07,6.511766770245232e-08,32,-1
189,roberta-base,glue,rte,2,10,5,1.0,8,1,250,False,0.0,,SGD,0.9,0.01,SGD,1e-05,190,0.5270758122743683,0.6922438502311706,0.7062503151777315,1.609628384358075e-06,1.955702146005933e-06,3.460737332261488e-07,41,-1
190,roberta-base,glue,rte,2,10,5,1.0,8,1,250,False,0.0,,SGD,0.9,0.01,SGD,1e-05,191,0.5270758122743683,0.692240355695997,0.6701142391850873,1.4749474530617592e-08,1.5748088344480493e-07,1.4273140891418734e-07,31,-1
191,roberta-base,glue,rte,2,10,5,1.0,8,1,250,False,0.0,,SGD,0.9,0.01,SGD,1e-05,192,0.5270758122743683,0.6922353506088257,0.7129655681005339,1.2825847761632758e-06,1.8119128526450368e-06,5.293280764817609e-07,41,-1
192,roberta-base,glue,rte,2,10,5,1.0,8,1,250,False,0.0,,SGD,0.9,0.01,SGD,1e-05,193,0.5270758122743683,0.6922288741384234,0.7147808371520623,1.1857481467814068e-06,1.779815647751093e-06,5.940675009696861e-07,41,-1
193,roberta-base,glue,rte,2,10,5,1.0,8,1,250,False,0.0,,SGD,0.9,0.01,SGD,1e-05,194,0.5270758122743683,0.6922237464359828,0.6745201441549484,4.0849258198250034e-08,1.1263313126619324e-07,7.17838730679432e-08,31,-1
194,roberta-base,glue,rte,2,10,5,1.0,8,1,250,False,0.0,,SGD,0.9,0.01,SGD,1e-05,195,0.5270758122743683,0.6922200577599662,0.6704724803566933,4.156156307999481e-08,1.8107893140495437e-07,1.3951736832495953e-07,32,-1
195,roberta-base,glue,rte,2,10,5,1.0,8,1,250,False,0.0,,SGD,0.9,0.01,SGD,1e-05,196,0.5270758122743683,0.6922145434788295,0.7161955071658623,1.2647728908632416e-06,2.014940946537536e-06,7.50168055674294e-07,41,-1
196,roberta-base,glue,rte,2,10,5,1.0,8,1,250,False,0.0,,SGD,0.9,0.01,SGD,1e-05,197,0.5270758122743683,0.6922103183610099,0.6766629442572594,5.957429749514632e-08,1.4087071065205237e-07,8.129641315690607e-08,32,-1
197,roberta-base,glue,rte,2,10,5,1.0,8,1,250,False,0.0,,SGD,0.9,0.01,SGD,1e-05,198,0.5270758122743683,0.6922048125948225,0.7100103456799577,1.2625897625184734e-06,1.707744900159014e-06,4.451551660622499e-07,41,-1
198,roberta-base,glue,rte,2,10,5,1.0,8,1,250,False,0.0,,SGD,0.9,0.01,SGD,1e-05,199,0.5270758122743683,0.6921993340764727,0.6944810265448035,1.1325472542011994e-06,1.1822454553112038e-06,4.969823308442756e-08,41,-1
199,roberta-base,glue,rte,2,10,5,1.0,8,1,250,False,0.0,,SGD,0.9,0.01,SGD,1e-05,200,0.5270758122743683,0.692194208077022,0.6901347189414793,6.985639515733055e-07,7.118695179997303e-07,1.3305569979138454e-08,41,-1
200,roberta-base,glue,rte,2,10,5,1.0,8,1,250,False,0.0,,SGD,0.9,0.01,SGD,1e-05,201,0.5270758122743683,0.6921888317380632,0.6969122473786518,1.165444132311677e-06,1.2627613159565954e-06,9.731723338290976e-08,41,-1
201,roberta-base,glue,rte,2,10,5,1.0,8,1,250,False,0.0,,SGD,0.9,0.01,SGD,1e-05,202,0.5270758122743683,0.692183802809034,0.6901837910093912,7.426389743159234e-07,7.52675930471014e-07,1.0036934838808522e-08,41,-1
202,roberta-base,glue,rte,2,10,5,1.0,8,1,250,False,0.0,,SGD,0.9,0.01,SGD,1e-05,203,0.5270758122743683,0.6921795674732754,0.6849662084132433,7.067518481562729e-08,8.948085650217764e-08,1.8805673462907183e-08,32,-1
203,roberta-base,glue,rte,2,10,5,1.0,8,1,250,False,0.0,,SGD,0.9,0.01,SGD,1e-05,204,0.5270758122743683,0.6921746185847691,0.7018862956907691,1.6788878838269738e-06,1.893177795864176e-06,2.1428989782634747e-07,41,-1
204,roberta-base,glue,rte,2,10,5,1.0,8,1,250,False,0.0,,SGD,0.9,0.01,SGD,1e-05,205,0.5270758122743683,0.6921706029347011,0.6808499667793513,2.03858689928893e-08,5.357114218895732e-08,3.318527319606801e-08,32,-1
205,roberta-base,glue,rte,2,10,5,1.0,8,1,250,False,0.0,,SGD,0.9,0.01,SGD,1e-05,206,0.5270758122743683,0.6921659111976624,0.6994154209043921,1.8031523723038845e-06,1.999082087422721e-06,1.959296866971272e-07,41,-1
206,roberta-base,glue,rte,2,10,5,1.0,8,1,250,False,0.0,,SGD,0.9,0.01,SGD,1e-05,207,0.5270758122743683,0.6921623042651586,0.6786510922014714,4.920273255493157e-08,1.1800410959494913e-07,6.880137704001754e-08,32,-1
207,roberta-base,glue,rte,2,10,5,1.0,8,1,250,False,0.0,,SGD,0.9,0.01,SGD,1e-05,208,0.5270758122743683,0.6921576993806021,0.7063343120784294,1.4335059859149624e-06,1.7401537206751527e-06,3.066477916036092e-07,41,-1
208,roberta-base,glue,rte,2,10,5,1.0,8,1,250,False,0.0,,SGD,0.9,0.01,SGD,1e-05,209,0.5270758122743683,0.6921532341412135,0.6917112818578395,6.297644290498283e-07,6.52287212687952e-07,2.2522758769127904e-08,41,-1
209,roberta-base,glue,rte,2,10,5,1.0,8,1,250,False,0.0,,SGD,0.9,0.01,SGD,1e-05,210,0.5270758122743683,0.6921487961496625,0.692457667211207,1.2722789506369736e-06,1.3068906810076442e-06,3.4611730370670564e-08,41,-1
210,roberta-base,glue,rte,2,10,5,1.0,8,1,250,False,0.0,,SGD,0.9,0.01,SGD,1e-05,211,0.5270758122743683,0.6921443343162537,0.694781561014129,6.539568175867316e-07,6.94222251240717e-07,4.0265454970267456e-08,41,-1
211,roberta-base,glue,rte,2,10,5,1.0,8,1,250,False,0.0,,SGD,0.9,0.01,SGD,1e-05,212,0.5270758122743683,0.6921401466642108,0.6880541557218971,1.3369912039706833e-06,1.3458156900014728e-06,8.82444783911751e-09,41,-1
212,roberta-base,glue,rte,2,10,5,1.0,8,1,250,False,0.0,,SGD,0.9,0.01,SGD,1e-05,213,0.5270758122743683,0.6921363251549857,0.6883931110544903,7.323906174860895e-07,7.360833365055441e-07,3.6926972590833884e-09,41,-1
213,roberta-base,glue,rte,2,10,5,1.0,8,1,250,False,0.0,,SGD,0.9,0.01,SGD,1e-05,214,0.5270758122743683,0.6921321562358311,0.6972798510295589,9.058383056981256e-07,1.0058741963803186e-06,1.000359048930477e-07,41,-1
214,roberta-base,glue,rte,2,10,5,1.0,8,1,250,False,0.0,,SGD,0.9,0.01,SGD,1e-05,215,0.5270758122743683,0.692128278527941,0.6897005767357058,6.812607011852378e-07,6.876277893752558e-07,6.36707753187693e-09,41,-1
215,roberta-base,glue,rte,2,10,5,1.0,8,1,250,False,0.0,,SGD,0.9,0.01,SGD,1e-05,216,0.5270758122743683,0.6921241521835327,0.694818257122505,1.2279415386728942e-06,1.304549527958443e-06,7.66080390235402e-08,41,-1
216,roberta-base,glue,rte,2,10,5,1.0,8,1,250,False,0.0,,SGD,0.9,0.01,SGD,1e-05,217,0.5270758122743683,0.6921205111912319,0.6874593865580676,7.07460742432886e-07,7.105828672138159e-07,3.1221472074349772e-09,41,-1
217,roberta-base,glue,rte,2,10,5,1.0,8,1,250,False,0.0,,SGD,0.9,0.01,SGD,1e-05,218,0.5270758122743683,0.6921166130474635,0.6934879143063616,1.164269633591175e-06,1.2401715139276348e-06,7.59019016527418e-08,41,-1
218,roberta-base,glue,rte,2,10,5,1.0,8,1,250,False,0.0,,SGD,0.9,0.01,SGD,1e-05,219,0.5270758122743683,0.6921112298965454,0.7142296660237195,1.231807800650131e-06,1.8868548750106129e-06,6.550470175170631e-07,41,-1
219,roberta-base,glue,rte,2,10,5,1.0,8,1,250,False,0.0,,SGD,0.9,0.01,SGD,1e-05,220,0.5270758122743683,0.6921072057315282,0.6739604111640685,1.309916797254118e-08,1.3864850245681737e-07,1.255493344842762e-07,31,-1
220,roberta-base,glue,rte,2,10,5,1.0,8,1,250,False,0.0,,SGD,0.9,0.01,SGD,1e-05,221,0.5270758122743683,0.6921030351093838,0.6943163656606908,6.08246523370326e-07,6.748842906745267e-07,6.663778862048275e-08,41,-1
221,roberta-base,glue,rte,2,10,5,1.0,8,1,250,False,0.0,,SGD,0.9,0.01,SGD,1e-05,222,0.5270758122743683,0.6920989649636405,0.6907998506615802,1.3862066907677215e-06,1.4068217524254578e-06,2.0615100737586545e-08,41,-1
222,roberta-base,glue,rte,2,10,5,1.0,8,1,250,False,0.0,,SGD,0.9,0.01,SGD,1e-05,223,0.5270758122743683,0.6920946495873588,0.6967961488700494,9.846620514508686e-07,1.069114318852371e-06,8.44522958232119e-08,41,-1
223,roberta-base,glue,rte,2,10,5,1.0,8,1,250,False,0.0,,SGD,0.9,0.01,SGD,1e-05,224,0.5270758122743683,0.6920907786914281,0.6877317571058505,8.040898933359131e-07,8.069274599620258e-07,2.8375386484924547e-09,41,-1
224,roberta-base,glue,rte,2,10,5,1.0,8,1,250,False,0.0,,SGD,0.9,0.01,SGD,1e-05,225,0.5270758122743683,0.6920868839536395,0.6929314950617348,5.899240136386652e-07,6.190524572957656e-07,2.9128422340818364e-08,41,-1
225,roberta-base,glue,rte,2,10,5,1.0,8,1,250,False,0.0,,SGD,0.9,0.01,SGD,1e-05,226,0.5270758122743683,0.6920832429613386,0.6890994133018866,1.0604234148559044e-06,1.0678594435376e-06,7.436017579465215e-09,41,-1
226,roberta-base,glue,rte,2,10,5,1.0,8,1,250,False,0.0,,SGD,0.9,0.01,SGD,1e-05,227,0.5270758122743683,0.6920793550355094,0.6989153431683052,1.1127060588478344e-06,1.189091449305124e-06,7.638539045728977e-08,41,-1
227,roberta-base,glue,rte,2,10,5,1.0,8,1,250,False,0.0,,SGD,0.9,0.01,SGD,1e-05,228,0.5270758122743683,0.6920757293701172,0.6889969090136087,7.061599376356753e-07,7.151774070734973e-07,9.017494306817753e-09,41,-1
228,roberta-base,glue,rte,2,10,5,1.0,8,1,250,False,0.0,,SGD,0.9,0.01,SGD,1e-05,229,0.5270758122743683,0.6920709456716265,0.7087474538058769,1.4632605598308146e-06,1.91633876056585e-06,4.530781723133259e-07,41,-1
229,roberta-base,glue,rte,2,10,5,1.0,8,1,250,False,0.0,,SGD,0.9,0.01,SGD,1e-05,230,0.5270758122743683,0.6920672689165388,0.677522000297904,5.4618453759758274e-08,1.304094752185847e-07,7.579102145882645e-08,32,-1
230,roberta-base,glue,rte,2,10,5,1.0,8,1,250,False,0.0,,SGD,0.9,0.01,SGD,1e-05,231,0.5270758122743683,0.6920633792877198,0.6963308974010187,9.958991995517863e-07,1.0726455457188422e-06,7.674636748333796e-08,41,-1
231,roberta-base,glue,rte,2,10,5,1.0,8,1,250,False,0.0,,SGD,0.9,0.01,SGD,1e-05,232,0.5270758122743683,0.6920598302568708,0.6877145834085419,8.496970735905052e-07,8.553876114092418e-07,5.690514726097717e-09,41,-1
232,roberta-base,glue,rte,2,10,5,1.0,8,1,250,False,0.0,,SGD,0.9,0.01,SGD,1e-05,233,0.5270758122743683,0.6920551538467408,0.7071770449964012,1.386694975735736e-06,1.8323268022868435e-06,4.456318265511072e-07,41,-1
233,roberta-base,glue,rte,2,10,5,1.0,8,1,250,False,0.0,,SGD,0.9,0.01,SGD,1e-05,234,0.5270758122743683,0.6920515605381556,0.6791511319577694,3.413382643202567e-08,1.1130247656865323e-07,7.716865013662756e-08,32,-1
234,roberta-base,glue,rte,2,10,5,1.0,8,1,250,False,0.0,,SGD,0.9,0.01,SGD,1e-05,235,0.5270758122743683,0.6920488800321306,0.6780614741146564,8.844966004062371e-08,1.5276236808858815e-07,6.43127080479644e-08,32,-1
235,roberta-base,glue,rte,2,10,5,1.0,8,1,250,False,0.0,,SGD,0.9,0.01,SGD,1e-05,236,0.5270758122743683,0.692045077255794,0.7072594029147451,1.3175344975024927e-06,1.714045765766059e-06,3.9651121142014745e-07,41,-1
236,roberta-base,glue,rte,2,10,5,1.0,8,1,250,False,0.0,,SGD,0.9,0.01,SGD,1e-05,237,0.5270758122743683,0.6920412489346095,0.6942126660812191,1.2872715160483494e-06,1.3277311836645822e-06,4.0459649852664377e-08,41,-1
237,roberta-base,glue,rte,2,10,5,1.0,8,1,250,False,0.0,,SGD,0.9,0.01,SGD,1e-05,238,0.5270758122743683,0.692037604536329,0.6888292016052618,6.793742954869231e-07,6.922388706698257e-07,1.2864601828255218e-08,41,-1
238,roberta-base,glue,rte,2,10,5,1.0,8,1,250,False,0.0,,SGD,0.9,0.01,SGD,1e-05,239,0.5270758122743683,0.6920340963772365,0.6919627207081491,5.270695169201645e-07,5.453424023471598e-07,1.8272878321567987e-08,41,-1
239,roberta-base,glue,rte,2,10,5,1.0,8,1,250,False,0.0,,SGD,0.9,0.01,SGD,1e-05,240,0.5270758122743683,0.6920306103570121,0.6917667167942698,1.272716986022715e-06,1.3052134590907372e-06,3.2496515700586315e-08,41,-1
240,roberta-base,glue,rte,2,10,5,1.0,8,1,250,False,0.0,,SGD,0.9,0.01,SGD,1e-05,241,0.5270758122743683,0.6920278412955148,0.6812776282429696,6.16002324704823e-08,9.25011249819363e-08,3.0900888958740325e-08,32,-1
241,roberta-base,glue,rte,2,10,5,1.0,8,1,250,False,0.0,,SGD,0.9,0.01,SGD,1e-05,242,0.5270758122743683,0.6920240862028939,0.7046684189540585,1.3551314168580577e-06,1.698690198281838e-06,3.435588098454901e-07,41,-1
242,roberta-base,glue,rte,2,10,5,1.0,8,1,250,False,0.0,,SGD,0.9,0.01,SGD,1e-05,243,0.5270758122743683,0.6920204588345119,0.6943847356773005,7.117255336197559e-07,7.276875635398028e-07,1.5962022814619562e-08,41,-1
243,roberta-base,glue,rte,2,10,5,1.0,8,1,250,False,0.0,,SGD,0.9,0.01,SGD,1e-05,244,0.5270758122743683,0.692016921724592,0.692850800839866,1.2569296359288271e-06,1.2800268223145397e-06,2.3097136647720617e-08,41,-1
244,roberta-base,glue,rte,2,10,5,1.0,8,1,250,False,0.0,,SGD,0.9,0.01,SGD,1e-05,245,0.5270758122743683,0.6920123372759138,0.7084513169963186,1.3765823041467229e-06,1.8035092352874928e-06,4.269269879841886e-07,41,-1
245,roberta-base,glue,rte,2,10,5,1.0,8,1,250,False,0.0,,SGD,0.9,0.01,SGD,1e-05,246,0.5270758122743683,0.6920088836124965,0.6748166665434837,5.6747381904642686e-08,1.5700722144629253e-07,1.0025983954164985e-07,32,-1
246,roberta-base,glue,rte,2,10,5,1.0,8,1,250,False,0.0,,SGD,0.9,0.01,SGD,1e-05,247,0.5270758122743683,0.692004999092647,0.6991129194817892,9.833630656430614e-07,1.13318242256355e-06,1.4981934270963393e-07,41,-1
247,roberta-base,glue,rte,2,10,5,1.0,8,1,250,False,0.0,,SGD,0.9,0.01,SGD,1e-05,248,0.5270758122743683,0.69200165612357,0.6862193773432476,8.104816515697166e-07,8.194567158170685e-07,8.975051812853962e-09,41,-1
248,roberta-base,glue,rte,2,10,5,1.0,8,1,250,False,0.0,,SGD,0.9,0.01,SGD,1e-05,249,0.5270758122743683,0.6919975076402937,0.7046573822091264,1.439459083485417e-06,1.7337382587356842e-06,2.942791752502672e-07,41,-1
249,roberta-base,glue,rte,2,10,5,1.0,8,1,250,False,0.0,,SGD,0.9,0.01,SGD,1e-05,250,0.5270758122743683,0.6919943571090699,0.6778701528906822,5.253156842854879e-08,1.343696709454889e-07,8.183810251694014e-08,32,-1
